id,pesid,data_inversa,dia_semana,horario,uf,br,km,municipio,causa_principal,causa_acidente,ordem_tipo_acidente,tipo_acidente,classificacao_acidente,fase_dia,sentido_via,condicao_metereologica,tipo_pista,tracado_via,uso_solo,id_veiculo,tipo_veiculo,marca,ano_fabricacao_veiculo,tipo_envolvido,estado_fisico,idade,sexo,ilesos,feridos_leves,feridos_graves,mortos,latitude,longitude,regional,delegacia,uop
655242.0,1475342.0,15/01/2025,quarta-feira,13:25:00,PR,376.0,"663,9",GUARATUBA,Sim,Acessar a via sem observar a presença dos outros veículos,1.0,Colisão lateral mesmo sentido,Sem Vítimas,Pleno dia,Crescente,Nublado,Dupla,Interseção de Vias;Declive;Curva,Não,1178194.0,Motocicleta,Não Informado/Não Informado,0.0,Condutor,Ileso,15.0,Masculino,1.0,0.0,0.0,0.0,"-25,85276631","-48,97556799",SPRF-PR,DEL01-PR,UOP04-DEL01-PR
655247.0,1475297.0,15/01/2025,quarta-feira,13:45:00,PR,369.0,138,IBIPORA,Sim,Acessar a via sem observar a presença dos outros veículos,3.0,Queda de ocupante de veículo,Com Vítimas Feridas,Pleno dia,Decrescente,Céu Claro,Simples,Curva,Sim,1178111.0,Motocicleta,HONDA/CG 160 TITAN,2019.0,Passageiro,Lesões Leves,15.0,Feminino,0.0,1.0,0.0,0.0,"-23,27347307","-51,05330163",SPRF-PR,DEL07-PR,UOP01-DEL07-PR
655247.0,1475297.0,15/01/2025,quarta-feira,13:45:00,PR,369.0,138,IBIPORA,Sim,Acessar a via sem observar a presença dos outros veículos,2.0,Tombamento,Com Vítimas Feridas,Pleno dia,Decrescente,Céu Claro,Simples,Curva,Sim,1178111.0,Motocicleta,HONDA/CG 160 TITAN,2019.0,Passageiro,Lesões Leves,15.0,Feminino,0.0,1.0,0.0,0.0,"-23,27347307","-51,05330163",SPRF-PR,DEL07-PR,UOP01-DEL07-PR
655247.0,1475297.0,15/01/2025,quarta-feira,13:45:00,PR,369.0,138,IBIPORA,Sim,Acessar a via sem observar a presença dos outros veículos,1.0,Colisão transversal,Com Vítimas Feridas,Pleno dia,Decrescente,Céu Claro,Simples,Curva,Sim,1178111.0,Motocicleta,HONDA/CG 160 TITAN,2019.0,Passageiro,Lesões Leves,15.0,Feminino,0.0,1.0,0.0,0.0,"-23,27347307","-51,05330163",SPRF-PR,DEL07-PR,UOP01-DEL07-PR
655313.0,1477563.0,15/01/2025,quarta-feira,19:50:00,PR,116.0,62,CAMPINA GRANDE DO SUL,Sim,Acessar a via sem observar a presença dos outros veículos,3.0,Colisão traseira,Com Vítimas Feridas,Plena Noite,Crescente,Chuva,Dupla,Aclive;Retorno Regulamentado,Não,1178328.0,Automóvel,GM/ASTRA GL,2000.0,Passageiro,Ileso,8.0,Feminino,1.0,0.0,0.0,0.0,"-25,30561332","-48,9732999",SPRF-PR,DEL01-PR,UOP02-DEL01-PR
655313.0,1477563.0,15/01/2025,quarta-feira,19:50:00,PR,116.0,62,CAMPINA GRANDE DO SUL,Sim,Acessar a via sem observar a presença dos outros veículos,2.0,Colisão lateral sentido oposto,Com Vítimas Feridas,Plena Noite,Crescente,Chuva,Dupla,Aclive;Retorno Regulamentado,Não,1178328.0,Automóvel,GM/ASTRA GL,2000.0,Passageiro,Ileso,8.0,Feminino,1.0,0.0,0.0,0.0,"-25,30561332","-48,9732999",SPRF-PR,DEL01-PR,UOP02-DEL01-PR
655313.0,1477563.0,15/01/2025,quarta-feira,19:50:00,PR,116.0,62,CAMPINA GRANDE DO SUL,Sim,Acessar a via sem observar a presença dos outros veículos,1.0,Colisão transversal,Com Vítimas Feridas,Plena Noite,Crescente,Chuva,Dupla,Aclive;Retorno Regulamentado,Não,1178328.0,Automóvel,GM/ASTRA GL,2000.0,Passageiro,Ileso,8.0,Feminino,1.0,0.0,0.0,0.0,"-25,30561332","-48,9732999",SPRF-PR,DEL01-PR,UOP02-DEL01-PR
655337.0,1479951.0,15/01/2025,quarta-feira,22:50:00,PR,116.0,116,CURITIBA,Sim,Ausência de reação do condutor,1.0,Colisão traseira,Com Vítimas Feridas,Plena Noite,Crescente,Céu Claro,Simples,Reta,Sim,1181274.0,Automóvel,VW/FOX 1.0,2009.0,Passageiro,Lesões Graves,7.0,Feminino,0.0,0.0,1.0,0.0,"-25,56083937","-49,3080622",SPRF-PR,DEL01-PR,UOP03-DEL01-PR
655340.0,1475487.0,15/01/2025,quarta-feira,20:44:00,PR,277.0,"436,1",VIRMOND,Sim,Velocidade Incompatível,2.0,Saída de leito carroçável,Com Vítimas Feridas,Plena Noite,Decrescente,Céu Claro,Simples,Declive;Curva,Não,1178304.0,Caminhão-trator,SCANIA/R450 A6X2,2023.0,Passageiro,Ileso,14.0,Feminino,1.0,0.0,0.0,0.0,"-25,37702748","-52,25432396",SPRF-PR,DEL04-PR,UOP02-DEL04-PR
655340.0,1475486.0,15/01/2025,quarta-feira,20:44:00,PR,277.0,"436,1",VIRMOND,Sim,Velocidade Incompatível,2.0,Saída de leito carroçável,Com Vítimas Feridas,Plena Noite,Decrescente,Céu Claro,Simples,Declive;Curva,Não,1178304.0,Caminhão-trator,SCANIA/R450 A6X2,2023.0,Passageiro,Ileso,10.0,Masculino,1.0,0.0,0.0,0.0,"-25,37702748","-52,25432396",SPRF-PR,DEL04-PR,UOP02-DEL04-PR
655340.0,1475487.0,15/01/2025,quarta-feira,20:44:00,PR,277.0,"436,1",VIRMOND,Sim,Velocidade Incompatível,1.0,Tombamento,Com Vítimas Feridas,Plena Noite,Decrescente,Céu Claro,Simples,Declive;Curva,Não,1178304.0,Caminhão-trator,SCANIA/R450 A6X2,2023.0,Passageiro,Ileso,14.0,Feminino,1.0,0.0,0.0,0.0,"-25,37702748","-52,25432396",SPRF-PR,DEL04-PR,UOP02-DEL04-PR
655340.0,1475486.0,15/01/2025,quarta-feira,20:44:00,PR,277.0,"436,1",VIRMOND,Sim,Velocidade Incompatível,1.0,Tombamento,Com Vítimas Feridas,Plena Noite,Decrescente,Céu Claro,Simples,Declive;Curva,Não,1178304.0,Caminhão-trator,SCANIA/R450 A6X2,2023.0,Passageiro,Ileso,10.0,Masculino,1.0,0.0,0.0,0.0,"-25,37702748","-52,25432396",SPRF-PR,DEL04-PR,UOP02-DEL04-PR
655488.0,1475931.0,16/01/2025,quinta-feira,17:50:00,PR,116.0,"59,5",CAMPINA GRANDE DO SUL,Não,Velocidade Incompatível,1.0,Colisão com objeto,Com Vítimas Feridas,Pleno dia,Crescente,Chuva,Dupla,Reta,Não,1178658.0,Caminhão-trator,DAF/CF85 FTS 410A,2017.0,Passageiro,Lesões Leves,11.0,Masculino,0.0,1.0,0.0,0.0,"-25,30502152","-48,95008922",SPRF-PR,DEL01-PR,UOP02-DEL01-PR
655488.0,1475931.0,16/01/2025,quinta-feira,17:50:00,PR,116.0,"59,5",CAMPINA GRANDE DO SUL,Não,Pista Escorregadia,1.0,Colisão com objeto,Com Vítimas Feridas,Pleno dia,Crescente,Chuva,Dupla,Reta,Não,1178658.0,Caminhão-trator,DAF/CF85 FTS 410A,2017.0,Passageiro,Lesões Leves,11.0,Masculino,0.0,1.0,0.0,0.0,"-25,30502152","-48,95008922",SPRF-PR,DEL01-PR,UOP02-DEL01-PR
655488.0,1475931.0,16/01/2025,quinta-feira,17:50:00,PR,116.0,"59,5",CAMPINA GRANDE DO SUL,Não,Chuva,1.0,Colisão com objeto,Com Vítimas Feridas,Pleno dia,Crescente,Chuva,Dupla,Reta,Não,1178658.0,Caminhão-trator,DAF/CF85 FTS 410A,2017.0,Passageiro,Lesões Leves,11.0,Masculino,0.0,1.0,0.0,0.0,"-25,30502152","-48,95008922",SPRF-PR,DEL01-PR,UOP02-DEL01-PR
655488.0,1475931.0,16/01/2025,quinta-feira,17:50:00,PR,116.0,"59,5",CAMPINA GRANDE DO SUL,Sim,Reação tardia ou ineficiente do condutor,1.0,Colisão com objeto,Com Vítimas Feridas,Pleno dia,Crescente,Chuva,Dupla,Reta,Não,1178658.0,Caminhão-trator,DAF/CF85 FTS 410A,2017.0,Passageiro,Lesões Leves,11.0,Masculino,0.0,1.0,0.0,0.0,"-25,30502152","-48,95008922",SPRF-PR,DEL01-PR,UOP02-DEL01-PR
655688.0,1476605.0,17/01/2025,sexta-feira,17:00:00,PR,280.0,"280,5",FLOR DA SERRA DO SUL,Sim,Ultrapassagem Indevida,1.0,Saída de leito carroçável,Com Vítimas Feridas,Pleno dia,Decrescente,Céu Claro,Simples,Reta,Não,1179026.0,Caminhonete,IMP/TOYOTA HILUX 4X2 CD,2014.0,Passageiro,Ileso,16.0,Masculino,1.0,0.0,0.0,0.0,"-26,24539005","-53,22355706",SPRF-PR,DEL02-PR,UOP01-DEL02-PR
655746.0,1478779.0,17/01/2025,sexta-feira,18:35:00,PR,277.0,"509,7",GUARANIACU,Sim,Ingestão de álcool pelo condutor,2.0,Saída de leito carroçável,Com Vítimas Fatais,Anoitecer,Crescente,Céu Claro,Simples,Reta,Não,1180432.0,Automóvel,RENAULT/SANDERO AUT1016V,2010.0,Passageiro,Lesões Graves,9.0,Masculino,0.0,0.0,1.0,0.0,"-25,12162365","-52,77960777",SPRF-PR,DEL04-PR,UOP04-DEL04-PR
655746.0,1478779.0,17/01/2025,sexta-feira,18:35:00,PR,277.0,"509,7",GUARANIACU,Sim,Ingestão de álcool pelo condutor,1.0,Colisão frontal,Com Vítimas Fatais,Anoitecer,Crescente,Céu Claro,Simples,Reta,Não,1180432.0,Automóvel,RENAULT/SANDERO AUT1016V,2010.0,Passageiro,Lesões Graves,9.0,Masculino,0.0,0.0,1.0,0.0,"-25,12162365","-52,77960777",SPRF-PR,DEL04-PR,UOP04-DEL04-PR
655803.0,1476922.0,18/01/2025,sábado,07:30:00,PR,116.0,38,CAMPINA GRANDE DO SUL,Não,Pista Escorregadia,2.0,Colisão com objeto,Com Vítimas Feridas,Pleno dia,Decrescente,Chuva,Dupla,Curva,Não,1179221.0,Automóvel,VW/NOVO FOX HL MD,2015.0,Passageiro,Lesões Leves,15.0,Feminino,0.0,1.0,0.0,0.0,"-25,14802509","-48,85922071",SPRF-PR,DEL01-PR,UOP02-DEL01-PR
655803.0,1476922.0,18/01/2025,sábado,07:30:00,PR,116.0,38,CAMPINA GRANDE DO SUL,Não,Pista Escorregadia,1.0,Saída de leito carroçável,Com Vítimas Feridas,Pleno dia,Decrescente,Chuva,Dupla,Curva,Não,1179221.0,Automóvel,VW/NOVO FOX HL MD,2015.0,Passageiro,Lesões Leves,15.0,Feminino,0.0,1.0,0.0,0.0,"-25,14802509","-48,85922071",SPRF-PR,DEL01-PR,UOP02-DEL01-PR
655803.0,1476922.0,18/01/2025,sábado,07:30:00,PR,116.0,38,CAMPINA GRANDE DO SUL,Sim,Ausência de reação do condutor,2.0,Colisão com objeto,Com Vítimas Feridas,Pleno dia,Decrescente,Chuva,Dupla,Curva,Não,1179221.0,Automóvel,VW/NOVO FOX HL MD,2015.0,Passageiro,Lesões Leves,15.0,Feminino,0.0,1.0,0.0,0.0,"-25,14802509","-48,85922071",SPRF-PR,DEL01-PR,UOP02-DEL01-PR
655803.0,1476922.0,18/01/2025,sábado,07:30:00,PR,116.0,38,CAMPINA GRANDE DO SUL,Sim,Ausência de reação do condutor,1.0,Saída de leito carroçável,Com Vítimas Feridas,Pleno dia,Decrescente,Chuva,Dupla,Curva,Não,1179221.0,Automóvel,VW/NOVO FOX HL MD,2015.0,Passageiro,Lesões Leves,15.0,Feminino,0.0,1.0,0.0,0.0,"-25,14802509","-48,85922071",SPRF-PR,DEL01-PR,UOP02-DEL01-PR
655918.0,1479541.0,18/01/2025,sábado,20:40:00,PR,369.0,177,ROLANDIA,Sim,Velocidade Incompatível,2.0,Saída de leito carroçável,Com Vítimas Fatais,Plena Noite,Crescente,Céu Claro,Dupla,Reta,Não,1179418.0,Automóvel,VW/GOL 1.0 GIV,2011.0,Passageiro,Lesões Graves,1.0,Feminino,0.0,0.0,1.0,0.0,"-23,3515303","-51,3882399",SPRF-PR,DEL07-PR,UOP01-DEL07-PR
655918.0,1479541.0,18/01/2025,sábado,20:40:00,PR,369.0,177,ROLANDIA,Sim,Velocidade Incompatível,1.0,Colisão com objeto,Com Vítimas Fatais,Plena Noite,Crescente,Céu Claro,Dupla,Reta,Não,1179418.0,Automóvel,VW/GOL 1.0 GIV,2011.0,Passageiro,Lesões Graves,1.0,Feminino,0.0,0.0,1.0,0.0,"-23,3515303","-51,3882399",SPRF-PR,DEL07-PR,UOP01-DEL07-PR
655950.0,1477295.0,18/01/2025,sábado,23:21:00,PR,469.0,13,FOZ DO IGUACU,Não,Deficiência do Sistema de Iluminação/Sinalização,1.0,Engavetamento,Sem Vítimas,Plena Noite,Crescente,Ignorado,Simples,Reta,Sim,1179468.0,Camioneta,JEEP/COMPASS LONGITUDE F,2020.0,Passageiro,Ileso,16.0,Masculino,1.0,0.0,0.0,0.0,"-25,5754","-54,5489",SPRF-PR,DEL05-PR,UOP04-DEL05-PR
655950.0,1477294.0,18/01/2025,sábado,23:21:00,PR,469.0,13,FOZ DO IGUACU,Não,Deficiência do Sistema de Iluminação/Sinalização,1.0,Engavetamento,Sem Vítimas,Plena Noite,Crescente,Ignorado,Simples,Reta,Sim,1179468.0,Camioneta,JEEP/COMPASS LONGITUDE F,2020.0,Passageiro,Ileso,14.0,Feminino,1.0,0.0,0.0,0.0,"-25,5754","-54,5489",SPRF-PR,DEL05-PR,UOP04-DEL05-PR
655950.0,1477292.0,18/01/2025,sábado,23:21:00,PR,469.0,13,FOZ DO IGUACU,Não,Deficiência do Sistema de Iluminação/Sinalização,1.0,Engavetamento,Sem Vítimas,Plena Noite,Crescente,Ignorado,Simples,Reta,Sim,1179467.0,Utilitário,I/CHEV TRACKER LTZ MT,2021.0,Passageiro,Ileso,13.0,Feminino,1.0,0.0,0.0,0.0,"-25,5754","-54,5489",SPRF-PR,DEL05-PR,UOP04-DEL05-PR
655950.0,1477291.0,18/01/2025,sábado,23:21:00,PR,469.0,13,FOZ DO IGUACU,Não,Deficiência do Sistema de Iluminação/Sinalização,1.0,Engavetamento,Sem Vítimas,Plena Noite,Crescente,Ignorado,Simples,Reta,Sim,1179467.0,Utilitário,I/CHEV TRACKER LTZ MT,2021.0,Passageiro,Ileso,9.0,Feminino,1.0,0.0,0.0,0.0,"-25,5754","-54,5489",SPRF-PR,DEL05-PR,UOP04-DEL05-PR
655950.0,1477295.0,18/01/2025,sábado,23:21:00,PR,469.0,13,FOZ DO IGUACU,Não,Velocidade Incompatível,1.0,Engavetamento,Sem Vítimas,Plena Noite,Crescente,Ignorado,Simples,Reta,Sim,1179468.0,Camioneta,JEEP/COMPASS LONGITUDE F,2020.0,Passageiro,Ileso,16.0,Masculino,1.0,0.0,0.0,0.0,"-25,5754","-54,5489",SPRF-PR,DEL05-PR,UOP04-DEL05-PR
655950.0,1477294.0,18/01/2025,sábado,23:21:00,PR,469.0,13,FOZ DO IGUACU,Não,Velocidade Incompatível,1.0,Engavetamento,Sem Vítimas,Plena Noite,Crescente,Ignorado,Simples,Reta,Sim,1179468.0,Camioneta,JEEP/COMPASS LONGITUDE F,2020.0,Passageiro,Ileso,14.0,Feminino,1.0,0.0,0.0,0.0,"-25,5754","-54,5489",SPRF-PR,DEL05-PR,UOP04-DEL05-PR
655950.0,1477292.0,18/01/2025,sábado,23:21:00,PR,469.0,13,FOZ DO IGUACU,Não,Velocidade Incompatível,1.0,Engavetamento,Sem Vítimas,Plena Noite,Crescente,Ignorado,Simples,Reta,Sim,1179467.0,Utilitário,I/CHEV TRACKER LTZ MT,2021.0,Passageiro,Ileso,13.0,Feminino,1.0,0.0,0.0,0.0,"-25,5754","-54,5489",SPRF-PR,DEL05-PR,UOP04-DEL05-PR
655950.0,1477291.0,18/01/2025,sábado,23:21:00,PR,469.0,13,FOZ DO IGUACU,Não,Velocidade Incompatível,1.0,Engavetamento,Sem Vítimas,Plena Noite,Crescente,Ignorado,Simples,Reta,Sim,1179467.0,Utilitário,I/CHEV TRACKER LTZ MT,2021.0,Passageiro,Ileso,9.0,Feminino,1.0,0.0,0.0,0.0,"-25,5754","-54,5489",SPRF-PR,DEL05-PR,UOP04-DEL05-PR
655950.0,1477295.0,18/01/2025,sábado,23:21:00,PR,469.0,13,FOZ DO IGUACU,Não,Ausência de reação do condutor,1.0,Engavetamento,Sem Vítimas,Plena Noite,Crescente,Ignorado,Simples,Reta,Sim,1179468.0,Camioneta,JEEP/COMPASS LONGITUDE F,2020.0,Passageiro,Ileso,16.0,Masculino,1.0,0.0,0.0,0.0,"-25,5754","-54,5489",SPRF-PR,DEL05-PR,UOP04-DEL05-PR
655950.0,1477294.0,18/01/2025,sábado,23:21:00,PR,469.0,13,FOZ DO IGUACU,Não,Ausência de reação do condutor,1.0,Engavetamento,Sem Vítimas,Plena Noite,Crescente,Ignorado,Simples,Reta,Sim,1179468.0,Camioneta,JEEP/COMPASS LONGITUDE F,2020.0,Passageiro,Ileso,14.0,Feminino,1.0,0.0,0.0,0.0,"-25,5754","-54,5489",SPRF-PR,DEL05-PR,UOP04-DEL05-PR
655950.0,1477292.0,18/01/2025,sábado,23:21:00,PR,469.0,13,FOZ DO IGUACU,Não,Ausência de reação do condutor,1.0,Engavetamento,Sem Vítimas,Plena Noite,Crescente,Ignorado,Simples,Reta,Sim,1179467.0,Utilitário,I/CHEV TRACKER LTZ MT,2021.0,Passageiro,Ileso,13.0,Feminino,1.0,0.0,0.0,0.0,"-25,5754","-54,5489",SPRF-PR,DEL05-PR,UOP04-DEL05-PR
655950.0,1477291.0,18/01/2025,sábado,23:21:00,PR,469.0,13,FOZ DO IGUACU,Não,Ausência de reação do condutor,1.0,Engavetamento,Sem Vítimas,Plena Noite,Crescente,Ignorado,Simples,Reta,Sim,1179467.0,Utilitário,I/CHEV TRACKER LTZ MT,2021.0,Passageiro,Ileso,9.0,Feminino,1.0,0.0,0.0,0.0,"-25,5754","-54,5489",SPRF-PR,DEL05-PR,UOP04-DEL05-PR
655950.0,1477295.0,18/01/2025,sábado,23:21:00,PR,469.0,13,FOZ DO IGUACU,Sim,Ingestão de álcool pelo condutor,1.0,Engavetamento,Sem Vítimas,Plena Noite,Crescente,Ignorado,Simples,Reta,Sim,1179468.0,Camioneta,JEEP/COMPASS LONGITUDE F,2020.0,Passageiro,Ileso,16.0,Masculino,1.0,0.0,0.0,0.0,"-25,5754","-54,5489",SPRF-PR,DEL05-PR,UOP04-DEL05-PR
655950.0,1477294.0,18/01/2025,sábado,23:21:00,PR,469.0,13,FOZ DO IGUACU,Sim,Ingestão de álcool pelo condutor,1.0,Engavetamento,Sem Vítimas,Plena Noite,Crescente,Ignorado,Simples,Reta,Sim,1179468.0,Camioneta,JEEP/COMPASS LONGITUDE F,2020.0,Passageiro,Ileso,14.0,Feminino,1.0,0.0,0.0,0.0,"-25,5754","-54,5489",SPRF-PR,DEL05-PR,UOP04-DEL05-PR
655950.0,1477292.0,18/01/2025,sábado,23:21:00,PR,469.0,13,FOZ DO IGUACU,Sim,Ingestão de álcool pelo condutor,1.0,Engavetamento,Sem Vítimas,Plena Noite,Crescente,Ignorado,Simples,Reta,Sim,1179467.0,Utilitário,I/CHEV TRACKER LTZ MT,2021.0,Passageiro,Ileso,13.0,Feminino,1.0,0.0,0.0,0.0,"-25,5754","-54,5489",SPRF-PR,DEL05-PR,UOP04-DEL05-PR
655950.0,1477291.0,18/01/2025,sábado,23:21:00,PR,469.0,13,FOZ DO IGUACU,Sim,Ingestão de álcool pelo condutor,1.0,Engavetamento,Sem Vítimas,Plena Noite,Crescente,Ignorado,Simples,Reta,Sim,1179467.0,Utilitário,I/CHEV TRACKER LTZ MT,2021.0,Passageiro,Ileso,9.0,Feminino,1.0,0.0,0.0,0.0,"-25,5754","-54,5489",SPRF-PR,DEL05-PR,UOP04-DEL05-PR
656073.0,1477589.0,19/01/2025,domingo,14:15:00,PR,376.0,"445,3",TIBAGI,Sim,Chuva,2.0,Tombamento,Com Vítimas Feridas,Pleno dia,Crescente,Chuva,Dupla,Curva;Declive,Não,1179652.0,Automóvel,TOYOTA/ETIOS SD XLS,2013.0,Passageiro,Lesões Leves,10.0,Masculino,0.0,1.0,0.0,0.0,"-24,84947954","-50,47309757",SPRF-PR,DEL03-PR,UOP02-DEL03-PR
656073.0,1477589.0,19/01/2025,domingo,14:15:00,PR,376.0,"445,3",TIBAGI,Sim,Chuva,1.0,Saída de leito carroçável,Com Vítimas Feridas,Pleno dia,Crescente,Chuva,Dupla,Curva;Declive,Não,1179652.0,Automóvel,TOYOTA/ETIOS SD XLS,2013.0,Passageiro,Lesões Leves,10.0,Masculino,0.0,1.0,0.0,0.0,"-24,84947954","-50,47309757",SPRF-PR,DEL03-PR,UOP02-DEL03-PR
656266.0,1480028.0,20/01/2025,segunda-feira,13:00:00,PR,116.0,"114,5",CURITIBA,Sim,Acessar a via sem observar a presença dos outros veículos,3.0,Capotamento,Com Vítimas Feridas,Pleno dia,Decrescente,Garoa/Chuvisco,Múltipla,Reta,Sim,1180059.0,Automóvel,HYUNDAI/TUCSON TURBO LTD,2020.0,Passageiro,Lesões Leves,9.0,Feminino,0.0,1.0,0.0,0.0,"-25,54501352","-49,29991901",SPRF-PR,DEL01-PR,UOP03-DEL01-PR
656266.0,1480028.0,20/01/2025,segunda-feira,13:00:00,PR,116.0,"114,5",CURITIBA,Sim,Acessar a via sem observar a presença dos outros veículos,2.0,Saída de leito carroçável,Com Vítimas Feridas,Pleno dia,Decrescente,Garoa/Chuvisco,Múltipla,Reta,Sim,1180059.0,Automóvel,HYUNDAI/TUCSON TURBO LTD,2020.0,Passageiro,Lesões Leves,9.0,Feminino,0.0,1.0,0.0,0.0,"-25,54501352","-49,29991901",SPRF-PR,DEL01-PR,UOP03-DEL01-PR
656266.0,1480028.0,20/01/2025,segunda-feira,13:00:00,PR,116.0,"114,5",CURITIBA,Sim,Acessar a via sem observar a presença dos outros veículos,1.0,Colisão com objeto,Com Vítimas Feridas,Pleno dia,Decrescente,Garoa/Chuvisco,Múltipla,Reta,Sim,1180059.0,Automóvel,HYUNDAI/TUCSON TURBO LTD,2020.0,Passageiro,Lesões Leves,9.0,Feminino,0.0,1.0,0.0,0.0,"-25,54501352","-49,29991901",SPRF-PR,DEL01-PR,UOP03-DEL01-PR
656580.0,1480573.0,22/01/2025,quarta-feira,01:30:00,PR,116.0,46,CAMPINA GRANDE DO SUL,Não,Velocidade Incompatível,1.0,Capotamento,Com Vítimas Feridas,Plena Noite,Crescente,Céu Claro,Dupla,Curva,Não,1180695.0,Automóvel,RENAULT/SANDERO AUT 16,2009.0,Passageiro,Ileso,3.0,Masculino,1.0,0.0,0.0,0.0,"-25,20185401","-48,8962139",SPRF-PR,DEL01-PR,UOP02-DEL01-PR
656580.0,1480572.0,22/01/2025,quarta-feira,01:30:00,PR,116.0,46,CAMPINA GRANDE DO SUL,Não,Velocidade Incompatível,1.0,Capotamento,Com Vítimas Feridas,Plena Noite,Crescente,Céu Claro,Dupla,Curva,Não,1180695.0,Automóvel,RENAULT/SANDERO AUT 16,2009.0,Passageiro,Ileso,2.0,Feminino,1.0,0.0,0.0,0.0,"-25,20185401","-48,8962139",SPRF-PR,DEL01-PR,UOP02-DEL01-PR
656580.0,1480573.0,22/01/2025,quarta-feira,01:30:00,PR,116.0,46,CAMPINA GRANDE DO SUL,Não,Reação tardia ou ineficiente do condutor,1.0,Capotamento,Com Vítimas Feridas,Plena Noite,Crescente,Céu Claro,Dupla,Curva,Não,1180695.0,Automóvel,RENAULT/SANDERO AUT 16,2009.0,Passageiro,Ileso,3.0,Masculino,1.0,0.0,0.0,0.0,"-25,20185401","-48,8962139",SPRF-PR,DEL01-PR,UOP02-DEL01-PR
656580.0,1480572.0,22/01/2025,quarta-feira,01:30:00,PR,116.0,46,CAMPINA GRANDE DO SUL,Não,Reação tardia ou ineficiente do condutor,1.0,Capotamento,Com Vítimas Feridas,Plena Noite,Crescente,Céu Claro,Dupla,Curva,Não,1180695.0,Automóvel,RENAULT/SANDERO AUT 16,2009.0,Passageiro,Ileso,2.0,Feminino,1.0,0.0,0.0,0.0,"-25,20185401","-48,8962139",SPRF-PR,DEL01-PR,UOP02-DEL01-PR
656580.0,1480573.0,22/01/2025,quarta-feira,01:30:00,PR,116.0,46,CAMPINA GRANDE DO SUL,Sim,Condutor Dormindo,1.0,Capotamento,Com Vítimas Feridas,Plena Noite,Crescente,Céu Claro,Dupla,Curva,Não,1180695.0,Automóvel,RENAULT/SANDERO AUT 16,2009.0,Passageiro,Ileso,3.0,Masculino,1.0,0.0,0.0,0.0,"-25,20185401","-48,8962139",SPRF-PR,DEL01-PR,UOP02-DEL01-PR
656580.0,1480572.0,22/01/2025,quarta-feira,01:30:00,PR,116.0,46,CAMPINA GRANDE DO SUL,Sim,Condutor Dormindo,1.0,Capotamento,Com Vítimas Feridas,Plena Noite,Crescente,Céu Claro,Dupla,Curva,Não,1180695.0,Automóvel,RENAULT/SANDERO AUT 16,2009.0,Passageiro,Ileso,2.0,Feminino,1.0,0.0,0.0,0.0,"-25,20185401","-48,8962139",SPRF-PR,DEL01-PR,UOP02-DEL01-PR
656687.0,1480016.0,22/01/2025,quarta-feira,16:00:00,PR,277.0,156,PALMEIRA,Sim,Reação tardia ou ineficiente do condutor,3.0,Saída de leito carroçável,Com Vítimas Feridas,Pleno dia,Crescente,Céu Claro,Simples,Aclive;Reta,Não,1180930.0,Automóvel,FORD/KA FLEX,2011.0,Passageiro,Lesões Leves,14.0,Feminino,0.0,1.0,0.0,0.0,"-25,47298","-49,82104",SPRF-PR,DEL03-PR,UOP03-DEL03-PR
656687.0,1480016.0,22/01/2025,quarta-feira,16:00:00,PR,277.0,156,PALMEIRA,Sim,Reação tardia ou ineficiente do condutor,2.0,Capotamento,Com Vítimas Feridas,Pleno dia,Crescente,Céu Claro,Simples,Aclive;Reta,Não,1180930.0,Automóvel,FORD/KA FLEX,2011.0,Passageiro,Lesões Leves,14.0,Feminino,0.0,1.0,0.0,0.0,"-25,47298","-49,82104",SPRF-PR,DEL03-PR,UOP03-DEL03-PR
656687.0,1480016.0,22/01/2025,quarta-feira,16:00:00,PR,277.0,156,PALMEIRA,Sim,Reação tardia ou ineficiente do condutor,1.0,Colisão traseira,Com Vítimas Feridas,Pleno dia,Crescente,Céu Claro,Simples,Aclive;Reta,Não,1180930.0,Automóvel,FORD/KA FLEX,2011.0,Passageiro,Lesões Leves,14.0,Feminino,0.0,1.0,0.0,0.0,"-25,47298","-49,82104",SPRF-PR,DEL03-PR,UOP03-DEL03-PR
656697.0,1480730.0,22/01/2025,quarta-feira,17:00:00,PR,376.0,"299,4",MAUA DA SERRA,Sim,Velocidade Incompatível,1.0,Capotamento,Com Vítimas Feridas,Pleno dia,Decrescente,Chuva,Dupla,Curva,Não,1180979.0,Caminhonete,CHEVROLET/S10 LTZ DD4A,2023.0,Passageiro,Ileso,11.0,Masculino,1.0,0.0,0.0,0.0,"-23,93589703","-51,13894199",SPRF-PR,DEL07-PR,UOP02-DEL07-PR
656697.0,1480729.0,22/01/2025,quarta-feira,17:00:00,PR,376.0,"299,4",MAUA DA SERRA,Sim,Velocidade Incompatível,1.0,Capotamento,Com Vítimas Feridas,Pleno dia,Decrescente,Chuva,Dupla,Curva,Não,1180979.0,Caminhonete,CHEVROLET/S10 LTZ DD4A,2023.0,Passageiro,Ileso,12.0,Feminino,1.0,0.0,0.0,0.0,"-23,93589703","-51,13894199",SPRF-PR,DEL07-PR,UOP02-DEL07-PR
656911.0,1479817.0,23/01/2025,quinta-feira,18:00:00,PR,277.0,129,CAMPO LARGO,Sim,Problema com o freio,3.0,Colisão com objeto,Com Vítimas Feridas,Anoitecer,Decrescente,Céu Claro,Dupla,Reta,Sim,1181342.0,Caminhonete,MMC/L200 SPORT 4X4 HPE,2005.0,Passageiro,Lesões Leves,11.0,Feminino,0.0,1.0,0.0,0.0,"-25,444947","-49,565302",SPRF-PR,DEL03-PR,UOP03-DEL03-PR