id,pesid,data_inversa,dia_semana,horario,uf,br,km,municipio,causa_principal,causa_acidente,ordem_tipo_acidente,tipo_acidente,classificacao_acidente,fase_dia,sentido_via,condicao_metereologica,tipo_pista,tracado_via,uso_solo,id_veiculo,tipo_veiculo,marca,ano_fabricacao_veiculo,tipo_envolvido,estado_fisico,idade,sexo,ilesos,feridos_leves,feridos_graves,mortos,latitude,longitude,regional,delegacia,uop
659183.0,1485856.0,04/02/2025,terça-feira,08:00:00,PR,277.0,136,BALSA NOVA,Não,Reação tardia ou ineficiente do condutor,2.0,Capotamento,Com Vítimas Feridas,Pleno dia,Decrescente,Chuva,Dupla,Curva,Não,1185647.0,Caminhonete,NISSAN/FRONTIER SVATK4XA,2016.0,Passageiro,Ileso,15.0,Feminino,1.0,0.0,0.0,0.0,"-25,47830225","-49,64382648",SPRF-PR,DEL03-PR,UOP03-DEL03-PR
659183.0,1485856.0,04/02/2025,terça-feira,08:00:00,PR,277.0,136,BALSA NOVA,Não,Reação tardia ou ineficiente do condutor,1.0,Colisão lateral mesmo sentido,Com Vítimas Feridas,Pleno dia,Decrescente,Chuva,Dupla,Curva,Não,1185647.0,Caminhonete,NISSAN/FRONTIER SVATK4XA,2016.0,Passageiro,Ileso,15.0,Feminino,1.0,0.0,0.0,0.0,"-25,47830225","-49,64382648",SPRF-PR,DEL03-PR,UOP03-DEL03-PR
659183.0,1485856.0,04/02/2025,terça-feira,08:00:00,PR,277.0,136,BALSA NOVA,Não,Velocidade Incompatível,2.0,Capotamento,Com Vítimas Feridas,Pleno dia,Decrescente,Chuva,Dupla,Curva,Não,1185647.0,Caminhonete,NISSAN/FRONTIER SVATK4XA,2016.0,Passageiro,Ileso,15.0,Feminino,1.0,0.0,0.0,0.0,"-25,47830225","-49,64382648",SPRF-PR,DEL03-PR,UOP03-DEL03-PR
659183.0,1485856.0,04/02/2025,terça-feira,08:00:00,PR,277.0,136,BALSA NOVA,Não,Velocidade Incompatível,1.0,Colisão lateral mesmo sentido,Com Vítimas Feridas,Pleno dia,Decrescente,Chuva,Dupla,Curva,Não,1185647.0,Caminhonete,NISSAN/FRONTIER SVATK4XA,2016.0,Passageiro,Ileso,15.0,Feminino,1.0,0.0,0.0,0.0,"-25,47830225","-49,64382648",SPRF-PR,DEL03-PR,UOP03-DEL03-PR
659183.0,1485856.0,04/02/2025,terça-feira,08:00:00,PR,277.0,136,BALSA NOVA,Sim,Pista Escorregadia,2.0,Capotamento,Com Vítimas Feridas,Pleno dia,Decrescente,Chuva,Dupla,Curva,Não,1185647.0,Caminhonete,NISSAN/FRONTIER SVATK4XA,2016.0,Passageiro,Ileso,15.0,Feminino,1.0,0.0,0.0,0.0,"-25,47830225","-49,64382648",SPRF-PR,DEL03-PR,UOP03-DEL03-PR
659183.0,1485856.0,04/02/2025,terça-feira,08:00:00,PR,277.0,136,BALSA NOVA,Sim,Pista Escorregadia,1.0,Colisão lateral mesmo sentido,Com Vítimas Feridas,Pleno dia,Decrescente,Chuva,Dupla,Curva,Não,1185647.0,Caminhonete,NISSAN/FRONTIER SVATK4XA,2016.0,Passageiro,Ileso,15.0,Feminino,1.0,0.0,0.0,0.0,"-25,47830225","-49,64382648",SPRF-PR,DEL03-PR,UOP03-DEL03-PR
659425.0,1486620.0,05/02/2025,quarta-feira,13:40:00,PR,277.0,"576,9",CASCAVEL,Sim,Demais falhas mecânicas ou elétricas,1.0,Tombamento,Com Vítimas Feridas,Pleno dia,Decrescente,Sol,Dupla,Reta,Não,1186111.0,Motocicleta,HONDA/CG 125 FAN,2008.0,Passageiro,Lesões Leves,15.0,Feminino,0.0,1.0,0.0,0.0,"-24,98692731","-53,33030208",SPRF-PR,DEL04-PR,UOP01-DEL04-PR
659474.0,1486549.0,05/02/2025,quarta-feira,17:30:00,PR,277.0,"433,9",VIRMOND,Sim,Velocidade Incompatível,1.0,Capotamento,Com Vítimas Feridas,Pleno dia,Crescente,Chuva,Simples,Curva,Não,1186214.0,Caminhonete,I/FORD RANGER XLSCD4A22C,2017.0,Passageiro,Lesões Leves,15.0,Masculino,0.0,1.0,0.0,0.0,"-25,3784","-52,202767",SPRF-PR,DEL04-PR,UOP02-DEL04-PR
659606.0,1488857.0,06/02/2025,quinta-feira,13:35:00,PR,376.0,457,TIBAGI,Não,Acessar a via sem observar a presença dos outros veículos,2.0,Tombamento,Com Vítimas Feridas,Pleno dia,Decrescente,Chuva,Dupla,Reta,Não,1186698.0,Automóvel,GM/ZAFIRA ELEGANCE,2004.0,Passageiro,Ileso,8.0,Feminino,1.0,0.0,0.0,0.0,"-24,98482569","-50,36932593",SPRF-PR,DEL03-PR,UOP01-DEL03-PR
659606.0,1488857.0,06/02/2025,quinta-feira,13:35:00,PR,376.0,457,TIBAGI,Não,Acessar a via sem observar a presença dos outros veículos,1.0,Colisão lateral mesmo sentido,Com Vítimas Feridas,Pleno dia,Decrescente,Chuva,Dupla,Reta,Não,1186698.0,Automóvel,GM/ZAFIRA ELEGANCE,2004.0,Passageiro,Ileso,8.0,Feminino,1.0,0.0,0.0,0.0,"-24,98482569","-50,36932593",SPRF-PR,DEL03-PR,UOP01-DEL03-PR
659606.0,1488857.0,06/02/2025,quinta-feira,13:35:00,PR,376.0,457,TIBAGI,Sim,Reação tardia ou ineficiente do condutor,2.0,Tombamento,Com Vítimas Feridas,Pleno dia,Decrescente,Chuva,Dupla,Reta,Não,1186698.0,Automóvel,GM/ZAFIRA ELEGANCE,2004.0,Passageiro,Ileso,8.0,Feminino,1.0,0.0,0.0,0.0,"-24,98482569","-50,36932593",SPRF-PR,DEL03-PR,UOP01-DEL03-PR
659606.0,1488857.0,06/02/2025,quinta-feira,13:35:00,PR,376.0,457,TIBAGI,Sim,Reação tardia ou ineficiente do condutor,1.0,Colisão lateral mesmo sentido,Com Vítimas Feridas,Pleno dia,Decrescente,Chuva,Dupla,Reta,Não,1186698.0,Automóvel,GM/ZAFIRA ELEGANCE,2004.0,Passageiro,Ileso,8.0,Feminino,1.0,0.0,0.0,0.0,"-24,98482569","-50,36932593",SPRF-PR,DEL03-PR,UOP01-DEL03-PR
659961.0,1488447.0,08/02/2025,sábado,04:00:00,PR,376.0,591,CURITIBA,Sim,Pedestre andava na pista,4.0,Colisão com objeto,Com Vítimas Fatais,Plena Noite,Decrescente,Garoa/Chuvisco,Dupla,Reta;Aclive,Sim,1187226.0,Automóvel,RENAULT/LOGAN EXP 16,2012.0,Passageiro,Ileso,14.0,Masculino,1.0,0.0,0.0,0.0,"-25,4351214","-49,3653042",SPRF-PR,DEL03-PR,UOP03-DEL03-PR
659961.0,1488447.0,08/02/2025,sábado,04:00:00,PR,376.0,591,CURITIBA,Sim,Pedestre andava na pista,3.0,Queda de ocupante de veículo,Com Vítimas Fatais,Plena Noite,Decrescente,Garoa/Chuvisco,Dupla,Reta;Aclive,Sim,1187226.0,Automóvel,RENAULT/LOGAN EXP 16,2012.0,Passageiro,Ileso,14.0,Masculino,1.0,0.0,0.0,0.0,"-25,4351214","-49,3653042",SPRF-PR,DEL03-PR,UOP03-DEL03-PR
659961.0,1488447.0,08/02/2025,sábado,04:00:00,PR,376.0,591,CURITIBA,Sim,Pedestre andava na pista,2.0,Tombamento,Com Vítimas Fatais,Plena Noite,Decrescente,Garoa/Chuvisco,Dupla,Reta;Aclive,Sim,1187226.0,Automóvel,RENAULT/LOGAN EXP 16,2012.0,Passageiro,Ileso,14.0,Masculino,1.0,0.0,0.0,0.0,"-25,4351214","-49,3653042",SPRF-PR,DEL03-PR,UOP03-DEL03-PR
659961.0,1488447.0,08/02/2025,sábado,04:00:00,PR,376.0,591,CURITIBA,Sim,Pedestre andava na pista,1.0,Atropelamento de Pedestre,Com Vítimas Fatais,Plena Noite,Decrescente,Garoa/Chuvisco,Dupla,Reta;Aclive,Sim,1187226.0,Automóvel,RENAULT/LOGAN EXP 16,2012.0,Passageiro,Ileso,14.0,Masculino,1.0,0.0,0.0,0.0,"-25,4351214","-49,3653042",SPRF-PR,DEL03-PR,UOP03-DEL03-PR
659961.0,1488447.0,08/02/2025,sábado,04:00:00,PR,376.0,591,CURITIBA,Não,Chuva,4.0,Colisão com objeto,Com Vítimas Fatais,Plena Noite,Decrescente,Garoa/Chuvisco,Dupla,Reta;Aclive,Sim,1187226.0,Automóvel,RENAULT/LOGAN EXP 16,2012.0,Passageiro,Ileso,14.0,Masculino,1.0,0.0,0.0,0.0,"-25,4351214","-49,3653042",SPRF-PR,DEL03-PR,UOP03-DEL03-PR
659961.0,1488447.0,08/02/2025,sábado,04:00:00,PR,376.0,591,CURITIBA,Não,Chuva,3.0,Queda de ocupante de veículo,Com Vítimas Fatais,Plena Noite,Decrescente,Garoa/Chuvisco,Dupla,Reta;Aclive,Sim,1187226.0,Automóvel,RENAULT/LOGAN EXP 16,2012.0,Passageiro,Ileso,14.0,Masculino,1.0,0.0,0.0,0.0,"-25,4351214","-49,3653042",SPRF-PR,DEL03-PR,UOP03-DEL03-PR
659961.0,1488447.0,08/02/2025,sábado,04:00:00,PR,376.0,591,CURITIBA,Não,Chuva,2.0,Tombamento,Com Vítimas Fatais,Plena Noite,Decrescente,Garoa/Chuvisco,Dupla,Reta;Aclive,Sim,1187226.0,Automóvel,RENAULT/LOGAN EXP 16,2012.0,Passageiro,Ileso,14.0,Masculino,1.0,0.0,0.0,0.0,"-25,4351214","-49,3653042",SPRF-PR,DEL03-PR,UOP03-DEL03-PR
659961.0,1488447.0,08/02/2025,sábado,04:00:00,PR,376.0,591,CURITIBA,Não,Chuva,1.0,Atropelamento de Pedestre,Com Vítimas Fatais,Plena Noite,Decrescente,Garoa/Chuvisco,Dupla,Reta;Aclive,Sim,1187226.0,Automóvel,RENAULT/LOGAN EXP 16,2012.0,Passageiro,Ileso,14.0,Masculino,1.0,0.0,0.0,0.0,"-25,4351214","-49,3653042",SPRF-PR,DEL03-PR,UOP03-DEL03-PR
659961.0,1488447.0,08/02/2025,sábado,04:00:00,PR,376.0,591,CURITIBA,Não,Ausência de sinalização,4.0,Colisão com objeto,Com Vítimas Fatais,Plena Noite,Decrescente,Garoa/Chuvisco,Dupla,Reta;Aclive,Sim,1187226.0,Automóvel,RENAULT/LOGAN EXP 16,2012.0,Passageiro,Ileso,14.0,Masculino,1.0,0.0,0.0,0.0,"-25,4351214","-49,3653042",SPRF-PR,DEL03-PR,UOP03-DEL03-PR
659961.0,1488447.0,08/02/2025,sábado,04:00:00,PR,376.0,591,CURITIBA,Não,Ausência de sinalização,3.0,Queda de ocupante de veículo,Com Vítimas Fatais,Plena Noite,Decrescente,Garoa/Chuvisco,Dupla,Reta;Aclive,Sim,1187226.0,Automóvel,RENAULT/LOGAN EXP 16,2012.0,Passageiro,Ileso,14.0,Masculino,1.0,0.0,0.0,0.0,"-25,4351214","-49,3653042",SPRF-PR,DEL03-PR,UOP03-DEL03-PR
659961.0,1488447.0,08/02/2025,sábado,04:00:00,PR,376.0,591,CURITIBA,Não,Ausência de sinalização,2.0,Tombamento,Com Vítimas Fatais,Plena Noite,Decrescente,Garoa/Chuvisco,Dupla,Reta;Aclive,Sim,1187226.0,Automóvel,RENAULT/LOGAN EXP 16,2012.0,Passageiro,Ileso,14.0,Masculino,1.0,0.0,0.0,0.0,"-25,4351214","-49,3653042",SPRF-PR,DEL03-PR,UOP03-DEL03-PR
659961.0,1488447.0,08/02/2025,sábado,04:00:00,PR,376.0,591,CURITIBA,Não,Ausência de sinalização,1.0,Atropelamento de Pedestre,Com Vítimas Fatais,Plena Noite,Decrescente,Garoa/Chuvisco,Dupla,Reta;Aclive,Sim,1187226.0,Automóvel,RENAULT/LOGAN EXP 16,2012.0,Passageiro,Ileso,14.0,Masculino,1.0,0.0,0.0,0.0,"-25,4351214","-49,3653042",SPRF-PR,DEL03-PR,UOP03-DEL03-PR
659961.0,1488447.0,08/02/2025,sábado,04:00:00,PR,376.0,591,CURITIBA,Não,Reação tardia ou ineficiente do condutor,4.0,Colisão com objeto,Com Vítimas Fatais,Plena Noite,Decrescente,Garoa/Chuvisco,Dupla,Reta;Aclive,Sim,1187226.0,Automóvel,RENAULT/LOGAN EXP 16,2012.0,Passageiro,Ileso,14.0,Masculino,1.0,0.0,0.0,0.0,"-25,4351214","-49,3653042",SPRF-PR,DEL03-PR,UOP03-DEL03-PR
659961.0,1488447.0,08/02/2025,sábado,04:00:00,PR,376.0,591,CURITIBA,Não,Reação tardia ou ineficiente do condutor,3.0,Queda de ocupante de veículo,Com Vítimas Fatais,Plena Noite,Decrescente,Garoa/Chuvisco,Dupla,Reta;Aclive,Sim,1187226.0,Automóvel,RENAULT/LOGAN EXP 16,2012.0,Passageiro,Ileso,14.0,Masculino,1.0,0.0,0.0,0.0,"-25,4351214","-49,3653042",SPRF-PR,DEL03-PR,UOP03-DEL03-PR
659961.0,1488447.0,08/02/2025,sábado,04:00:00,PR,376.0,591,CURITIBA,Não,Reação tardia ou ineficiente do condutor,2.0,Tombamento,Com Vítimas Fatais,Plena Noite,Decrescente,Garoa/Chuvisco,Dupla,Reta;Aclive,Sim,1187226.0,Automóvel,RENAULT/LOGAN EXP 16,2012.0,Passageiro,Ileso,14.0,Masculino,1.0,0.0,0.0,0.0,"-25,4351214","-49,3653042",SPRF-PR,DEL03-PR,UOP03-DEL03-PR
659961.0,1488447.0,08/02/2025,sábado,04:00:00,PR,376.0,591,CURITIBA,Não,Reação tardia ou ineficiente do condutor,1.0,Atropelamento de Pedestre,Com Vítimas Fatais,Plena Noite,Decrescente,Garoa/Chuvisco,Dupla,Reta;Aclive,Sim,1187226.0,Automóvel,RENAULT/LOGAN EXP 16,2012.0,Passageiro,Ileso,14.0,Masculino,1.0,0.0,0.0,0.0,"-25,4351214","-49,3653042",SPRF-PR,DEL03-PR,UOP03-DEL03-PR
659961.0,1488447.0,08/02/2025,sábado,04:00:00,PR,376.0,591,CURITIBA,Não,Sistema de drenagem ineficiente,4.0,Colisão com objeto,Com Vítimas Fatais,Plena Noite,Decrescente,Garoa/Chuvisco,Dupla,Reta;Aclive,Sim,1187226.0,Automóvel,RENAULT/LOGAN EXP 16,2012.0,Passageiro,Ileso,14.0,Masculino,1.0,0.0,0.0,0.0,"-25,4351214","-49,3653042",SPRF-PR,DEL03-PR,UOP03-DEL03-PR
659961.0,1488447.0,08/02/2025,sábado,04:00:00,PR,376.0,591,CURITIBA,Não,Sistema de drenagem ineficiente,3.0,Queda de ocupante de veículo,Com Vítimas Fatais,Plena Noite,Decrescente,Garoa/Chuvisco,Dupla,Reta;Aclive,Sim,1187226.0,Automóvel,RENAULT/LOGAN EXP 16,2012.0,Passageiro,Ileso,14.0,Masculino,1.0,0.0,0.0,0.0,"-25,4351214","-49,3653042",SPRF-PR,DEL03-PR,UOP03-DEL03-PR
659961.0,1488447.0,08/02/2025,sábado,04:00:00,PR,376.0,591,CURITIBA,Não,Sistema de drenagem ineficiente,2.0,Tombamento,Com Vítimas Fatais,Plena Noite,Decrescente,Garoa/Chuvisco,Dupla,Reta;Aclive,Sim,1187226.0,Automóvel,RENAULT/LOGAN EXP 16,2012.0,Passageiro,Ileso,14.0,Masculino,1.0,0.0,0.0,0.0,"-25,4351214","-49,3653042",SPRF-PR,DEL03-PR,UOP03-DEL03-PR
659961.0,1488447.0,08/02/2025,sábado,04:00:00,PR,376.0,591,CURITIBA,Não,Sistema de drenagem ineficiente,1.0,Atropelamento de Pedestre,Com Vítimas Fatais,Plena Noite,Decrescente,Garoa/Chuvisco,Dupla,Reta;Aclive,Sim,1187226.0,Automóvel,RENAULT/LOGAN EXP 16,2012.0,Passageiro,Ileso,14.0,Masculino,1.0,0.0,0.0,0.0,"-25,4351214","-49,3653042",SPRF-PR,DEL03-PR,UOP03-DEL03-PR
659961.0,1488447.0,08/02/2025,sábado,04:00:00,PR,376.0,591,CURITIBA,Não,Objeto estático sobre o leito carroçável,4.0,Colisão com objeto,Com Vítimas Fatais,Plena Noite,Decrescente,Garoa/Chuvisco,Dupla,Reta;Aclive,Sim,1187226.0,Automóvel,RENAULT/LOGAN EXP 16,2012.0,Passageiro,Ileso,14.0,Masculino,1.0,0.0,0.0,0.0,"-25,4351214","-49,3653042",SPRF-PR,DEL03-PR,UOP03-DEL03-PR
659961.0,1488447.0,08/02/2025,sábado,04:00:00,PR,376.0,591,CURITIBA,Não,Objeto estático sobre o leito carroçável,3.0,Queda de ocupante de veículo,Com Vítimas Fatais,Plena Noite,Decrescente,Garoa/Chuvisco,Dupla,Reta;Aclive,Sim,1187226.0,Automóvel,RENAULT/LOGAN EXP 16,2012.0,Passageiro,Ileso,14.0,Masculino,1.0,0.0,0.0,0.0,"-25,4351214","-49,3653042",SPRF-PR,DEL03-PR,UOP03-DEL03-PR
659961.0,1488447.0,08/02/2025,sábado,04:00:00,PR,376.0,591,CURITIBA,Não,Objeto estático sobre o leito carroçável,2.0,Tombamento,Com Vítimas Fatais,Plena Noite,Decrescente,Garoa/Chuvisco,Dupla,Reta;Aclive,Sim,1187226.0,Automóvel,RENAULT/LOGAN EXP 16,2012.0,Passageiro,Ileso,14.0,Masculino,1.0,0.0,0.0,0.0,"-25,4351214","-49,3653042",SPRF-PR,DEL03-PR,UOP03-DEL03-PR
659961.0,1488447.0,08/02/2025,sábado,04:00:00,PR,376.0,591,CURITIBA,Não,Objeto estático sobre o leito carroçável,1.0,Atropelamento de Pedestre,Com Vítimas Fatais,Plena Noite,Decrescente,Garoa/Chuvisco,Dupla,Reta;Aclive,Sim,1187226.0,Automóvel,RENAULT/LOGAN EXP 16,2012.0,Passageiro,Ileso,14.0,Masculino,1.0,0.0,0.0,0.0,"-25,4351214","-49,3653042",SPRF-PR,DEL03-PR,UOP03-DEL03-PR
659961.0,1488447.0,08/02/2025,sábado,04:00:00,PR,376.0,591,CURITIBA,Não,Acumulo de água sobre o pavimento,4.0,Colisão com objeto,Com Vítimas Fatais,Plena Noite,Decrescente,Garoa/Chuvisco,Dupla,Reta;Aclive,Sim,1187226.0,Automóvel,RENAULT/LOGAN EXP 16,2012.0,Passageiro,Ileso,14.0,Masculino,1.0,0.0,0.0,0.0,"-25,4351214","-49,3653042",SPRF-PR,DEL03-PR,UOP03-DEL03-PR
659961.0,1488447.0,08/02/2025,sábado,04:00:00,PR,376.0,591,CURITIBA,Não,Acumulo de água sobre o pavimento,3.0,Queda de ocupante de veículo,Com Vítimas Fatais,Plena Noite,Decrescente,Garoa/Chuvisco,Dupla,Reta;Aclive,Sim,1187226.0,Automóvel,RENAULT/LOGAN EXP 16,2012.0,Passageiro,Ileso,14.0,Masculino,1.0,0.0,0.0,0.0,"-25,4351214","-49,3653042",SPRF-PR,DEL03-PR,UOP03-DEL03-PR
659961.0,1488447.0,08/02/2025,sábado,04:00:00,PR,376.0,591,CURITIBA,Não,Acumulo de água sobre o pavimento,2.0,Tombamento,Com Vítimas Fatais,Plena Noite,Decrescente,Garoa/Chuvisco,Dupla,Reta;Aclive,Sim,1187226.0,Automóvel,RENAULT/LOGAN EXP 16,2012.0,Passageiro,Ileso,14.0,Masculino,1.0,0.0,0.0,0.0,"-25,4351214","-49,3653042",SPRF-PR,DEL03-PR,UOP03-DEL03-PR
659961.0,1488447.0,08/02/2025,sábado,04:00:00,PR,376.0,591,CURITIBA,Não,Acumulo de água sobre o pavimento,1.0,Atropelamento de Pedestre,Com Vítimas Fatais,Plena Noite,Decrescente,Garoa/Chuvisco,Dupla,Reta;Aclive,Sim,1187226.0,Automóvel,RENAULT/LOGAN EXP 16,2012.0,Passageiro,Ileso,14.0,Masculino,1.0,0.0,0.0,0.0,"-25,4351214","-49,3653042",SPRF-PR,DEL03-PR,UOP03-DEL03-PR
659961.0,1488447.0,08/02/2025,sábado,04:00:00,PR,376.0,591,CURITIBA,Não,Velocidade Incompatível,4.0,Colisão com objeto,Com Vítimas Fatais,Plena Noite,Decrescente,Garoa/Chuvisco,Dupla,Reta;Aclive,Sim,1187226.0,Automóvel,RENAULT/LOGAN EXP 16,2012.0,Passageiro,Ileso,14.0,Masculino,1.0,0.0,0.0,0.0,"-25,4351214","-49,3653042",SPRF-PR,DEL03-PR,UOP03-DEL03-PR
659961.0,1488447.0,08/02/2025,sábado,04:00:00,PR,376.0,591,CURITIBA,Não,Velocidade Incompatível,3.0,Queda de ocupante de veículo,Com Vítimas Fatais,Plena Noite,Decrescente,Garoa/Chuvisco,Dupla,Reta;Aclive,Sim,1187226.0,Automóvel,RENAULT/LOGAN EXP 16,2012.0,Passageiro,Ileso,14.0,Masculino,1.0,0.0,0.0,0.0,"-25,4351214","-49,3653042",SPRF-PR,DEL03-PR,UOP03-DEL03-PR
659961.0,1488447.0,08/02/2025,sábado,04:00:00,PR,376.0,591,CURITIBA,Não,Velocidade Incompatível,2.0,Tombamento,Com Vítimas Fatais,Plena Noite,Decrescente,Garoa/Chuvisco,Dupla,Reta;Aclive,Sim,1187226.0,Automóvel,RENAULT/LOGAN EXP 16,2012.0,Passageiro,Ileso,14.0,Masculino,1.0,0.0,0.0,0.0,"-25,4351214","-49,3653042",SPRF-PR,DEL03-PR,UOP03-DEL03-PR
659961.0,1488447.0,08/02/2025,sábado,04:00:00,PR,376.0,591,CURITIBA,Não,Velocidade Incompatível,1.0,Atropelamento de Pedestre,Com Vítimas Fatais,Plena Noite,Decrescente,Garoa/Chuvisco,Dupla,Reta;Aclive,Sim,1187226.0,Automóvel,RENAULT/LOGAN EXP 16,2012.0,Passageiro,Ileso,14.0,Masculino,1.0,0.0,0.0,0.0,"-25,4351214","-49,3653042",SPRF-PR,DEL03-PR,UOP03-DEL03-PR
660071.0,1488036.0,08/02/2025,sábado,14:00:00,PR,163.0,352,GUAIRA,Não,Velocidade Incompatível,1.0,Colisão traseira,Sem Vítimas,Pleno dia,Decrescente,Nublado,Simples,Ponte;Reta,Não,1187345.0,Automóvel,HONDA/CIVIC LXL FLEX,2011.0,Passageiro,Ileso,1.0,Masculino,1.0,0.0,0.0,0.0,"-24,21375699","-54,19958751",SPRF-PR,DEL06-PR,UOP01-DEL06-PR
660071.0,1488036.0,08/02/2025,sábado,14:00:00,PR,163.0,352,GUAIRA,Não,Ausência de reação do condutor,1.0,Colisão traseira,Sem Vítimas,Pleno dia,Decrescente,Nublado,Simples,Ponte;Reta,Não,1187345.0,Automóvel,HONDA/CIVIC LXL FLEX,2011.0,Passageiro,Ileso,1.0,Masculino,1.0,0.0,0.0,0.0,"-24,21375699","-54,19958751",SPRF-PR,DEL06-PR,UOP01-DEL06-PR
660071.0,1488036.0,08/02/2025,sábado,14:00:00,PR,163.0,352,GUAIRA,Sim,Condutor deixou de manter distância do veículo da frente,1.0,Colisão traseira,Sem Vítimas,Pleno dia,Decrescente,Nublado,Simples,Ponte;Reta,Não,1187345.0,Automóvel,HONDA/CIVIC LXL FLEX,2011.0,Passageiro,Ileso,1.0,Masculino,1.0,0.0,0.0,0.0,"-24,21375699","-54,19958751",SPRF-PR,DEL06-PR,UOP01-DEL06-PR
660347.0,1488812.0,09/02/2025,domingo,17:40:00,PR,376.0,"14,5",MARINGA,Não,Avarias e/ou desgaste excessivo no pneu,4.0,Capotamento,Com Vítimas Fatais,Anoitecer,Crescente,Nublado,Dupla,Reta,Não,1187965.0,Automóvel,GM/CORSA WIND,1996.0,Passageiro,Lesões Graves,5.0,Masculino,0.0,0.0,1.0,0.0,"-23,4273","-51,9375",SPRF-PR,DEL09-PR,UOP01-DEL09-PR
660347.0,1488806.0,09/02/2025,domingo,17:40:00,PR,376.0,"14,5",MARINGA,Não,Avarias e/ou desgaste excessivo no pneu,4.0,Capotamento,Com Vítimas Fatais,Anoitecer,Crescente,Nublado,Dupla,Reta,Não,1187964.0,Automóvel,HYUNDAI/HB20S 1.6M 1.6M,2013.0,Passageiro,Lesões Leves,12.0,Masculino,0.0,1.0,0.0,0.0,"-23,4273","-51,9375",SPRF-PR,DEL09-PR,UOP01-DEL09-PR
660347.0,1488805.0,09/02/2025,domingo,17:40:00,PR,376.0,"14,5",MARINGA,Não,Avarias e/ou desgaste excessivo no pneu,4.0,Capotamento,Com Vítimas Fatais,Anoitecer,Crescente,Nublado,Dupla,Reta,Não,1187964.0,Automóvel,HYUNDAI/HB20S 1.6M 1.6M,2013.0,Passageiro,Lesões Leves,5.0,Feminino,0.0,1.0,0.0,0.0,"-23,4273","-51,9375",SPRF-PR,DEL09-PR,UOP01-DEL09-PR
660347.0,1488812.0,09/02/2025,domingo,17:40:00,PR,376.0,"14,5",MARINGA,Não,Avarias e/ou desgaste excessivo no pneu,3.0,Colisão com objeto,Com Vítimas Fatais,Anoitecer,Crescente,Nublado,Dupla,Reta,Não,1187965.0,Automóvel,GM/CORSA WIND,1996.0,Passageiro,Lesões Graves,5.0,Masculino,0.0,0.0,1.0,0.0,"-23,4273","-51,9375",SPRF-PR,DEL09-PR,UOP01-DEL09-PR
660347.0,1488806.0,09/02/2025,domingo,17:40:00,PR,376.0,"14,5",MARINGA,Não,Avarias e/ou desgaste excessivo no pneu,3.0,Colisão com objeto,Com Vítimas Fatais,Anoitecer,Crescente,Nublado,Dupla,Reta,Não,1187964.0,Automóvel,HYUNDAI/HB20S 1.6M 1.6M,2013.0,Passageiro,Lesões Leves,12.0,Masculino,0.0,1.0,0.0,0.0,"-23,4273","-51,9375",SPRF-PR,DEL09-PR,UOP01-DEL09-PR
660347.0,1488805.0,09/02/2025,domingo,17:40:00,PR,376.0,"14,5",MARINGA,Não,Avarias e/ou desgaste excessivo no pneu,3.0,Colisão com objeto,Com Vítimas Fatais,Anoitecer,Crescente,Nublado,Dupla,Reta,Não,1187964.0,Automóvel,HYUNDAI/HB20S 1.6M 1.6M,2013.0,Passageiro,Lesões Leves,5.0,Feminino,0.0,1.0,0.0,0.0,"-23,4273","-51,9375",SPRF-PR,DEL09-PR,UOP01-DEL09-PR
660347.0,1488812.0,09/02/2025,domingo,17:40:00,PR,376.0,"14,5",MARINGA,Não,Avarias e/ou desgaste excessivo no pneu,2.0,Saída de leito carroçável,Com Vítimas Fatais,Anoitecer,Crescente,Nublado,Dupla,Reta,Não,1187965.0,Automóvel,GM/CORSA WIND,1996.0,Passageiro,Lesões Graves,5.0,Masculino,0.0,0.0,1.0,0.0,"-23,4273","-51,9375",SPRF-PR,DEL09-PR,UOP01-DEL09-PR
660347.0,1488806.0,09/02/2025,domingo,17:40:00,PR,376.0,"14,5",MARINGA,Não,Avarias e/ou desgaste excessivo no pneu,2.0,Saída de leito carroçável,Com Vítimas Fatais,Anoitecer,Crescente,Nublado,Dupla,Reta,Não,1187964.0,Automóvel,HYUNDAI/HB20S 1.6M 1.6M,2013.0,Passageiro,Lesões Leves,12.0,Masculino,0.0,1.0,0.0,0.0,"-23,4273","-51,9375",SPRF-PR,DEL09-PR,UOP01-DEL09-PR
660347.0,1488805.0,09/02/2025,domingo,17:40:00,PR,376.0,"14,5",MARINGA,Não,Avarias e/ou desgaste excessivo no pneu,2.0,Saída de leito carroçável,Com Vítimas Fatais,Anoitecer,Crescente,Nublado,Dupla,Reta,Não,1187964.0,Automóvel,HYUNDAI/HB20S 1.6M 1.6M,2013.0,Passageiro,Lesões Leves,5.0,Feminino,0.0,1.0,0.0,0.0,"-23,4273","-51,9375",SPRF-PR,DEL09-PR,UOP01-DEL09-PR
660347.0,1488812.0,09/02/2025,domingo,17:40:00,PR,376.0,"14,5",MARINGA,Não,Avarias e/ou desgaste excessivo no pneu,1.0,Colisão traseira,Com Vítimas Fatais,Anoitecer,Crescente,Nublado,Dupla,Reta,Não,1187965.0,Automóvel,GM/CORSA WIND,1996.0,Passageiro,Lesões Graves,5.0,Masculino,0.0,0.0,1.0,0.0,"-23,4273","-51,9375",SPRF-PR,DEL09-PR,UOP01-DEL09-PR