id,pesid,data_inversa,dia_semana,horario,uf,br,km,municipio,causa_principal,causa_acidente,ordem_tipo_acidente,tipo_acidente,classificacao_acidente,fase_dia,sentido_via,condicao_metereologica,tipo_pista,tracado_via,uso_solo,id_veiculo,tipo_veiculo,marca,ano_fabricacao_veiculo,tipo_envolvido,estado_fisico,idade,sexo,ilesos,feridos_leves,feridos_graves,mortos,latitude,longitude,regional,delegacia,uop
664793.0,1501632.0,02/03/2025,domingo,16:00:00,PR,277.0,690,CURITIBA,Não,Reação tardia ou ineficiente do condutor,1.0,Colisão traseira,Com Vítimas Feridas,Pleno dia,Decrescente,Céu Claro,Dupla,Retorno Regulamentado,Não,1196467.0,Automóvel,I/CITROEN C4 PALLAS20G F,2012.0,Passageiro,Lesões Leves,11.0,Feminino,0.0,1.0,0.0,0.0,"-25,4509056","-49,250304",SPRF-PR,DEL05-PR,UOP01-DEL05-PR
664793.0,1501633.0,02/03/2025,domingo,16:00:00,PR,277.0,690,CURITIBA,Não,Velocidade Incompatível,1.0,Colisão traseira,Com Vítimas Feridas,Pleno dia,Decrescente,Céu Claro,Dupla,Retorno Regulamentado,Não,1196468.0,Automóvel,CHEV/PRISMA 1.0MT LT,2014.0,Passageiro,Lesões Leves,5.0,Masculino,0.0,1.0,0.0,0.0,"-25,4509056","-49,250304",SPRF-PR,DEL05-PR,UOP01-DEL05-PR
664793.0,1501632.0,02/03/2025,domingo,16:00:00,PR,277.0,690,CURITIBA,Não,Velocidade Incompatível,1.0,Colisão traseira,Com Vítimas Feridas,Pleno dia,Decrescente,Céu Claro,Dupla,Retorno Regulamentado,Não,1196467.0,Automóvel,I/CITROEN C4 PALLAS20G F,2012.0,Passageiro,Lesões Leves,11.0,Feminino,0.0,1.0,0.0,0.0,"-25,4509056","-49,250304",SPRF-PR,DEL05-PR,UOP01-DEL05-PR
664793.0,1501633.0,02/03/2025,domingo,16:00:00,PR,277.0,690,CURITIBA,Sim,Ingestão de álcool pelo condutor,1.0,Colisão traseira,Com Vítimas Feridas,Pleno dia,Decrescente,Céu Claro,Dupla,Retorno Regulamentado,Não,1196468.0,Automóvel,CHEV/PRISMA 1.0MT LT,2014.0,Passageiro,Lesões Leves,5.0,Masculino,0.0,1.0,0.0,0.0,"-25,4509056","-49,250304",SPRF-PR,DEL05-PR,UOP01-DEL05-PR
664793.0,1501632.0,02/03/2025,domingo,16:00:00,PR,277.0,690,CURITIBA,Sim,Ingestão de álcool pelo condutor,1.0,Colisão traseira,Com Vítimas Feridas,Pleno dia,Decrescente,Céu Claro,Dupla,Retorno Regulamentado,Não,1196467.0,Automóvel,I/CITROEN C4 PALLAS20G F,2012.0,Passageiro,Lesões Leves,11.0,Feminino,0.0,1.0,0.0,0.0,"-25,4509056","-49,250304",SPRF-PR,DEL05-PR,UOP01-DEL05-PR
665095.0,1500398.0,04/03/2025,terça-feira,09:00:00,PR,487.0,"169,1",CAMPO MOURAO,Sim,Acessar a via sem observar a presença dos outros veículos,1.0,Colisão transversal,Com Vítimas Feridas,Pleno dia,Crescente,Céu Claro,Simples,Reta;Declive,Não,1197099.0,Automóvel,TOYOTA/YARIS SD XS 15 AT,2019.0,Passageiro,Ileso,10.0,Masculino,1.0,0.0,0.0,0.0,"-24,02157978","-52,44497001",SPRF-PR,DEL09-PR,UOP03-DEL09-PR
665490.0,1501382.0,06/03/2025,quinta-feira,10:00:00,PR,277.0,"114,1",CAMPO LARGO,Não,Velocidade Incompatível,1.0,Engavetamento,Com Vítimas Feridas,Pleno dia,Decrescente,Céu Claro,Dupla,Aclive;Reta,Sim,1197839.0,Automóvel,Não Informado/Não Informado,2007.0,Passageiro,Ileso,5.0,Masculino,1.0,0.0,0.0,0.0,"-25,432056","-49,429806",SPRF-PR,DEL03-PR,UOP03-DEL03-PR
665490.0,1501378.0,06/03/2025,quinta-feira,10:00:00,PR,277.0,"114,1",CAMPO LARGO,Não,Velocidade Incompatível,1.0,Engavetamento,Com Vítimas Feridas,Pleno dia,Decrescente,Céu Claro,Dupla,Aclive;Reta,Sim,1197839.0,Automóvel,Não Informado/Não Informado,2007.0,Passageiro,Ileso,15.0,Masculino,1.0,0.0,0.0,0.0,"-25,432056","-49,429806",SPRF-PR,DEL03-PR,UOP03-DEL03-PR
665490.0,1501382.0,06/03/2025,quinta-feira,10:00:00,PR,277.0,"114,1",CAMPO LARGO,Não,Restrição de visibilidade em curvas verticais,1.0,Engavetamento,Com Vítimas Feridas,Pleno dia,Decrescente,Céu Claro,Dupla,Aclive;Reta,Sim,1197839.0,Automóvel,Não Informado/Não Informado,2007.0,Passageiro,Ileso,5.0,Masculino,1.0,0.0,0.0,0.0,"-25,432056","-49,429806",SPRF-PR,DEL03-PR,UOP03-DEL03-PR
665490.0,1501378.0,06/03/2025,quinta-feira,10:00:00,PR,277.0,"114,1",CAMPO LARGO,Não,Restrição de visibilidade em curvas verticais,1.0,Engavetamento,Com Vítimas Feridas,Pleno dia,Decrescente,Céu Claro,Dupla,Aclive;Reta,Sim,1197839.0,Automóvel,Não Informado/Não Informado,2007.0,Passageiro,Ileso,15.0,Masculino,1.0,0.0,0.0,0.0,"-25,432056","-49,429806",SPRF-PR,DEL03-PR,UOP03-DEL03-PR
665490.0,1501382.0,06/03/2025,quinta-feira,10:00:00,PR,277.0,"114,1",CAMPO LARGO,Não,Objeto estático sobre o leito carroçável,1.0,Engavetamento,Com Vítimas Feridas,Pleno dia,Decrescente,Céu Claro,Dupla,Aclive;Reta,Sim,1197839.0,Automóvel,Não Informado/Não Informado,2007.0,Passageiro,Ileso,5.0,Masculino,1.0,0.0,0.0,0.0,"-25,432056","-49,429806",SPRF-PR,DEL03-PR,UOP03-DEL03-PR
665490.0,1501378.0,06/03/2025,quinta-feira,10:00:00,PR,277.0,"114,1",CAMPO LARGO,Não,Objeto estático sobre o leito carroçável,1.0,Engavetamento,Com Vítimas Feridas,Pleno dia,Decrescente,Céu Claro,Dupla,Aclive;Reta,Sim,1197839.0,Automóvel,Não Informado/Não Informado,2007.0,Passageiro,Ileso,15.0,Masculino,1.0,0.0,0.0,0.0,"-25,432056","-49,429806",SPRF-PR,DEL03-PR,UOP03-DEL03-PR
665490.0,1501382.0,06/03/2025,quinta-feira,10:00:00,PR,277.0,"114,1",CAMPO LARGO,Não,Manobra de mudança de faixa,1.0,Engavetamento,Com Vítimas Feridas,Pleno dia,Decrescente,Céu Claro,Dupla,Aclive;Reta,Sim,1197839.0,Automóvel,Não Informado/Não Informado,2007.0,Passageiro,Ileso,5.0,Masculino,1.0,0.0,0.0,0.0,"-25,432056","-49,429806",SPRF-PR,DEL03-PR,UOP03-DEL03-PR
665490.0,1501378.0,06/03/2025,quinta-feira,10:00:00,PR,277.0,"114,1",CAMPO LARGO,Não,Manobra de mudança de faixa,1.0,Engavetamento,Com Vítimas Feridas,Pleno dia,Decrescente,Céu Claro,Dupla,Aclive;Reta,Sim,1197839.0,Automóvel,Não Informado/Não Informado,2007.0,Passageiro,Ileso,15.0,Masculino,1.0,0.0,0.0,0.0,"-25,432056","-49,429806",SPRF-PR,DEL03-PR,UOP03-DEL03-PR
665490.0,1501382.0,06/03/2025,quinta-feira,10:00:00,PR,277.0,"114,1",CAMPO LARGO,Não,Frear bruscamente,1.0,Engavetamento,Com Vítimas Feridas,Pleno dia,Decrescente,Céu Claro,Dupla,Aclive;Reta,Sim,1197839.0,Automóvel,Não Informado/Não Informado,2007.0,Passageiro,Ileso,5.0,Masculino,1.0,0.0,0.0,0.0,"-25,432056","-49,429806",SPRF-PR,DEL03-PR,UOP03-DEL03-PR
665490.0,1501378.0,06/03/2025,quinta-feira,10:00:00,PR,277.0,"114,1",CAMPO LARGO,Não,Frear bruscamente,1.0,Engavetamento,Com Vítimas Feridas,Pleno dia,Decrescente,Céu Claro,Dupla,Aclive;Reta,Sim,1197839.0,Automóvel,Não Informado/Não Informado,2007.0,Passageiro,Ileso,15.0,Masculino,1.0,0.0,0.0,0.0,"-25,432056","-49,429806",SPRF-PR,DEL03-PR,UOP03-DEL03-PR
665490.0,1501382.0,06/03/2025,quinta-feira,10:00:00,PR,277.0,"114,1",CAMPO LARGO,Não,Condutor deixou de manter distância do veículo da frente,1.0,Engavetamento,Com Vítimas Feridas,Pleno dia,Decrescente,Céu Claro,Dupla,Aclive;Reta,Sim,1197839.0,Automóvel,Não Informado/Não Informado,2007.0,Passageiro,Ileso,5.0,Masculino,1.0,0.0,0.0,0.0,"-25,432056","-49,429806",SPRF-PR,DEL03-PR,UOP03-DEL03-PR
665490.0,1501378.0,06/03/2025,quinta-feira,10:00:00,PR,277.0,"114,1",CAMPO LARGO,Não,Condutor deixou de manter distância do veículo da frente,1.0,Engavetamento,Com Vítimas Feridas,Pleno dia,Decrescente,Céu Claro,Dupla,Aclive;Reta,Sim,1197839.0,Automóvel,Não Informado/Não Informado,2007.0,Passageiro,Ileso,15.0,Masculino,1.0,0.0,0.0,0.0,"-25,432056","-49,429806",SPRF-PR,DEL03-PR,UOP03-DEL03-PR
665490.0,1501382.0,06/03/2025,quinta-feira,10:00:00,PR,277.0,"114,1",CAMPO LARGO,Não,Ausência de sinalização,1.0,Engavetamento,Com Vítimas Feridas,Pleno dia,Decrescente,Céu Claro,Dupla,Aclive;Reta,Sim,1197839.0,Automóvel,Não Informado/Não Informado,2007.0,Passageiro,Ileso,5.0,Masculino,1.0,0.0,0.0,0.0,"-25,432056","-49,429806",SPRF-PR,DEL03-PR,UOP03-DEL03-PR
665490.0,1501378.0,06/03/2025,quinta-feira,10:00:00,PR,277.0,"114,1",CAMPO LARGO,Não,Ausência de sinalização,1.0,Engavetamento,Com Vítimas Feridas,Pleno dia,Decrescente,Céu Claro,Dupla,Aclive;Reta,Sim,1197839.0,Automóvel,Não Informado/Não Informado,2007.0,Passageiro,Ileso,15.0,Masculino,1.0,0.0,0.0,0.0,"-25,432056","-49,429806",SPRF-PR,DEL03-PR,UOP03-DEL03-PR
665490.0,1501382.0,06/03/2025,quinta-feira,10:00:00,PR,277.0,"114,1",CAMPO LARGO,Não,Ausência de reação do condutor,1.0,Engavetamento,Com Vítimas Feridas,Pleno dia,Decrescente,Céu Claro,Dupla,Aclive;Reta,Sim,1197839.0,Automóvel,Não Informado/Não Informado,2007.0,Passageiro,Ileso,5.0,Masculino,1.0,0.0,0.0,0.0,"-25,432056","-49,429806",SPRF-PR,DEL03-PR,UOP03-DEL03-PR
665490.0,1501378.0,06/03/2025,quinta-feira,10:00:00,PR,277.0,"114,1",CAMPO LARGO,Não,Ausência de reação do condutor,1.0,Engavetamento,Com Vítimas Feridas,Pleno dia,Decrescente,Céu Claro,Dupla,Aclive;Reta,Sim,1197839.0,Automóvel,Não Informado/Não Informado,2007.0,Passageiro,Ileso,15.0,Masculino,1.0,0.0,0.0,0.0,"-25,432056","-49,429806",SPRF-PR,DEL03-PR,UOP03-DEL03-PR
665490.0,1501382.0,06/03/2025,quinta-feira,10:00:00,PR,277.0,"114,1",CAMPO LARGO,Sim,Reação tardia ou ineficiente do condutor,1.0,Engavetamento,Com Vítimas Feridas,Pleno dia,Decrescente,Céu Claro,Dupla,Aclive;Reta,Sim,1197839.0,Automóvel,Não Informado/Não Informado,2007.0,Passageiro,Ileso,5.0,Masculino,1.0,0.0,0.0,0.0,"-25,432056","-49,429806",SPRF-PR,DEL03-PR,UOP03-DEL03-PR
665490.0,1501378.0,06/03/2025,quinta-feira,10:00:00,PR,277.0,"114,1",CAMPO LARGO,Sim,Reação tardia ou ineficiente do condutor,1.0,Engavetamento,Com Vítimas Feridas,Pleno dia,Decrescente,Céu Claro,Dupla,Aclive;Reta,Sim,1197839.0,Automóvel,Não Informado/Não Informado,2007.0,Passageiro,Ileso,15.0,Masculino,1.0,0.0,0.0,0.0,"-25,432056","-49,429806",SPRF-PR,DEL03-PR,UOP03-DEL03-PR
665507.0,1501436.0,06/03/2025,quinta-feira,12:40:00,PR,376.0,460,TIBAGI,Não,Curva acentuada,2.0,Colisão com objeto,Com Vítimas Feridas,Pleno dia,Crescente,Sol,Dupla,Declive;Curva;Ponte,Não,1197875.0,Automóvel,RENAULT/SANDERO STEP 16,2016.0,Passageiro,Lesões Leves,6.0,Feminino,0.0,1.0,0.0,0.0,"-24,94778966","-50,39494341",SPRF-PR,DEL03-PR,UOP01-DEL03-PR
665507.0,1501436.0,06/03/2025,quinta-feira,12:40:00,PR,376.0,460,TIBAGI,Não,Curva acentuada,1.0,Saída de leito carroçável,Com Vítimas Feridas,Pleno dia,Crescente,Sol,Dupla,Declive;Curva;Ponte,Não,1197875.0,Automóvel,RENAULT/SANDERO STEP 16,2016.0,Passageiro,Lesões Leves,6.0,Feminino,0.0,1.0,0.0,0.0,"-24,94778966","-50,39494341",SPRF-PR,DEL03-PR,UOP01-DEL03-PR
665507.0,1501436.0,06/03/2025,quinta-feira,12:40:00,PR,376.0,460,TIBAGI,Não,Declive acentuado,2.0,Colisão com objeto,Com Vítimas Feridas,Pleno dia,Crescente,Sol,Dupla,Declive;Curva;Ponte,Não,1197875.0,Automóvel,RENAULT/SANDERO STEP 16,2016.0,Passageiro,Lesões Leves,6.0,Feminino,0.0,1.0,0.0,0.0,"-24,94778966","-50,39494341",SPRF-PR,DEL03-PR,UOP01-DEL03-PR
665507.0,1501436.0,06/03/2025,quinta-feira,12:40:00,PR,376.0,460,TIBAGI,Não,Declive acentuado,1.0,Saída de leito carroçável,Com Vítimas Feridas,Pleno dia,Crescente,Sol,Dupla,Declive;Curva;Ponte,Não,1197875.0,Automóvel,RENAULT/SANDERO STEP 16,2016.0,Passageiro,Lesões Leves,6.0,Feminino,0.0,1.0,0.0,0.0,"-24,94778966","-50,39494341",SPRF-PR,DEL03-PR,UOP01-DEL03-PR
665507.0,1501436.0,06/03/2025,quinta-feira,12:40:00,PR,376.0,460,TIBAGI,Não,Velocidade Incompatível,2.0,Colisão com objeto,Com Vítimas Feridas,Pleno dia,Crescente,Sol,Dupla,Declive;Curva;Ponte,Não,1197875.0,Automóvel,RENAULT/SANDERO STEP 16,2016.0,Passageiro,Lesões Leves,6.0,Feminino,0.0,1.0,0.0,0.0,"-24,94778966","-50,39494341",SPRF-PR,DEL03-PR,UOP01-DEL03-PR
665507.0,1501436.0,06/03/2025,quinta-feira,12:40:00,PR,376.0,460,TIBAGI,Não,Velocidade Incompatível,1.0,Saída de leito carroçável,Com Vítimas Feridas,Pleno dia,Crescente,Sol,Dupla,Declive;Curva;Ponte,Não,1197875.0,Automóvel,RENAULT/SANDERO STEP 16,2016.0,Passageiro,Lesões Leves,6.0,Feminino,0.0,1.0,0.0,0.0,"-24,94778966","-50,39494341",SPRF-PR,DEL03-PR,UOP01-DEL03-PR
665507.0,1501436.0,06/03/2025,quinta-feira,12:40:00,PR,376.0,460,TIBAGI,Sim,Acumulo de óleo sobre o pavimento,2.0,Colisão com objeto,Com Vítimas Feridas,Pleno dia,Crescente,Sol,Dupla,Declive;Curva;Ponte,Não,1197875.0,Automóvel,RENAULT/SANDERO STEP 16,2016.0,Passageiro,Lesões Leves,6.0,Feminino,0.0,1.0,0.0,0.0,"-24,94778966","-50,39494341",SPRF-PR,DEL03-PR,UOP01-DEL03-PR
665507.0,1501436.0,06/03/2025,quinta-feira,12:40:00,PR,376.0,460,TIBAGI,Sim,Acumulo de óleo sobre o pavimento,1.0,Saída de leito carroçável,Com Vítimas Feridas,Pleno dia,Crescente,Sol,Dupla,Declive;Curva;Ponte,Não,1197875.0,Automóvel,RENAULT/SANDERO STEP 16,2016.0,Passageiro,Lesões Leves,6.0,Feminino,0.0,1.0,0.0,0.0,"-24,94778966","-50,39494341",SPRF-PR,DEL03-PR,UOP01-DEL03-PR
665786.0,1502159.0,07/03/2025,sexta-feira,18:00:00,PR,476.0,145,CURITIBA,Não,Condutor usando celular,1.0,Engavetamento,Com Vítimas Feridas,Anoitecer,Decrescente,Céu Claro,Dupla,Reta;Aclive,Sim,1198452.0,Automóvel,CHEV/PRISMA 10MT JOYE,2019.0,Passageiro,Ileso,11.0,Feminino,1.0,0.0,0.0,0.0,"-25,5489056","-49,3241192",SPRF-PR,DEL01-PR,UOP06-DEL01-PR
665786.0,1502158.0,07/03/2025,sexta-feira,18:00:00,PR,476.0,145,CURITIBA,Não,Condutor usando celular,1.0,Engavetamento,Com Vítimas Feridas,Anoitecer,Decrescente,Céu Claro,Dupla,Reta;Aclive,Sim,1198452.0,Automóvel,CHEV/PRISMA 10MT JOYE,2019.0,Passageiro,Ileso,9.0,Feminino,1.0,0.0,0.0,0.0,"-25,5489056","-49,3241192",SPRF-PR,DEL01-PR,UOP06-DEL01-PR
665786.0,1502159.0,07/03/2025,sexta-feira,18:00:00,PR,476.0,145,CURITIBA,Sim,Reação tardia ou ineficiente do condutor,1.0,Engavetamento,Com Vítimas Feridas,Anoitecer,Decrescente,Céu Claro,Dupla,Reta;Aclive,Sim,1198452.0,Automóvel,CHEV/PRISMA 10MT JOYE,2019.0,Passageiro,Ileso,11.0,Feminino,1.0,0.0,0.0,0.0,"-25,5489056","-49,3241192",SPRF-PR,DEL01-PR,UOP06-DEL01-PR
665786.0,1502158.0,07/03/2025,sexta-feira,18:00:00,PR,476.0,145,CURITIBA,Sim,Reação tardia ou ineficiente do condutor,1.0,Engavetamento,Com Vítimas Feridas,Anoitecer,Decrescente,Céu Claro,Dupla,Reta;Aclive,Sim,1198452.0,Automóvel,CHEV/PRISMA 10MT JOYE,2019.0,Passageiro,Ileso,9.0,Feminino,1.0,0.0,0.0,0.0,"-25,5489056","-49,3241192",SPRF-PR,DEL01-PR,UOP06-DEL01-PR
665797.0,1502233.0,07/03/2025,sexta-feira,19:45:00,PR,116.0,146,MANDIRITUBA,Não,Condutor deixou de manter distância do veículo da frente,4.0,Colisão com objeto,Com Vítimas Feridas,Plena Noite,Crescente,Céu Claro,Simples,Reta,Não,1198500.0,Ônibus,MERCEDES BENZ/,1973.0,Passageiro,Lesões Leves,9.0,Masculino,0.0,1.0,0.0,0.0,"-25,820747","-49,334195",SPRF-PR,DEL01-PR,UOP03-DEL01-PR
665797.0,1502233.0,07/03/2025,sexta-feira,19:45:00,PR,116.0,146,MANDIRITUBA,Não,Condutor deixou de manter distância do veículo da frente,3.0,Colisão transversal,Com Vítimas Feridas,Plena Noite,Crescente,Céu Claro,Simples,Reta,Não,1198500.0,Ônibus,MERCEDES BENZ/,1973.0,Passageiro,Lesões Leves,9.0,Masculino,0.0,1.0,0.0,0.0,"-25,820747","-49,334195",SPRF-PR,DEL01-PR,UOP03-DEL01-PR
665797.0,1502233.0,07/03/2025,sexta-feira,19:45:00,PR,116.0,146,MANDIRITUBA,Não,Condutor deixou de manter distância do veículo da frente,2.0,Colisão lateral mesmo sentido,Com Vítimas Feridas,Plena Noite,Crescente,Céu Claro,Simples,Reta,Não,1198500.0,Ônibus,MERCEDES BENZ/,1973.0,Passageiro,Lesões Leves,9.0,Masculino,0.0,1.0,0.0,0.0,"-25,820747","-49,334195",SPRF-PR,DEL01-PR,UOP03-DEL01-PR
665797.0,1502233.0,07/03/2025,sexta-feira,19:45:00,PR,116.0,146,MANDIRITUBA,Não,Condutor deixou de manter distância do veículo da frente,1.0,Colisão frontal,Com Vítimas Feridas,Plena Noite,Crescente,Céu Claro,Simples,Reta,Não,1198500.0,Ônibus,MERCEDES BENZ/,1973.0,Passageiro,Lesões Leves,9.0,Masculino,0.0,1.0,0.0,0.0,"-25,820747","-49,334195",SPRF-PR,DEL01-PR,UOP03-DEL01-PR
665797.0,1502233.0,07/03/2025,sexta-feira,19:45:00,PR,116.0,146,MANDIRITUBA,Não,Ultrapassagem Indevida,4.0,Colisão com objeto,Com Vítimas Feridas,Plena Noite,Crescente,Céu Claro,Simples,Reta,Não,1198500.0,Ônibus,MERCEDES BENZ/,1973.0,Passageiro,Lesões Leves,9.0,Masculino,0.0,1.0,0.0,0.0,"-25,820747","-49,334195",SPRF-PR,DEL01-PR,UOP03-DEL01-PR
665797.0,1502233.0,07/03/2025,sexta-feira,19:45:00,PR,116.0,146,MANDIRITUBA,Não,Ultrapassagem Indevida,3.0,Colisão transversal,Com Vítimas Feridas,Plena Noite,Crescente,Céu Claro,Simples,Reta,Não,1198500.0,Ônibus,MERCEDES BENZ/,1973.0,Passageiro,Lesões Leves,9.0,Masculino,0.0,1.0,0.0,0.0,"-25,820747","-49,334195",SPRF-PR,DEL01-PR,UOP03-DEL01-PR
665797.0,1502233.0,07/03/2025,sexta-feira,19:45:00,PR,116.0,146,MANDIRITUBA,Não,Ultrapassagem Indevida,2.0,Colisão lateral mesmo sentido,Com Vítimas Feridas,Plena Noite,Crescente,Céu Claro,Simples,Reta,Não,1198500.0,Ônibus,MERCEDES BENZ/,1973.0,Passageiro,Lesões Leves,9.0,Masculino,0.0,1.0,0.0,0.0,"-25,820747","-49,334195",SPRF-PR,DEL01-PR,UOP03-DEL01-PR
665797.0,1502233.0,07/03/2025,sexta-feira,19:45:00,PR,116.0,146,MANDIRITUBA,Não,Ultrapassagem Indevida,1.0,Colisão frontal,Com Vítimas Feridas,Plena Noite,Crescente,Céu Claro,Simples,Reta,Não,1198500.0,Ônibus,MERCEDES BENZ/,1973.0,Passageiro,Lesões Leves,9.0,Masculino,0.0,1.0,0.0,0.0,"-25,820747","-49,334195",SPRF-PR,DEL01-PR,UOP03-DEL01-PR
665797.0,1502233.0,07/03/2025,sexta-feira,19:45:00,PR,116.0,146,MANDIRITUBA,Não,Reação tardia ou ineficiente do condutor,4.0,Colisão com objeto,Com Vítimas Feridas,Plena Noite,Crescente,Céu Claro,Simples,Reta,Não,1198500.0,Ônibus,MERCEDES BENZ/,1973.0,Passageiro,Lesões Leves,9.0,Masculino,0.0,1.0,0.0,0.0,"-25,820747","-49,334195",SPRF-PR,DEL01-PR,UOP03-DEL01-PR
665797.0,1502233.0,07/03/2025,sexta-feira,19:45:00,PR,116.0,146,MANDIRITUBA,Não,Reação tardia ou ineficiente do condutor,3.0,Colisão transversal,Com Vítimas Feridas,Plena Noite,Crescente,Céu Claro,Simples,Reta,Não,1198500.0,Ônibus,MERCEDES BENZ/,1973.0,Passageiro,Lesões Leves,9.0,Masculino,0.0,1.0,0.0,0.0,"-25,820747","-49,334195",SPRF-PR,DEL01-PR,UOP03-DEL01-PR
665797.0,1502233.0,07/03/2025,sexta-feira,19:45:00,PR,116.0,146,MANDIRITUBA,Não,Reação tardia ou ineficiente do condutor,2.0,Colisão lateral mesmo sentido,Com Vítimas Feridas,Plena Noite,Crescente,Céu Claro,Simples,Reta,Não,1198500.0,Ônibus,MERCEDES BENZ/,1973.0,Passageiro,Lesões Leves,9.0,Masculino,0.0,1.0,0.0,0.0,"-25,820747","-49,334195",SPRF-PR,DEL01-PR,UOP03-DEL01-PR
665797.0,1502233.0,07/03/2025,sexta-feira,19:45:00,PR,116.0,146,MANDIRITUBA,Não,Reação tardia ou ineficiente do condutor,1.0,Colisão frontal,Com Vítimas Feridas,Plena Noite,Crescente,Céu Claro,Simples,Reta,Não,1198500.0,Ônibus,MERCEDES BENZ/,1973.0,Passageiro,Lesões Leves,9.0,Masculino,0.0,1.0,0.0,0.0,"-25,820747","-49,334195",SPRF-PR,DEL01-PR,UOP03-DEL01-PR
665797.0,1502233.0,07/03/2025,sexta-feira,19:45:00,PR,116.0,146,MANDIRITUBA,Sim,Transitar na contramão,4.0,Colisão com objeto,Com Vítimas Feridas,Plena Noite,Crescente,Céu Claro,Simples,Reta,Não,1198500.0,Ônibus,MERCEDES BENZ/,1973.0,Passageiro,Lesões Leves,9.0,Masculino,0.0,1.0,0.0,0.0,"-25,820747","-49,334195",SPRF-PR,DEL01-PR,UOP03-DEL01-PR
665797.0,1502233.0,07/03/2025,sexta-feira,19:45:00,PR,116.0,146,MANDIRITUBA,Sim,Transitar na contramão,3.0,Colisão transversal,Com Vítimas Feridas,Plena Noite,Crescente,Céu Claro,Simples,Reta,Não,1198500.0,Ônibus,MERCEDES BENZ/,1973.0,Passageiro,Lesões Leves,9.0,Masculino,0.0,1.0,0.0,0.0,"-25,820747","-49,334195",SPRF-PR,DEL01-PR,UOP03-DEL01-PR
665797.0,1502233.0,07/03/2025,sexta-feira,19:45:00,PR,116.0,146,MANDIRITUBA,Sim,Transitar na contramão,2.0,Colisão lateral mesmo sentido,Com Vítimas Feridas,Plena Noite,Crescente,Céu Claro,Simples,Reta,Não,1198500.0,Ônibus,MERCEDES BENZ/,1973.0,Passageiro,Lesões Leves,9.0,Masculino,0.0,1.0,0.0,0.0,"-25,820747","-49,334195",SPRF-PR,DEL01-PR,UOP03-DEL01-PR
665797.0,1502233.0,07/03/2025,sexta-feira,19:45:00,PR,116.0,146,MANDIRITUBA,Sim,Transitar na contramão,1.0,Colisão frontal,Com Vítimas Feridas,Plena Noite,Crescente,Céu Claro,Simples,Reta,Não,1198500.0,Ônibus,MERCEDES BENZ/,1973.0,Passageiro,Lesões Leves,9.0,Masculino,0.0,1.0,0.0,0.0,"-25,820747","-49,334195",SPRF-PR,DEL01-PR,UOP03-DEL01-PR
666185.0,1502986.0,09/03/2025,domingo,17:32:00,PR,277.0,"309,8",GUARAPUAVA,Não,Ultrapassagem Indevida,1.0,Colisão traseira,Sem Vítimas,Pleno dia,Decrescente,Céu Claro,Simples,Declive,Não,1199077.0,Caminhonete,I/FORD TRANSIT TCA AMBUL,2022.0,Passageiro,Ileso,12.0,Masculino,1.0,0.0,0.0,0.0,"-25,3115824","-51,213271",SPRF-PR,DEL08-PR,UOP01-DEL08-PR
666185.0,1502986.0,09/03/2025,domingo,17:32:00,PR,277.0,"309,8",GUARAPUAVA,Não,Velocidade Incompatível,1.0,Colisão traseira,Sem Vítimas,Pleno dia,Decrescente,Céu Claro,Simples,Declive,Não,1199077.0,Caminhonete,I/FORD TRANSIT TCA AMBUL,2022.0,Passageiro,Ileso,12.0,Masculino,1.0,0.0,0.0,0.0,"-25,3115824","-51,213271",SPRF-PR,DEL08-PR,UOP01-DEL08-PR
666185.0,1502986.0,09/03/2025,domingo,17:32:00,PR,277.0,"309,8",GUARAPUAVA,Não,Frear bruscamente,1.0,Colisão traseira,Sem Vítimas,Pleno dia,Decrescente,Céu Claro,Simples,Declive,Não,1199077.0,Caminhonete,I/FORD TRANSIT TCA AMBUL,2022.0,Passageiro,Ileso,12.0,Masculino,1.0,0.0,0.0,0.0,"-25,3115824","-51,213271",SPRF-PR,DEL08-PR,UOP01-DEL08-PR
666185.0,1502986.0,09/03/2025,domingo,17:32:00,PR,277.0,"309,8",GUARAPUAVA,Sim,Reação tardia ou ineficiente do condutor,1.0,Colisão traseira,Sem Vítimas,Pleno dia,Decrescente,Céu Claro,Simples,Declive,Não,1199077.0,Caminhonete,I/FORD TRANSIT TCA AMBUL,2022.0,Passageiro,Ileso,12.0,Masculino,1.0,0.0,0.0,0.0,"-25,3115824","-51,213271",SPRF-PR,DEL08-PR,UOP01-DEL08-PR