id,pesid,data_inversa,dia_semana,horario,uf,br,km,municipio,causa_principal,causa_acidente,ordem_tipo_acidente,tipo_acidente,classificacao_acidente,fase_dia,sentido_via,condicao_metereologica,tipo_pista,tracado_via,uso_solo,id_veiculo,tipo_veiculo,marca,ano_fabricacao_veiculo,tipo_envolvido,estado_fisico,idade,sexo,ilesos,feridos_leves,feridos_graves,mortos,latitude,longitude,regional,delegacia,uop
666930.0,1504781.0,23/02/2025,domingo,16:40:00,PR,476.0,14,ADRIANOPOLIS,Não,Falta de elemento de contenção que evite a saída do leito carroçável,2.0,Saída de leito carroçável,Com Vítimas Feridas,Pleno dia,Decrescente,Céu Claro,Simples,Curva;Aclive,Não,1200484.0,Automóvel,FORD/FIESTA SUPERCHARGER,2006.0,Passageiro,Lesões Leves,15.0,Feminino,0.0,1.0,0.0,0.0,"-24,73551","-48,984659",SPRF-PR,DEL01-PR,UOP01-DEL01-PR
666930.0,1504782.0,23/02/2025,domingo,16:40:00,PR,476.0,14,ADRIANOPOLIS,Não,Falta de elemento de contenção que evite a saída do leito carroçável,1.0,Colisão lateral sentido oposto,Com Vítimas Feridas,Pleno dia,Decrescente,Céu Claro,Simples,Curva;Aclive,Não,1200484.0,Automóvel,FORD/FIESTA SUPERCHARGER,2006.0,Passageiro,Lesões Leves,8.0,Feminino,0.0,1.0,0.0,0.0,"-24,73551","-48,984659",SPRF-PR,DEL01-PR,UOP01-DEL01-PR
666930.0,1504781.0,23/02/2025,domingo,16:40:00,PR,476.0,14,ADRIANOPOLIS,Não,Falta de elemento de contenção que evite a saída do leito carroçável,1.0,Colisão lateral sentido oposto,Com Vítimas Feridas,Pleno dia,Decrescente,Céu Claro,Simples,Curva;Aclive,Não,1200484.0,Automóvel,FORD/FIESTA SUPERCHARGER,2006.0,Passageiro,Lesões Leves,15.0,Feminino,0.0,1.0,0.0,0.0,"-24,73551","-48,984659",SPRF-PR,DEL01-PR,UOP01-DEL01-PR
666930.0,1504782.0,23/02/2025,domingo,16:40:00,PR,476.0,14,ADRIANOPOLIS,Não,Curva acentuada,3.0,Tombamento,Com Vítimas Feridas,Pleno dia,Decrescente,Céu Claro,Simples,Curva;Aclive,Não,1200484.0,Automóvel,FORD/FIESTA SUPERCHARGER,2006.0,Passageiro,Lesões Leves,8.0,Feminino,0.0,1.0,0.0,0.0,"-24,73551","-48,984659",SPRF-PR,DEL01-PR,UOP01-DEL01-PR
666930.0,1504781.0,23/02/2025,domingo,16:40:00,PR,476.0,14,ADRIANOPOLIS,Não,Curva acentuada,3.0,Tombamento,Com Vítimas Feridas,Pleno dia,Decrescente,Céu Claro,Simples,Curva;Aclive,Não,1200484.0,Automóvel,FORD/FIESTA SUPERCHARGER,2006.0,Passageiro,Lesões Leves,15.0,Feminino,0.0,1.0,0.0,0.0,"-24,73551","-48,984659",SPRF-PR,DEL01-PR,UOP01-DEL01-PR
666930.0,1504782.0,23/02/2025,domingo,16:40:00,PR,476.0,14,ADRIANOPOLIS,Não,Curva acentuada,2.0,Saída de leito carroçável,Com Vítimas Feridas,Pleno dia,Decrescente,Céu Claro,Simples,Curva;Aclive,Não,1200484.0,Automóvel,FORD/FIESTA SUPERCHARGER,2006.0,Passageiro,Lesões Leves,8.0,Feminino,0.0,1.0,0.0,0.0,"-24,73551","-48,984659",SPRF-PR,DEL01-PR,UOP01-DEL01-PR
666930.0,1504781.0,23/02/2025,domingo,16:40:00,PR,476.0,14,ADRIANOPOLIS,Não,Curva acentuada,2.0,Saída de leito carroçável,Com Vítimas Feridas,Pleno dia,Decrescente,Céu Claro,Simples,Curva;Aclive,Não,1200484.0,Automóvel,FORD/FIESTA SUPERCHARGER,2006.0,Passageiro,Lesões Leves,15.0,Feminino,0.0,1.0,0.0,0.0,"-24,73551","-48,984659",SPRF-PR,DEL01-PR,UOP01-DEL01-PR
666930.0,1504782.0,23/02/2025,domingo,16:40:00,PR,476.0,14,ADRIANOPOLIS,Não,Curva acentuada,1.0,Colisão lateral sentido oposto,Com Vítimas Feridas,Pleno dia,Decrescente,Céu Claro,Simples,Curva;Aclive,Não,1200484.0,Automóvel,FORD/FIESTA SUPERCHARGER,2006.0,Passageiro,Lesões Leves,8.0,Feminino,0.0,1.0,0.0,0.0,"-24,73551","-48,984659",SPRF-PR,DEL01-PR,UOP01-DEL01-PR
666930.0,1504781.0,23/02/2025,domingo,16:40:00,PR,476.0,14,ADRIANOPOLIS,Não,Curva acentuada,1.0,Colisão lateral sentido oposto,Com Vítimas Feridas,Pleno dia,Decrescente,Céu Claro,Simples,Curva;Aclive,Não,1200484.0,Automóvel,FORD/FIESTA SUPERCHARGER,2006.0,Passageiro,Lesões Leves,15.0,Feminino,0.0,1.0,0.0,0.0,"-24,73551","-48,984659",SPRF-PR,DEL01-PR,UOP01-DEL01-PR
666930.0,1504782.0,23/02/2025,domingo,16:40:00,PR,476.0,14,ADRIANOPOLIS,Não,Ausência de reação do condutor,3.0,Tombamento,Com Vítimas Feridas,Pleno dia,Decrescente,Céu Claro,Simples,Curva;Aclive,Não,1200484.0,Automóvel,FORD/FIESTA SUPERCHARGER,2006.0,Passageiro,Lesões Leves,8.0,Feminino,0.0,1.0,0.0,0.0,"-24,73551","-48,984659",SPRF-PR,DEL01-PR,UOP01-DEL01-PR
666930.0,1504781.0,23/02/2025,domingo,16:40:00,PR,476.0,14,ADRIANOPOLIS,Não,Ausência de reação do condutor,3.0,Tombamento,Com Vítimas Feridas,Pleno dia,Decrescente,Céu Claro,Simples,Curva;Aclive,Não,1200484.0,Automóvel,FORD/FIESTA SUPERCHARGER,2006.0,Passageiro,Lesões Leves,15.0,Feminino,0.0,1.0,0.0,0.0,"-24,73551","-48,984659",SPRF-PR,DEL01-PR,UOP01-DEL01-PR
666930.0,1504782.0,23/02/2025,domingo,16:40:00,PR,476.0,14,ADRIANOPOLIS,Não,Ausência de reação do condutor,2.0,Saída de leito carroçável,Com Vítimas Feridas,Pleno dia,Decrescente,Céu Claro,Simples,Curva;Aclive,Não,1200484.0,Automóvel,FORD/FIESTA SUPERCHARGER,2006.0,Passageiro,Lesões Leves,8.0,Feminino,0.0,1.0,0.0,0.0,"-24,73551","-48,984659",SPRF-PR,DEL01-PR,UOP01-DEL01-PR
666930.0,1504781.0,23/02/2025,domingo,16:40:00,PR,476.0,14,ADRIANOPOLIS,Não,Ausência de reação do condutor,2.0,Saída de leito carroçável,Com Vítimas Feridas,Pleno dia,Decrescente,Céu Claro,Simples,Curva;Aclive,Não,1200484.0,Automóvel,FORD/FIESTA SUPERCHARGER,2006.0,Passageiro,Lesões Leves,15.0,Feminino,0.0,1.0,0.0,0.0,"-24,73551","-48,984659",SPRF-PR,DEL01-PR,UOP01-DEL01-PR
666930.0,1504782.0,23/02/2025,domingo,16:40:00,PR,476.0,14,ADRIANOPOLIS,Não,Ausência de reação do condutor,1.0,Colisão lateral sentido oposto,Com Vítimas Feridas,Pleno dia,Decrescente,Céu Claro,Simples,Curva;Aclive,Não,1200484.0,Automóvel,FORD/FIESTA SUPERCHARGER,2006.0,Passageiro,Lesões Leves,8.0,Feminino,0.0,1.0,0.0,0.0,"-24,73551","-48,984659",SPRF-PR,DEL01-PR,UOP01-DEL01-PR
666930.0,1504781.0,23/02/2025,domingo,16:40:00,PR,476.0,14,ADRIANOPOLIS,Não,Ausência de reação do condutor,1.0,Colisão lateral sentido oposto,Com Vítimas Feridas,Pleno dia,Decrescente,Céu Claro,Simples,Curva;Aclive,Não,1200484.0,Automóvel,FORD/FIESTA SUPERCHARGER,2006.0,Passageiro,Lesões Leves,15.0,Feminino,0.0,1.0,0.0,0.0,"-24,73551","-48,984659",SPRF-PR,DEL01-PR,UOP01-DEL01-PR
666930.0,1504782.0,23/02/2025,domingo,16:40:00,PR,476.0,14,ADRIANOPOLIS,Sim,Velocidade Incompatível,3.0,Tombamento,Com Vítimas Feridas,Pleno dia,Decrescente,Céu Claro,Simples,Curva;Aclive,Não,1200484.0,Automóvel,FORD/FIESTA SUPERCHARGER,2006.0,Passageiro,Lesões Leves,8.0,Feminino,0.0,1.0,0.0,0.0,"-24,73551","-48,984659",SPRF-PR,DEL01-PR,UOP01-DEL01-PR
666930.0,1504781.0,23/02/2025,domingo,16:40:00,PR,476.0,14,ADRIANOPOLIS,Sim,Velocidade Incompatível,3.0,Tombamento,Com Vítimas Feridas,Pleno dia,Decrescente,Céu Claro,Simples,Curva;Aclive,Não,1200484.0,Automóvel,FORD/FIESTA SUPERCHARGER,2006.0,Passageiro,Lesões Leves,15.0,Feminino,0.0,1.0,0.0,0.0,"-24,73551","-48,984659",SPRF-PR,DEL01-PR,UOP01-DEL01-PR
666930.0,1504782.0,23/02/2025,domingo,16:40:00,PR,476.0,14,ADRIANOPOLIS,Sim,Velocidade Incompatível,2.0,Saída de leito carroçável,Com Vítimas Feridas,Pleno dia,Decrescente,Céu Claro,Simples,Curva;Aclive,Não,1200484.0,Automóvel,FORD/FIESTA SUPERCHARGER,2006.0,Passageiro,Lesões Leves,8.0,Feminino,0.0,1.0,0.0,0.0,"-24,73551","-48,984659",SPRF-PR,DEL01-PR,UOP01-DEL01-PR
666930.0,1504781.0,23/02/2025,domingo,16:40:00,PR,476.0,14,ADRIANOPOLIS,Sim,Velocidade Incompatível,2.0,Saída de leito carroçável,Com Vítimas Feridas,Pleno dia,Decrescente,Céu Claro,Simples,Curva;Aclive,Não,1200484.0,Automóvel,FORD/FIESTA SUPERCHARGER,2006.0,Passageiro,Lesões Leves,15.0,Feminino,0.0,1.0,0.0,0.0,"-24,73551","-48,984659",SPRF-PR,DEL01-PR,UOP01-DEL01-PR
666930.0,1504782.0,23/02/2025,domingo,16:40:00,PR,476.0,14,ADRIANOPOLIS,Sim,Velocidade Incompatível,1.0,Colisão lateral sentido oposto,Com Vítimas Feridas,Pleno dia,Decrescente,Céu Claro,Simples,Curva;Aclive,Não,1200484.0,Automóvel,FORD/FIESTA SUPERCHARGER,2006.0,Passageiro,Lesões Leves,8.0,Feminino,0.0,1.0,0.0,0.0,"-24,73551","-48,984659",SPRF-PR,DEL01-PR,UOP01-DEL01-PR
666930.0,1504781.0,23/02/2025,domingo,16:40:00,PR,476.0,14,ADRIANOPOLIS,Sim,Velocidade Incompatível,1.0,Colisão lateral sentido oposto,Com Vítimas Feridas,Pleno dia,Decrescente,Céu Claro,Simples,Curva;Aclive,Não,1200484.0,Automóvel,FORD/FIESTA SUPERCHARGER,2006.0,Passageiro,Lesões Leves,15.0,Feminino,0.0,1.0,0.0,0.0,"-24,73551","-48,984659",SPRF-PR,DEL01-PR,UOP01-DEL01-PR
667819.0,1507019.0,17/03/2025,segunda-feira,10:00:00,PR,116.0,125,FAZENDA RIO GRANDE,Sim,Manobra de mudança de faixa,2.0,Colisão com objeto,Com Vítimas Feridas,Plena Noite,Crescente,Nublado,Dupla,Reta;Aclive,Sim,1202219.0,Automóvel,IMP/VW VOYAGE GL,1993.0,Passageiro,Lesões Leves,6.0,Masculino,0.0,1.0,0.0,0.0,"-25,6317627","-49,3135288",SPRF-PR,DEL01-PR,UOP03-DEL01-PR
667819.0,1507019.0,17/03/2025,segunda-feira,10:00:00,PR,116.0,125,FAZENDA RIO GRANDE,Sim,Manobra de mudança de faixa,1.0,Colisão lateral mesmo sentido,Com Vítimas Feridas,Plena Noite,Crescente,Nublado,Dupla,Reta;Aclive,Sim,1202219.0,Automóvel,IMP/VW VOYAGE GL,1993.0,Passageiro,Lesões Leves,6.0,Masculino,0.0,1.0,0.0,0.0,"-25,6317627","-49,3135288",SPRF-PR,DEL01-PR,UOP03-DEL01-PR
667906.0,1509061.0,17/03/2025,segunda-feira,17:52:00,PR,369.0,"146,9",LONDRINA,Sim,Ausência de reação do condutor,2.0,Colisão traseira,Com Vítimas Feridas,Pleno dia,Crescente,Céu Claro,Dupla,Reta,Sim,1202373.0,Automóvel,CHEVROLET/ONIX 1.0MT LT,2015.0,Passageiro,Lesões Leves,10.0,Feminino,0.0,1.0,0.0,0.0,"-23,29313549","-51,13040144",SPRF-PR,DEL07-PR,UOP01-DEL07-PR
667906.0,1509061.0,17/03/2025,segunda-feira,17:52:00,PR,369.0,"146,9",LONDRINA,Sim,Ausência de reação do condutor,1.0,Colisão traseira,Com Vítimas Feridas,Pleno dia,Crescente,Céu Claro,Dupla,Reta,Sim,1202373.0,Automóvel,CHEVROLET/ONIX 1.0MT LT,2015.0,Passageiro,Lesões Leves,10.0,Feminino,0.0,1.0,0.0,0.0,"-23,29313549","-51,13040144",SPRF-PR,DEL07-PR,UOP01-DEL07-PR
668205.0,1507939.0,19/03/2025,quarta-feira,08:50:00,PR,163.0,"139,6",CAPITAO LEONIDAS MARQUES,Sim,Ultrapassagem Indevida,2.0,Colisão lateral mesmo sentido,Com Vítimas Feridas,Pleno dia,Crescente,Sol,Simples,Curva,Não,1202994.0,Automóvel,VW/NOVO GOL 1.6 CITY,2012.0,Passageiro,Lesões Leves,13.0,Feminino,0.0,1.0,0.0,0.0,"-25,48248629","-53,59173775",SPRF-PR,DEL05-PR,UOP05-DEL05-PR
668205.0,1507939.0,19/03/2025,quarta-feira,08:50:00,PR,163.0,"139,6",CAPITAO LEONIDAS MARQUES,Sim,Ultrapassagem Indevida,1.0,Colisão frontal,Com Vítimas Feridas,Pleno dia,Crescente,Sol,Simples,Curva,Não,1202994.0,Automóvel,VW/NOVO GOL 1.6 CITY,2012.0,Passageiro,Lesões Leves,13.0,Feminino,0.0,1.0,0.0,0.0,"-25,48248629","-53,59173775",SPRF-PR,DEL05-PR,UOP05-DEL05-PR
668327.0,1508490.0,19/03/2025,quarta-feira,21:00:00,PR,376.0,491,PONTA GROSSA,Não,Velocidade Incompatível,3.0,Incêndio,Com Vítimas Fatais,Plena Noite,Crescente,Céu Claro,Dupla,Reta;Declive,Não,1203231.0,Automóvel,FIAT/PUNTO ELX 1.4,2010.0,Passageiro,Lesões Leves,1.0,Feminino,0.0,1.0,0.0,0.0,"-25,1094813","-50,1902161",SPRF-PR,DEL03-PR,UOP04-DEL03-PR
668327.0,1508490.0,19/03/2025,quarta-feira,21:00:00,PR,376.0,491,PONTA GROSSA,Não,Velocidade Incompatível,2.0,Tombamento,Com Vítimas Fatais,Plena Noite,Crescente,Céu Claro,Dupla,Reta;Declive,Não,1203231.0,Automóvel,FIAT/PUNTO ELX 1.4,2010.0,Passageiro,Lesões Leves,1.0,Feminino,0.0,1.0,0.0,0.0,"-25,1094813","-50,1902161",SPRF-PR,DEL03-PR,UOP04-DEL03-PR
668327.0,1508490.0,19/03/2025,quarta-feira,21:00:00,PR,376.0,491,PONTA GROSSA,Não,Velocidade Incompatível,1.0,Engavetamento,Com Vítimas Fatais,Plena Noite,Crescente,Céu Claro,Dupla,Reta;Declive,Não,1203231.0,Automóvel,FIAT/PUNTO ELX 1.4,2010.0,Passageiro,Lesões Leves,1.0,Feminino,0.0,1.0,0.0,0.0,"-25,1094813","-50,1902161",SPRF-PR,DEL03-PR,UOP04-DEL03-PR
668327.0,1508490.0,19/03/2025,quarta-feira,21:00:00,PR,376.0,491,PONTA GROSSA,Sim,Reação tardia ou ineficiente do condutor,3.0,Incêndio,Com Vítimas Fatais,Plena Noite,Crescente,Céu Claro,Dupla,Reta;Declive,Não,1203231.0,Automóvel,FIAT/PUNTO ELX 1.4,2010.0,Passageiro,Lesões Leves,1.0,Feminino,0.0,1.0,0.0,0.0,"-25,1094813","-50,1902161",SPRF-PR,DEL03-PR,UOP04-DEL03-PR
668327.0,1508490.0,19/03/2025,quarta-feira,21:00:00,PR,376.0,491,PONTA GROSSA,Sim,Reação tardia ou ineficiente do condutor,2.0,Tombamento,Com Vítimas Fatais,Plena Noite,Crescente,Céu Claro,Dupla,Reta;Declive,Não,1203231.0,Automóvel,FIAT/PUNTO ELX 1.4,2010.0,Passageiro,Lesões Leves,1.0,Feminino,0.0,1.0,0.0,0.0,"-25,1094813","-50,1902161",SPRF-PR,DEL03-PR,UOP04-DEL03-PR
668327.0,1508490.0,19/03/2025,quarta-feira,21:00:00,PR,376.0,491,PONTA GROSSA,Sim,Reação tardia ou ineficiente do condutor,1.0,Engavetamento,Com Vítimas Fatais,Plena Noite,Crescente,Céu Claro,Dupla,Reta;Declive,Não,1203231.0,Automóvel,FIAT/PUNTO ELX 1.4,2010.0,Passageiro,Lesões Leves,1.0,Feminino,0.0,1.0,0.0,0.0,"-25,1094813","-50,1902161",SPRF-PR,DEL03-PR,UOP04-DEL03-PR
668467.0,1508489.0,20/03/2025,quinta-feira,14:20:00,PR,116.0,8,CAMPINA GRANDE DO SUL,Sim,Reação tardia ou ineficiente do condutor,1.0,Colisão traseira,Com Vítimas Feridas,Pleno dia,Crescente,Céu Claro,Dupla,Curva;Declive,Não,1203421.0,Automóvel,FIAT/UNO VIVACE 1.0,2014.0,Passageiro,Lesões Leves,13.0,Masculino,0.0,1.0,0.0,0.0,"-25,08123277","-48,62449108",SPRF-PR,DEL01-PR,UOP02-DEL01-PR
668700.0,1509112.0,21/03/2025,sexta-feira,19:50:00,PR,277.0,12,PARANAGUA,Não,Acessar a via sem observar a presença dos outros veículos,1.0,Colisão transversal,Com Vítimas Feridas,Plena Noite,Decrescente,Céu Claro,Dupla,Reta,Não,1203940.0,Automóvel,GM/CORSA SEDAN,2002.0,Passageiro,Lesões Leves,16.0,Masculino,0.0,1.0,0.0,0.0,"-25,562992","-48,638528",SPRF-PR,DEL01-PR,UOP05-DEL01-PR
668700.0,1509111.0,21/03/2025,sexta-feira,19:50:00,PR,277.0,12,PARANAGUA,Não,Acessar a via sem observar a presença dos outros veículos,1.0,Colisão transversal,Com Vítimas Feridas,Plena Noite,Decrescente,Céu Claro,Dupla,Reta,Não,1203940.0,Automóvel,GM/CORSA SEDAN,2002.0,Passageiro,Lesões Leves,16.0,Masculino,0.0,1.0,0.0,0.0,"-25,562992","-48,638528",SPRF-PR,DEL01-PR,UOP05-DEL01-PR
668700.0,1509110.0,21/03/2025,sexta-feira,19:50:00,PR,277.0,12,PARANAGUA,Não,Acessar a via sem observar a presença dos outros veículos,1.0,Colisão transversal,Com Vítimas Feridas,Plena Noite,Decrescente,Céu Claro,Dupla,Reta,Não,1203940.0,Automóvel,GM/CORSA SEDAN,2002.0,Passageiro,Lesões Leves,7.0,Feminino,0.0,1.0,0.0,0.0,"-25,562992","-48,638528",SPRF-PR,DEL01-PR,UOP05-DEL01-PR
668700.0,1509112.0,21/03/2025,sexta-feira,19:50:00,PR,277.0,12,PARANAGUA,Sim,Ausência de reação do condutor,1.0,Colisão transversal,Com Vítimas Feridas,Plena Noite,Decrescente,Céu Claro,Dupla,Reta,Não,1203940.0,Automóvel,GM/CORSA SEDAN,2002.0,Passageiro,Lesões Leves,16.0,Masculino,0.0,1.0,0.0,0.0,"-25,562992","-48,638528",SPRF-PR,DEL01-PR,UOP05-DEL01-PR
668700.0,1509111.0,21/03/2025,sexta-feira,19:50:00,PR,277.0,12,PARANAGUA,Sim,Ausência de reação do condutor,1.0,Colisão transversal,Com Vítimas Feridas,Plena Noite,Decrescente,Céu Claro,Dupla,Reta,Não,1203940.0,Automóvel,GM/CORSA SEDAN,2002.0,Passageiro,Lesões Leves,16.0,Masculino,0.0,1.0,0.0,0.0,"-25,562992","-48,638528",SPRF-PR,DEL01-PR,UOP05-DEL01-PR
668700.0,1509110.0,21/03/2025,sexta-feira,19:50:00,PR,277.0,12,PARANAGUA,Sim,Ausência de reação do condutor,1.0,Colisão transversal,Com Vítimas Feridas,Plena Noite,Decrescente,Céu Claro,Dupla,Reta,Não,1203940.0,Automóvel,GM/CORSA SEDAN,2002.0,Passageiro,Lesões Leves,7.0,Feminino,0.0,1.0,0.0,0.0,"-25,562992","-48,638528",SPRF-PR,DEL01-PR,UOP05-DEL01-PR
668711.0,1510987.0,21/03/2025,sexta-feira,20:00:00,PR,277.0,111,CAMPO LARGO,Sim,Condutor deixou de manter distância do veículo da frente,1.0,Colisão traseira,Com Vítimas Feridas,Plena Noite,Crescente,Nublado,Dupla,Reta,Não,1204091.0,Automóvel,PEUGEOT/208 GRIFFE A,2013.0,Passageiro,Lesões Leves,14.0,Masculino,0.0,1.0,0.0,0.0,"-25,43363683","-49,40939471",SPRF-PR,DEL03-PR,UOP03-DEL03-PR
668732.0,1510216.0,21/03/2025,sexta-feira,20:40:00,PR,373.0,408,FOZ DO JORDAO,Não,Velocidade Incompatível,2.0,Saída de leito carroçável,Com Vítimas Feridas,Plena Noite,Decrescente,Céu Claro,Simples,Reta,Não,1203962.0,Automóvel,VW/GOL 1.0,2004.0,Passageiro,Ileso,13.0,Masculino,1.0,0.0,0.0,0.0,"-25,62837671","-52,09106741",SPRF-PR,DEL08-PR,UOP01-DEL08-PR
668732.0,1510216.0,21/03/2025,sexta-feira,20:40:00,PR,373.0,408,FOZ DO JORDAO,Não,Velocidade Incompatível,1.0,Colisão frontal,Com Vítimas Feridas,Plena Noite,Decrescente,Céu Claro,Simples,Reta,Não,1203962.0,Automóvel,VW/GOL 1.0,2004.0,Passageiro,Ileso,13.0,Masculino,1.0,0.0,0.0,0.0,"-25,62837671","-52,09106741",SPRF-PR,DEL08-PR,UOP01-DEL08-PR
668732.0,1510216.0,21/03/2025,sexta-feira,20:40:00,PR,373.0,408,FOZ DO JORDAO,Não,Ultrapassagem Indevida,2.0,Saída de leito carroçável,Com Vítimas Feridas,Plena Noite,Decrescente,Céu Claro,Simples,Reta,Não,1203962.0,Automóvel,VW/GOL 1.0,2004.0,Passageiro,Ileso,13.0,Masculino,1.0,0.0,0.0,0.0,"-25,62837671","-52,09106741",SPRF-PR,DEL08-PR,UOP01-DEL08-PR
668732.0,1510216.0,21/03/2025,sexta-feira,20:40:00,PR,373.0,408,FOZ DO JORDAO,Não,Ultrapassagem Indevida,1.0,Colisão frontal,Com Vítimas Feridas,Plena Noite,Decrescente,Céu Claro,Simples,Reta,Não,1203962.0,Automóvel,VW/GOL 1.0,2004.0,Passageiro,Ileso,13.0,Masculino,1.0,0.0,0.0,0.0,"-25,62837671","-52,09106741",SPRF-PR,DEL08-PR,UOP01-DEL08-PR
668732.0,1510216.0,21/03/2025,sexta-feira,20:40:00,PR,373.0,408,FOZ DO JORDAO,Sim,Transitar na contramão,2.0,Saída de leito carroçável,Com Vítimas Feridas,Plena Noite,Decrescente,Céu Claro,Simples,Reta,Não,1203962.0,Automóvel,VW/GOL 1.0,2004.0,Passageiro,Ileso,13.0,Masculino,1.0,0.0,0.0,0.0,"-25,62837671","-52,09106741",SPRF-PR,DEL08-PR,UOP01-DEL08-PR
668732.0,1510216.0,21/03/2025,sexta-feira,20:40:00,PR,373.0,408,FOZ DO JORDAO,Sim,Transitar na contramão,1.0,Colisão frontal,Com Vítimas Feridas,Plena Noite,Decrescente,Céu Claro,Simples,Reta,Não,1203962.0,Automóvel,VW/GOL 1.0,2004.0,Passageiro,Ileso,13.0,Masculino,1.0,0.0,0.0,0.0,"-25,62837671","-52,09106741",SPRF-PR,DEL08-PR,UOP01-DEL08-PR
669059.0,1509915.0,23/03/2025,domingo,12:00:00,PR,376.0,"359,1",ORTIGUEIRA,Não,Ingestão de álcool pelo condutor,2.0,Capotamento,Com Vítimas Feridas,Pleno dia,Crescente,Céu Claro,Simples,Curva,Não,1204567.0,Utilitário,I/VW TIGUAN 2.0 TSI,2013.0,Passageiro,Lesões Leves,1.0,Masculino,0.0,1.0,0.0,0.0,"-24,26810252","-50,89366078",SPRF-PR,DEL07-PR,UOP02-DEL07-PR
669059.0,1509914.0,23/03/2025,domingo,12:00:00,PR,376.0,"359,1",ORTIGUEIRA,Não,Ingestão de álcool pelo condutor,2.0,Capotamento,Com Vítimas Feridas,Pleno dia,Crescente,Céu Claro,Simples,Curva,Não,1204567.0,Utilitário,I/VW TIGUAN 2.0 TSI,2013.0,Passageiro,Lesões Leves,1.0,Masculino,0.0,1.0,0.0,0.0,"-24,26810252","-50,89366078",SPRF-PR,DEL07-PR,UOP02-DEL07-PR
669059.0,1509915.0,23/03/2025,domingo,12:00:00,PR,376.0,"359,1",ORTIGUEIRA,Não,Ingestão de álcool pelo condutor,5.0,Colisão com objeto,Com Vítimas Feridas,Pleno dia,Crescente,Céu Claro,Simples,Curva,Não,1204567.0,Utilitário,I/VW TIGUAN 2.0 TSI,2013.0,Passageiro,Lesões Leves,1.0,Masculino,0.0,1.0,0.0,0.0,"-24,26810252","-50,89366078",SPRF-PR,DEL07-PR,UOP02-DEL07-PR
669059.0,1509914.0,23/03/2025,domingo,12:00:00,PR,376.0,"359,1",ORTIGUEIRA,Não,Ingestão de álcool pelo condutor,5.0,Colisão com objeto,Com Vítimas Feridas,Pleno dia,Crescente,Céu Claro,Simples,Curva,Não,1204567.0,Utilitário,I/VW TIGUAN 2.0 TSI,2013.0,Passageiro,Lesões Leves,1.0,Masculino,0.0,1.0,0.0,0.0,"-24,26810252","-50,89366078",SPRF-PR,DEL07-PR,UOP02-DEL07-PR
669059.0,1509915.0,23/03/2025,domingo,12:00:00,PR,376.0,"359,1",ORTIGUEIRA,Não,Ingestão de álcool pelo condutor,4.0,Saída de leito carroçável,Com Vítimas Feridas,Pleno dia,Crescente,Céu Claro,Simples,Curva,Não,1204567.0,Utilitário,I/VW TIGUAN 2.0 TSI,2013.0,Passageiro,Lesões Leves,1.0,Masculino,0.0,1.0,0.0,0.0,"-24,26810252","-50,89366078",SPRF-PR,DEL07-PR,UOP02-DEL07-PR
669059.0,1509914.0,23/03/2025,domingo,12:00:00,PR,376.0,"359,1",ORTIGUEIRA,Não,Ingestão de álcool pelo condutor,4.0,Saída de leito carroçável,Com Vítimas Feridas,Pleno dia,Crescente,Céu Claro,Simples,Curva,Não,1204567.0,Utilitário,I/VW TIGUAN 2.0 TSI,2013.0,Passageiro,Lesões Leves,1.0,Masculino,0.0,1.0,0.0,0.0,"-24,26810252","-50,89366078",SPRF-PR,DEL07-PR,UOP02-DEL07-PR
669059.0,1509915.0,23/03/2025,domingo,12:00:00,PR,376.0,"359,1",ORTIGUEIRA,Não,Ingestão de álcool pelo condutor,3.0,Saída de leito carroçável,Com Vítimas Feridas,Pleno dia,Crescente,Céu Claro,Simples,Curva,Não,1204567.0,Utilitário,I/VW TIGUAN 2.0 TSI,2013.0,Passageiro,Lesões Leves,1.0,Masculino,0.0,1.0,0.0,0.0,"-24,26810252","-50,89366078",SPRF-PR,DEL07-PR,UOP02-DEL07-PR
669059.0,1509914.0,23/03/2025,domingo,12:00:00,PR,376.0,"359,1",ORTIGUEIRA,Não,Ingestão de álcool pelo condutor,3.0,Saída de leito carroçável,Com Vítimas Feridas,Pleno dia,Crescente,Céu Claro,Simples,Curva,Não,1204567.0,Utilitário,I/VW TIGUAN 2.0 TSI,2013.0,Passageiro,Lesões Leves,1.0,Masculino,0.0,1.0,0.0,0.0,"-24,26810252","-50,89366078",SPRF-PR,DEL07-PR,UOP02-DEL07-PR
669059.0,1509915.0,23/03/2025,domingo,12:00:00,PR,376.0,"359,1",ORTIGUEIRA,Não,Ingestão de álcool pelo condutor,1.0,Colisão frontal,Com Vítimas Feridas,Pleno dia,Crescente,Céu Claro,Simples,Curva,Não,1204567.0,Utilitário,I/VW TIGUAN 2.0 TSI,2013.0,Passageiro,Lesões Leves,1.0,Masculino,0.0,1.0,0.0,0.0,"-24,26810252","-50,89366078",SPRF-PR,DEL07-PR,UOP02-DEL07-PR