id,pesid,data_inversa,dia_semana,horario,uf,br,km,municipio,causa_principal,causa_acidente,ordem_tipo_acidente,tipo_acidente,classificacao_acidente,fase_dia,sentido_via,condicao_metereologica,tipo_pista,tracado_via,uso_solo,id_veiculo,tipo_veiculo,marca,ano_fabricacao_veiculo,tipo_envolvido,estado_fisico,idade,sexo,ilesos,feridos_leves,feridos_graves,mortos,latitude,longitude,regional,delegacia,uop
669852.0,1512176.0,27/03/2025,quinta-feira,12:00:00,PR,163.0,208,CASCAVEL,Sim,Reação tardia ou ineficiente do condutor,3.0,Capotamento,Com Vítimas Feridas,Pleno dia,Crescente,Céu Claro,Dupla,Reta,Não,1206467.0,Automóvel,FIAT/ARGO DRIVE 1.3 GSR,2017.0,Passageiro,Lesões Leves,1.0,Feminino,0.0,1.0,0.0,0.0,"-24,9516891","-53,4387933",SPRF-PR,DEL05-PR,UOP05-DEL05-PR
669852.0,1512176.0,27/03/2025,quinta-feira,12:00:00,PR,163.0,208,CASCAVEL,Sim,Reação tardia ou ineficiente do condutor,2.0,Colisão lateral mesmo sentido,Com Vítimas Feridas,Pleno dia,Crescente,Céu Claro,Dupla,Reta,Não,1206467.0,Automóvel,FIAT/ARGO DRIVE 1.3 GSR,2017.0,Passageiro,Lesões Leves,1.0,Feminino,0.0,1.0,0.0,0.0,"-24,9516891","-53,4387933",SPRF-PR,DEL05-PR,UOP05-DEL05-PR
669852.0,1512176.0,27/03/2025,quinta-feira,12:00:00,PR,163.0,208,CASCAVEL,Sim,Reação tardia ou ineficiente do condutor,1.0,Colisão traseira,Com Vítimas Feridas,Pleno dia,Crescente,Céu Claro,Dupla,Reta,Não,1206467.0,Automóvel,FIAT/ARGO DRIVE 1.3 GSR,2017.0,Passageiro,Lesões Leves,1.0,Feminino,0.0,1.0,0.0,0.0,"-24,9516891","-53,4387933",SPRF-PR,DEL05-PR,UOP05-DEL05-PR
670242.0,1514243.0,29/03/2025,sábado,05:00:00,PR,376.0,"167,8",MARINGA,Sim,Reação tardia ou ineficiente do condutor,2.0,Saída de leito carroçável,Com Vítimas Feridas,Amanhecer,Decrescente,Céu Claro,Dupla,Aclive,Não,1206905.0,Automóvel,FIAT/PUNTO ATTRACTIVE,2012.0,Passageiro,Ileso,1.0,Masculino,1.0,0.0,0.0,0.0,"-23,38800858","-52,01968063",SPRF-PR,DEL09-PR,UOP01-DEL09-PR
670242.0,1514243.0,29/03/2025,sábado,05:00:00,PR,376.0,"167,8",MARINGA,Sim,Reação tardia ou ineficiente do condutor,1.0,Colisão com objeto,Com Vítimas Feridas,Amanhecer,Decrescente,Céu Claro,Dupla,Aclive,Não,1206905.0,Automóvel,FIAT/PUNTO ATTRACTIVE,2012.0,Passageiro,Ileso,1.0,Masculino,1.0,0.0,0.0,0.0,"-23,38800858","-52,01968063",SPRF-PR,DEL09-PR,UOP01-DEL09-PR
670503.0,1514666.0,30/03/2025,domingo,05:20:00,PR,373.0,"454,6",CHOPINZINHO,Não,Avarias e/ou desgaste excessivo no pneu,2.0,Colisão com objeto,Com Vítimas Fatais,Amanhecer,Crescente,Céu Claro,Simples,Curva,Não,1207392.0,Automóvel,VW/GOL 16V PLUS,2001.0,Passageiro,Lesões Leves,2.0,Feminino,0.0,1.0,0.0,0.0,"-25,9061758","-52,3807674",SPRF-PR,DEL02-PR,UOP01-DEL02-PR
670503.0,1514665.0,30/03/2025,domingo,05:20:00,PR,373.0,"454,6",CHOPINZINHO,Não,Avarias e/ou desgaste excessivo no pneu,2.0,Colisão com objeto,Com Vítimas Fatais,Amanhecer,Crescente,Céu Claro,Simples,Curva,Não,1207392.0,Automóvel,VW/GOL 16V PLUS,2001.0,Passageiro,Óbito,15.0,Masculino,0.0,0.0,0.0,1.0,"-25,9061758","-52,3807674",SPRF-PR,DEL02-PR,UOP01-DEL02-PR
670503.0,1514666.0,30/03/2025,domingo,05:20:00,PR,373.0,"454,6",CHOPINZINHO,Não,Avarias e/ou desgaste excessivo no pneu,1.0,Colisão frontal,Com Vítimas Fatais,Amanhecer,Crescente,Céu Claro,Simples,Curva,Não,1207392.0,Automóvel,VW/GOL 16V PLUS,2001.0,Passageiro,Lesões Leves,2.0,Feminino,0.0,1.0,0.0,0.0,"-25,9061758","-52,3807674",SPRF-PR,DEL02-PR,UOP01-DEL02-PR
670503.0,1514665.0,30/03/2025,domingo,05:20:00,PR,373.0,"454,6",CHOPINZINHO,Não,Avarias e/ou desgaste excessivo no pneu,1.0,Colisão frontal,Com Vítimas Fatais,Amanhecer,Crescente,Céu Claro,Simples,Curva,Não,1207392.0,Automóvel,VW/GOL 16V PLUS,2001.0,Passageiro,Óbito,15.0,Masculino,0.0,0.0,0.0,1.0,"-25,9061758","-52,3807674",SPRF-PR,DEL02-PR,UOP01-DEL02-PR
670503.0,1514666.0,30/03/2025,domingo,05:20:00,PR,373.0,"454,6",CHOPINZINHO,Não,Velocidade Incompatível,2.0,Colisão com objeto,Com Vítimas Fatais,Amanhecer,Crescente,Céu Claro,Simples,Curva,Não,1207392.0,Automóvel,VW/GOL 16V PLUS,2001.0,Passageiro,Lesões Leves,2.0,Feminino,0.0,1.0,0.0,0.0,"-25,9061758","-52,3807674",SPRF-PR,DEL02-PR,UOP01-DEL02-PR
670503.0,1514665.0,30/03/2025,domingo,05:20:00,PR,373.0,"454,6",CHOPINZINHO,Não,Velocidade Incompatível,2.0,Colisão com objeto,Com Vítimas Fatais,Amanhecer,Crescente,Céu Claro,Simples,Curva,Não,1207392.0,Automóvel,VW/GOL 16V PLUS,2001.0,Passageiro,Óbito,15.0,Masculino,0.0,0.0,0.0,1.0,"-25,9061758","-52,3807674",SPRF-PR,DEL02-PR,UOP01-DEL02-PR
670503.0,1514666.0,30/03/2025,domingo,05:20:00,PR,373.0,"454,6",CHOPINZINHO,Não,Velocidade Incompatível,1.0,Colisão frontal,Com Vítimas Fatais,Amanhecer,Crescente,Céu Claro,Simples,Curva,Não,1207392.0,Automóvel,VW/GOL 16V PLUS,2001.0,Passageiro,Lesões Leves,2.0,Feminino,0.0,1.0,0.0,0.0,"-25,9061758","-52,3807674",SPRF-PR,DEL02-PR,UOP01-DEL02-PR
670503.0,1514665.0,30/03/2025,domingo,05:20:00,PR,373.0,"454,6",CHOPINZINHO,Não,Velocidade Incompatível,1.0,Colisão frontal,Com Vítimas Fatais,Amanhecer,Crescente,Céu Claro,Simples,Curva,Não,1207392.0,Automóvel,VW/GOL 16V PLUS,2001.0,Passageiro,Óbito,15.0,Masculino,0.0,0.0,0.0,1.0,"-25,9061758","-52,3807674",SPRF-PR,DEL02-PR,UOP01-DEL02-PR
670503.0,1514666.0,30/03/2025,domingo,05:20:00,PR,373.0,"454,6",CHOPINZINHO,Sim,Ingestão de álcool pelo condutor,2.0,Colisão com objeto,Com Vítimas Fatais,Amanhecer,Crescente,Céu Claro,Simples,Curva,Não,1207392.0,Automóvel,VW/GOL 16V PLUS,2001.0,Passageiro,Lesões Leves,2.0,Feminino,0.0,1.0,0.0,0.0,"-25,9061758","-52,3807674",SPRF-PR,DEL02-PR,UOP01-DEL02-PR
670503.0,1514665.0,30/03/2025,domingo,05:20:00,PR,373.0,"454,6",CHOPINZINHO,Sim,Ingestão de álcool pelo condutor,2.0,Colisão com objeto,Com Vítimas Fatais,Amanhecer,Crescente,Céu Claro,Simples,Curva,Não,1207392.0,Automóvel,VW/GOL 16V PLUS,2001.0,Passageiro,Óbito,15.0,Masculino,0.0,0.0,0.0,1.0,"-25,9061758","-52,3807674",SPRF-PR,DEL02-PR,UOP01-DEL02-PR
670503.0,1514666.0,30/03/2025,domingo,05:20:00,PR,373.0,"454,6",CHOPINZINHO,Sim,Ingestão de álcool pelo condutor,1.0,Colisão frontal,Com Vítimas Fatais,Amanhecer,Crescente,Céu Claro,Simples,Curva,Não,1207392.0,Automóvel,VW/GOL 16V PLUS,2001.0,Passageiro,Lesões Leves,2.0,Feminino,0.0,1.0,0.0,0.0,"-25,9061758","-52,3807674",SPRF-PR,DEL02-PR,UOP01-DEL02-PR
670503.0,1514665.0,30/03/2025,domingo,05:20:00,PR,373.0,"454,6",CHOPINZINHO,Sim,Ingestão de álcool pelo condutor,1.0,Colisão frontal,Com Vítimas Fatais,Amanhecer,Crescente,Céu Claro,Simples,Curva,Não,1207392.0,Automóvel,VW/GOL 16V PLUS,2001.0,Passageiro,Óbito,15.0,Masculino,0.0,0.0,0.0,1.0,"-25,9061758","-52,3807674",SPRF-PR,DEL02-PR,UOP01-DEL02-PR
670950.0,1514324.0,01/04/2025,terça-feira,14:40:00,PR,376.0,"519,8",PONTA GROSSA,Não,Acumulo de água sobre o pavimento,2.0,Colisão com objeto,Com Vítimas Feridas,Pleno dia,Decrescente,Chuva,Dupla,Reta;Declive,Não,1208287.0,Automóvel,FIAT/MOBI EASY,2021.0,Passageiro,Ileso,4.0,Masculino,1.0,0.0,0.0,0.0,"-25,25960065","-49,98041153",SPRF-PR,DEL03-PR,UOP04-DEL03-PR
670950.0,1514324.0,01/04/2025,terça-feira,14:40:00,PR,376.0,"519,8",PONTA GROSSA,Não,Acumulo de água sobre o pavimento,1.0,Saída de leito carroçável,Com Vítimas Feridas,Pleno dia,Decrescente,Chuva,Dupla,Reta;Declive,Não,1208287.0,Automóvel,FIAT/MOBI EASY,2021.0,Passageiro,Ileso,4.0,Masculino,1.0,0.0,0.0,0.0,"-25,25960065","-49,98041153",SPRF-PR,DEL03-PR,UOP04-DEL03-PR
670950.0,1514324.0,01/04/2025,terça-feira,14:40:00,PR,376.0,"519,8",PONTA GROSSA,Sim,Avarias e/ou desgaste excessivo no pneu,2.0,Colisão com objeto,Com Vítimas Feridas,Pleno dia,Decrescente,Chuva,Dupla,Reta;Declive,Não,1208287.0,Automóvel,FIAT/MOBI EASY,2021.0,Passageiro,Ileso,4.0,Masculino,1.0,0.0,0.0,0.0,"-25,25960065","-49,98041153",SPRF-PR,DEL03-PR,UOP04-DEL03-PR
670950.0,1514324.0,01/04/2025,terça-feira,14:40:00,PR,376.0,"519,8",PONTA GROSSA,Sim,Avarias e/ou desgaste excessivo no pneu,1.0,Saída de leito carroçável,Com Vítimas Feridas,Pleno dia,Decrescente,Chuva,Dupla,Reta;Declive,Não,1208287.0,Automóvel,FIAT/MOBI EASY,2021.0,Passageiro,Ileso,4.0,Masculino,1.0,0.0,0.0,0.0,"-25,25960065","-49,98041153",SPRF-PR,DEL03-PR,UOP04-DEL03-PR
671253.0,1515060.0,30/03/2025,domingo,20:00:00,PR,476.0,358,UNIAO DA VITORIA,Sim,Velocidade Incompatível,1.0,Colisão frontal,Com Vítimas Feridas,Plena Noite,Decrescente,Nublado,Simples,Curva;Aclive;Viaduto,Não,1208871.0,Automóvel,VW/GOL 1.0,2000.0,Passageiro,Lesões Leves,14.0,Masculino,0.0,1.0,0.0,0.0,"-26,20118126","-51,06022228",SPRF-PR,DEL02-PR,UOP03-DEL02-PR
671253.0,1515059.0,30/03/2025,domingo,20:00:00,PR,476.0,358,UNIAO DA VITORIA,Sim,Velocidade Incompatível,1.0,Colisão frontal,Com Vítimas Feridas,Plena Noite,Decrescente,Nublado,Simples,Curva;Aclive;Viaduto,Não,1208871.0,Automóvel,VW/GOL 1.0,2000.0,Passageiro,Lesões Leves,9.0,Masculino,0.0,1.0,0.0,0.0,"-26,20118126","-51,06022228",SPRF-PR,DEL02-PR,UOP03-DEL02-PR
671253.0,1515058.0,30/03/2025,domingo,20:00:00,PR,476.0,358,UNIAO DA VITORIA,Sim,Velocidade Incompatível,1.0,Colisão frontal,Com Vítimas Feridas,Plena Noite,Decrescente,Nublado,Simples,Curva;Aclive;Viaduto,Não,1208871.0,Automóvel,VW/GOL 1.0,2000.0,Passageiro,Lesões Graves,12.0,Feminino,0.0,0.0,1.0,0.0,"-26,20118126","-51,06022228",SPRF-PR,DEL02-PR,UOP03-DEL02-PR
671319.0,1517363.0,03/04/2025,quinta-feira,15:30:00,PR,369.0,"482,1",CORBELIA,Não,Reação tardia ou ineficiente do condutor,1.0,Colisão traseira,Com Vítimas Feridas,Pleno dia,Crescente,Céu Claro,Simples,Reta,Não,1210590.0,Automóvel,VW/NOVO GOL 1.0,2012.0,Passageiro,Lesões Leves,11.0,Feminino,0.0,1.0,0.0,0.0,"-24,773128","-53,293021",SPRF-PR,DEL04-PR,UOP03-DEL04-PR
671319.0,1517363.0,03/04/2025,quinta-feira,15:30:00,PR,369.0,"482,1",CORBELIA,Sim,Condutor deixou de manter distância do veículo da frente,1.0,Colisão traseira,Com Vítimas Feridas,Pleno dia,Crescente,Céu Claro,Simples,Reta,Não,1210590.0,Automóvel,VW/NOVO GOL 1.0,2012.0,Passageiro,Lesões Leves,11.0,Feminino,0.0,1.0,0.0,0.0,"-24,773128","-53,293021",SPRF-PR,DEL04-PR,UOP03-DEL04-PR
671503.0,1517753.0,04/04/2025,sexta-feira,13:20:00,PR,277.0,12,PARANAGUA,Não,Velocidade Incompatível,3.0,Queda de ocupante de veículo,Com Vítimas Feridas,Pleno dia,Decrescente,Nublado,Dupla,Reta,Não,1209396.0,Automóvel,GM/CORSA SEDAN PREMIUM,2011.0,Passageiro,Ileso,1.0,Feminino,1.0,0.0,0.0,0.0,"-25,56285254","-48,63858635",SPRF-PR,DEL01-PR,UOP05-DEL01-PR
671503.0,1517753.0,04/04/2025,sexta-feira,13:20:00,PR,277.0,12,PARANAGUA,Não,Velocidade Incompatível,2.0,Tombamento,Com Vítimas Feridas,Pleno dia,Decrescente,Nublado,Dupla,Reta,Não,1209396.0,Automóvel,GM/CORSA SEDAN PREMIUM,2011.0,Passageiro,Ileso,1.0,Feminino,1.0,0.0,0.0,0.0,"-25,56285254","-48,63858635",SPRF-PR,DEL01-PR,UOP05-DEL01-PR
671503.0,1517753.0,04/04/2025,sexta-feira,13:20:00,PR,277.0,12,PARANAGUA,Não,Velocidade Incompatível,1.0,Colisão transversal,Com Vítimas Feridas,Pleno dia,Decrescente,Nublado,Dupla,Reta,Não,1209396.0,Automóvel,GM/CORSA SEDAN PREMIUM,2011.0,Passageiro,Ileso,1.0,Feminino,1.0,0.0,0.0,0.0,"-25,56285254","-48,63858635",SPRF-PR,DEL01-PR,UOP05-DEL01-PR
671503.0,1517753.0,04/04/2025,sexta-feira,13:20:00,PR,277.0,12,PARANAGUA,Não,Acessar a via sem observar a presença dos outros veículos,3.0,Queda de ocupante de veículo,Com Vítimas Feridas,Pleno dia,Decrescente,Nublado,Dupla,Reta,Não,1209396.0,Automóvel,GM/CORSA SEDAN PREMIUM,2011.0,Passageiro,Ileso,1.0,Feminino,1.0,0.0,0.0,0.0,"-25,56285254","-48,63858635",SPRF-PR,DEL01-PR,UOP05-DEL01-PR
671503.0,1517753.0,04/04/2025,sexta-feira,13:20:00,PR,277.0,12,PARANAGUA,Não,Acessar a via sem observar a presença dos outros veículos,2.0,Tombamento,Com Vítimas Feridas,Pleno dia,Decrescente,Nublado,Dupla,Reta,Não,1209396.0,Automóvel,GM/CORSA SEDAN PREMIUM,2011.0,Passageiro,Ileso,1.0,Feminino,1.0,0.0,0.0,0.0,"-25,56285254","-48,63858635",SPRF-PR,DEL01-PR,UOP05-DEL01-PR
671503.0,1517753.0,04/04/2025,sexta-feira,13:20:00,PR,277.0,12,PARANAGUA,Não,Acessar a via sem observar a presença dos outros veículos,1.0,Colisão transversal,Com Vítimas Feridas,Pleno dia,Decrescente,Nublado,Dupla,Reta,Não,1209396.0,Automóvel,GM/CORSA SEDAN PREMIUM,2011.0,Passageiro,Ileso,1.0,Feminino,1.0,0.0,0.0,0.0,"-25,56285254","-48,63858635",SPRF-PR,DEL01-PR,UOP05-DEL01-PR
671503.0,1517753.0,04/04/2025,sexta-feira,13:20:00,PR,277.0,12,PARANAGUA,Sim,Trafegar com motocicleta (ou similar) entre as faixas,3.0,Queda de ocupante de veículo,Com Vítimas Feridas,Pleno dia,Decrescente,Nublado,Dupla,Reta,Não,1209396.0,Automóvel,GM/CORSA SEDAN PREMIUM,2011.0,Passageiro,Ileso,1.0,Feminino,1.0,0.0,0.0,0.0,"-25,56285254","-48,63858635",SPRF-PR,DEL01-PR,UOP05-DEL01-PR
671503.0,1517753.0,04/04/2025,sexta-feira,13:20:00,PR,277.0,12,PARANAGUA,Sim,Trafegar com motocicleta (ou similar) entre as faixas,2.0,Tombamento,Com Vítimas Feridas,Pleno dia,Decrescente,Nublado,Dupla,Reta,Não,1209396.0,Automóvel,GM/CORSA SEDAN PREMIUM,2011.0,Passageiro,Ileso,1.0,Feminino,1.0,0.0,0.0,0.0,"-25,56285254","-48,63858635",SPRF-PR,DEL01-PR,UOP05-DEL01-PR
671503.0,1517753.0,04/04/2025,sexta-feira,13:20:00,PR,277.0,12,PARANAGUA,Sim,Trafegar com motocicleta (ou similar) entre as faixas,1.0,Colisão transversal,Com Vítimas Feridas,Pleno dia,Decrescente,Nublado,Dupla,Reta,Não,1209396.0,Automóvel,GM/CORSA SEDAN PREMIUM,2011.0,Passageiro,Ileso,1.0,Feminino,1.0,0.0,0.0,0.0,"-25,56285254","-48,63858635",SPRF-PR,DEL01-PR,UOP05-DEL01-PR
671883.0,1516559.0,06/04/2025,domingo,02:30:00,PR,277.0,"82,5",CURITIBA,Não,Reação tardia ou ineficiente do condutor,1.0,Colisão traseira,Com Vítimas Feridas,Plena Noite,Decrescente,Nublado,Dupla,Reta,Sim,1210096.0,Automóvel,FIAT/UNO MILLE EX,2000.0,Passageiro,Ileso,10.0,Feminino,1.0,0.0,0.0,0.0,"-25,454098","-49,225246",SPRF-PR,DEL01-PR,UOP03-DEL01-PR
671883.0,1516560.0,06/04/2025,domingo,02:30:00,PR,277.0,"82,5",CURITIBA,Não,Reação tardia ou ineficiente do condutor,1.0,Colisão traseira,Com Vítimas Feridas,Plena Noite,Decrescente,Nublado,Dupla,Reta,Sim,1210096.0,Automóvel,FIAT/UNO MILLE EX,2000.0,Passageiro,Ileso,7.0,Feminino,1.0,0.0,0.0,0.0,"-25,454098","-49,225246",SPRF-PR,DEL01-PR,UOP03-DEL01-PR
671883.0,1516558.0,06/04/2025,domingo,02:30:00,PR,277.0,"82,5",CURITIBA,Não,Reação tardia ou ineficiente do condutor,1.0,Colisão traseira,Com Vítimas Feridas,Plena Noite,Decrescente,Nublado,Dupla,Reta,Sim,1210096.0,Automóvel,FIAT/UNO MILLE EX,2000.0,Passageiro,Ileso,14.0,Feminino,1.0,0.0,0.0,0.0,"-25,454098","-49,225246",SPRF-PR,DEL01-PR,UOP03-DEL01-PR
671883.0,1516559.0,06/04/2025,domingo,02:30:00,PR,277.0,"82,5",CURITIBA,Sim,Condutor deixou de manter distância do veículo da frente,1.0,Colisão traseira,Com Vítimas Feridas,Plena Noite,Decrescente,Nublado,Dupla,Reta,Sim,1210096.0,Automóvel,FIAT/UNO MILLE EX,2000.0,Passageiro,Ileso,10.0,Feminino,1.0,0.0,0.0,0.0,"-25,454098","-49,225246",SPRF-PR,DEL01-PR,UOP03-DEL01-PR
671883.0,1516560.0,06/04/2025,domingo,02:30:00,PR,277.0,"82,5",CURITIBA,Sim,Condutor deixou de manter distância do veículo da frente,1.0,Colisão traseira,Com Vítimas Feridas,Plena Noite,Decrescente,Nublado,Dupla,Reta,Sim,1210096.0,Automóvel,FIAT/UNO MILLE EX,2000.0,Passageiro,Ileso,7.0,Feminino,1.0,0.0,0.0,0.0,"-25,454098","-49,225246",SPRF-PR,DEL01-PR,UOP03-DEL01-PR
671883.0,1516558.0,06/04/2025,domingo,02:30:00,PR,277.0,"82,5",CURITIBA,Sim,Condutor deixou de manter distância do veículo da frente,1.0,Colisão traseira,Com Vítimas Feridas,Plena Noite,Decrescente,Nublado,Dupla,Reta,Sim,1210096.0,Automóvel,FIAT/UNO MILLE EX,2000.0,Passageiro,Ileso,14.0,Feminino,1.0,0.0,0.0,0.0,"-25,454098","-49,225246",SPRF-PR,DEL01-PR,UOP03-DEL01-PR
672073.0,1520859.0,06/04/2025,domingo,18:45:00,PR,369.0,"28,2",CAMBARA,Sim,Ultrapassagem Indevida,1.0,Colisão frontal,Com Vítimas Fatais,Plena Noite,Crescente,Céu Claro,Simples,Aclive,Não,1211702.0,Ônibus,VW/NEOBUS 8.160 ESCOLAR,2022.0,Passageiro,Lesões Leves,16.0,Feminino,0.0,1.0,0.0,0.0,"-23,03714988","-50,163508",SPRF-PR,DEL07-PR,UOP05-DEL07-PR
672073.0,1520854.0,06/04/2025,domingo,18:45:00,PR,369.0,"28,2",CAMBARA,Sim,Ultrapassagem Indevida,1.0,Colisão frontal,Com Vítimas Fatais,Plena Noite,Crescente,Céu Claro,Simples,Aclive,Não,1211702.0,Ônibus,VW/NEOBUS 8.160 ESCOLAR,2022.0,Passageiro,Lesões Leves,15.0,Feminino,0.0,1.0,0.0,0.0,"-23,03714988","-50,163508",SPRF-PR,DEL07-PR,UOP05-DEL07-PR
672073.0,1520853.0,06/04/2025,domingo,18:45:00,PR,369.0,"28,2",CAMBARA,Sim,Ultrapassagem Indevida,1.0,Colisão frontal,Com Vítimas Fatais,Plena Noite,Crescente,Céu Claro,Simples,Aclive,Não,1211702.0,Ônibus,VW/NEOBUS 8.160 ESCOLAR,2022.0,Passageiro,Lesões Leves,16.0,Feminino,0.0,1.0,0.0,0.0,"-23,03714988","-50,163508",SPRF-PR,DEL07-PR,UOP05-DEL07-PR
672073.0,1518588.0,06/04/2025,domingo,18:45:00,PR,369.0,"28,2",CAMBARA,Sim,Ultrapassagem Indevida,1.0,Colisão frontal,Com Vítimas Fatais,Plena Noite,Crescente,Céu Claro,Simples,Aclive,Não,1211702.0,Ônibus,VW/NEOBUS 8.160 ESCOLAR,2022.0,Passageiro,Ileso,16.0,Feminino,1.0,0.0,0.0,0.0,"-23,03714988","-50,163508",SPRF-PR,DEL07-PR,UOP05-DEL07-PR
672073.0,1518581.0,06/04/2025,domingo,18:45:00,PR,369.0,"28,2",CAMBARA,Sim,Ultrapassagem Indevida,1.0,Colisão frontal,Com Vítimas Fatais,Plena Noite,Crescente,Céu Claro,Simples,Aclive,Não,1211702.0,Ônibus,VW/NEOBUS 8.160 ESCOLAR,2022.0,Passageiro,Ileso,16.0,Feminino,1.0,0.0,0.0,0.0,"-23,03714988","-50,163508",SPRF-PR,DEL07-PR,UOP05-DEL07-PR
672073.0,1518574.0,06/04/2025,domingo,18:45:00,PR,369.0,"28,2",CAMBARA,Sim,Ultrapassagem Indevida,1.0,Colisão frontal,Com Vítimas Fatais,Plena Noite,Crescente,Céu Claro,Simples,Aclive,Não,1210428.0,Automóvel,GM/CORSA SUPER,1997.0,Passageiro,Óbito,7.0,Feminino,0.0,0.0,0.0,1.0,"-23,03714988","-50,163508",SPRF-PR,DEL07-PR,UOP05-DEL07-PR
672177.0,1517271.0,07/04/2025,segunda-feira,12:40:00,PR,376.0,510,PONTA GROSSA,Sim,Condutor deixou de manter distância do veículo da frente,1.0,Colisão traseira,Com Vítimas Feridas,Pleno dia,Decrescente,Céu Claro,Dupla,Declive;Reta,Não,1210611.0,Automóvel,HYUNDAI/HB20 1.0M 1.0 M,2012.0,Passageiro,Lesões Leves,10.0,Feminino,0.0,1.0,0.0,0.0,"-25,21832","-50,056065",SPRF-PR,DEL03-PR,UOP04-DEL03-PR
672192.0,1517309.0,07/04/2025,segunda-feira,14:20:00,PR,277.0,"0,9",PARANAGUA,Não,Reação tardia ou ineficiente do condutor,3.0,Queda de ocupante de veículo,Com Vítimas Feridas,Pleno dia,Decrescente,Nublado,Simples,Reta,Sim,1210641.0,Motocicleta,HONDA/CB300F TWISTER CBS,2024.0,Passageiro,Lesões Leves,9.0,Masculino,0.0,1.0,0.0,0.0,"-25,51526","-48,537827",SPRF-PR,DEL01-PR,UOP05-DEL01-PR
672192.0,1517309.0,07/04/2025,segunda-feira,14:20:00,PR,277.0,"0,9",PARANAGUA,Não,Reação tardia ou ineficiente do condutor,2.0,Tombamento,Com Vítimas Feridas,Pleno dia,Decrescente,Nublado,Simples,Reta,Sim,1210641.0,Motocicleta,HONDA/CB300F TWISTER CBS,2024.0,Passageiro,Lesões Leves,9.0,Masculino,0.0,1.0,0.0,0.0,"-25,51526","-48,537827",SPRF-PR,DEL01-PR,UOP05-DEL01-PR
672192.0,1517309.0,07/04/2025,segunda-feira,14:20:00,PR,277.0,"0,9",PARANAGUA,Não,Reação tardia ou ineficiente do condutor,1.0,Colisão traseira,Com Vítimas Feridas,Pleno dia,Decrescente,Nublado,Simples,Reta,Sim,1210641.0,Motocicleta,HONDA/CB300F TWISTER CBS,2024.0,Passageiro,Lesões Leves,9.0,Masculino,0.0,1.0,0.0,0.0,"-25,51526","-48,537827",SPRF-PR,DEL01-PR,UOP05-DEL01-PR
672192.0,1517309.0,07/04/2025,segunda-feira,14:20:00,PR,277.0,"0,9",PARANAGUA,Sim,Condutor deixou de manter distância do veículo da frente,3.0,Queda de ocupante de veículo,Com Vítimas Feridas,Pleno dia,Decrescente,Nublado,Simples,Reta,Sim,1210641.0,Motocicleta,HONDA/CB300F TWISTER CBS,2024.0,Passageiro,Lesões Leves,9.0,Masculino,0.0,1.0,0.0,0.0,"-25,51526","-48,537827",SPRF-PR,DEL01-PR,UOP05-DEL01-PR
672192.0,1517309.0,07/04/2025,segunda-feira,14:20:00,PR,277.0,"0,9",PARANAGUA,Sim,Condutor deixou de manter distância do veículo da frente,2.0,Tombamento,Com Vítimas Feridas,Pleno dia,Decrescente,Nublado,Simples,Reta,Sim,1210641.0,Motocicleta,HONDA/CB300F TWISTER CBS,2024.0,Passageiro,Lesões Leves,9.0,Masculino,0.0,1.0,0.0,0.0,"-25,51526","-48,537827",SPRF-PR,DEL01-PR,UOP05-DEL01-PR
672192.0,1517309.0,07/04/2025,segunda-feira,14:20:00,PR,277.0,"0,9",PARANAGUA,Sim,Condutor deixou de manter distância do veículo da frente,1.0,Colisão traseira,Com Vítimas Feridas,Pleno dia,Decrescente,Nublado,Simples,Reta,Sim,1210641.0,Motocicleta,HONDA/CB300F TWISTER CBS,2024.0,Passageiro,Lesões Leves,9.0,Masculino,0.0,1.0,0.0,0.0,"-25,51526","-48,537827",SPRF-PR,DEL01-PR,UOP05-DEL01-PR
672383.0,1517790.0,08/04/2025,terça-feira,14:30:00,PR,277.0,586,CASCAVEL,Não,Chuva,2.0,Colisão com objeto,Com Vítimas Feridas,Pleno dia,Decrescente,Chuva,Simples,Reta;Interseção de Vias,Sim,1211040.0,Automóvel,VW/POLO 1.6,2005.0,Passageiro,Lesões Leves,5.0,Masculino,0.0,1.0,0.0,0.0,"-24,967146","-53,42466",SPRF-PR,DEL04-PR,UOP01-DEL04-PR
672383.0,1517790.0,08/04/2025,terça-feira,14:30:00,PR,277.0,586,CASCAVEL,Não,Chuva,1.0,Colisão traseira,Com Vítimas Feridas,Pleno dia,Decrescente,Chuva,Simples,Reta;Interseção de Vias,Sim,1211040.0,Automóvel,VW/POLO 1.6,2005.0,Passageiro,Lesões Leves,5.0,Masculino,0.0,1.0,0.0,0.0,"-24,967146","-53,42466",SPRF-PR,DEL04-PR,UOP01-DEL04-PR
672383.0,1517790.0,08/04/2025,terça-feira,14:30:00,PR,277.0,586,CASCAVEL,Sim,Desrespeitar a preferência no cruzamento,2.0,Colisão com objeto,Com Vítimas Feridas,Pleno dia,Decrescente,Chuva,Simples,Reta;Interseção de Vias,Sim,1211040.0,Automóvel,VW/POLO 1.6,2005.0,Passageiro,Lesões Leves,5.0,Masculino,0.0,1.0,0.0,0.0,"-24,967146","-53,42466",SPRF-PR,DEL04-PR,UOP01-DEL04-PR