id,pesid,data_inversa,dia_semana,horario,uf,br,km,municipio,causa_principal,causa_acidente,ordem_tipo_acidente,tipo_acidente,classificacao_acidente,fase_dia,sentido_via,condicao_metereologica,tipo_pista,tracado_via,uso_solo,id_veiculo,tipo_veiculo,marca,ano_fabricacao_veiculo,tipo_envolvido,estado_fisico,idade,sexo,ilesos,feridos_leves,feridos_graves,mortos,latitude,longitude,regional,delegacia,uop
672383.0,1517790.0,08/04/2025,terça-feira,14:30:00,PR,277.0,586,CASCAVEL,Sim,Desrespeitar a preferência no cruzamento,1.0,Colisão traseira,Com Vítimas Feridas,Pleno dia,Decrescente,Chuva,Simples,Reta;Interseção de Vias,Sim,1211040.0,Automóvel,VW/POLO 1.6,2005.0,Passageiro,Lesões Leves,5.0,Masculino,0.0,1.0,0.0,0.0,"-24,967146","-53,42466",SPRF-PR,DEL04-PR,UOP01-DEL04-PR
672383.0,1517790.0,08/04/2025,terça-feira,14:30:00,PR,277.0,586,CASCAVEL,Não,Ausência de sinalização,2.0,Colisão com objeto,Com Vítimas Feridas,Pleno dia,Decrescente,Chuva,Simples,Reta;Interseção de Vias,Sim,1211040.0,Automóvel,VW/POLO 1.6,2005.0,Passageiro,Lesões Leves,5.0,Masculino,0.0,1.0,0.0,0.0,"-24,967146","-53,42466",SPRF-PR,DEL04-PR,UOP01-DEL04-PR
672383.0,1517790.0,08/04/2025,terça-feira,14:30:00,PR,277.0,586,CASCAVEL,Não,Ausência de sinalização,1.0,Colisão traseira,Com Vítimas Feridas,Pleno dia,Decrescente,Chuva,Simples,Reta;Interseção de Vias,Sim,1211040.0,Automóvel,VW/POLO 1.6,2005.0,Passageiro,Lesões Leves,5.0,Masculino,0.0,1.0,0.0,0.0,"-24,967146","-53,42466",SPRF-PR,DEL04-PR,UOP01-DEL04-PR
672688.0,1518591.0,10/04/2025,quinta-feira,07:20:00,PR,369.0,"182,2",ARAPONGAS,Sim,Acessar a via sem observar a presença dos outros veículos,3.0,Queda de ocupante de veículo,Com Vítimas Feridas,Pleno dia,Decrescente,Céu Claro,Dupla,Interseção de Vias;Reta,Sim,1211739.0,Motoneta,HONDA/BIZ 125 ES,2006.0,Passageiro,Lesões Leves,14.0,Feminino,0.0,1.0,0.0,0.0,"-23,38417837","-51,41898567",SPRF-PR,DEL07-PR,UOP03-DEL07-PR
672688.0,1518591.0,10/04/2025,quinta-feira,07:20:00,PR,369.0,"182,2",ARAPONGAS,Sim,Acessar a via sem observar a presença dos outros veículos,2.0,Tombamento,Com Vítimas Feridas,Pleno dia,Decrescente,Céu Claro,Dupla,Interseção de Vias;Reta,Sim,1211739.0,Motoneta,HONDA/BIZ 125 ES,2006.0,Passageiro,Lesões Leves,14.0,Feminino,0.0,1.0,0.0,0.0,"-23,38417837","-51,41898567",SPRF-PR,DEL07-PR,UOP03-DEL07-PR
672688.0,1518591.0,10/04/2025,quinta-feira,07:20:00,PR,369.0,"182,2",ARAPONGAS,Sim,Acessar a via sem observar a presença dos outros veículos,1.0,Colisão transversal,Com Vítimas Feridas,Pleno dia,Decrescente,Céu Claro,Dupla,Interseção de Vias;Reta,Sim,1211739.0,Motoneta,HONDA/BIZ 125 ES,2006.0,Passageiro,Lesões Leves,14.0,Feminino,0.0,1.0,0.0,0.0,"-23,38417837","-51,41898567",SPRF-PR,DEL07-PR,UOP03-DEL07-PR
672736.0,1518878.0,10/04/2025,quinta-feira,12:30:00,PR,116.0,"43,7",CAMPINA GRANDE DO SUL,Não,Ausência de reação do condutor,3.0,Capotamento,Com Vítimas Feridas,Pleno dia,Crescente,Nublado,Múltipla,Curva,Não,1211948.0,Caminhonete,I/TOYOTA HILUX CD4X4 SRV,2013.0,Passageiro,Ileso,1.0,Feminino,1.0,0.0,0.0,0.0,"-25,18568","-48,885986",SPRF-PR,DEL01-PR,UOP02-DEL01-PR
672736.0,1518878.0,10/04/2025,quinta-feira,12:30:00,PR,116.0,"43,7",CAMPINA GRANDE DO SUL,Não,Ausência de reação do condutor,2.0,Colisão com objeto,Com Vítimas Feridas,Pleno dia,Crescente,Nublado,Múltipla,Curva,Não,1211948.0,Caminhonete,I/TOYOTA HILUX CD4X4 SRV,2013.0,Passageiro,Ileso,1.0,Feminino,1.0,0.0,0.0,0.0,"-25,18568","-48,885986",SPRF-PR,DEL01-PR,UOP02-DEL01-PR
672736.0,1518878.0,10/04/2025,quinta-feira,12:30:00,PR,116.0,"43,7",CAMPINA GRANDE DO SUL,Não,Ausência de reação do condutor,1.0,Saída de leito carroçável,Com Vítimas Feridas,Pleno dia,Crescente,Nublado,Múltipla,Curva,Não,1211948.0,Caminhonete,I/TOYOTA HILUX CD4X4 SRV,2013.0,Passageiro,Ileso,1.0,Feminino,1.0,0.0,0.0,0.0,"-25,18568","-48,885986",SPRF-PR,DEL01-PR,UOP02-DEL01-PR
672736.0,1518878.0,10/04/2025,quinta-feira,12:30:00,PR,116.0,"43,7",CAMPINA GRANDE DO SUL,Sim,Chuva,3.0,Capotamento,Com Vítimas Feridas,Pleno dia,Crescente,Nublado,Múltipla,Curva,Não,1211948.0,Caminhonete,I/TOYOTA HILUX CD4X4 SRV,2013.0,Passageiro,Ileso,1.0,Feminino,1.0,0.0,0.0,0.0,"-25,18568","-48,885986",SPRF-PR,DEL01-PR,UOP02-DEL01-PR
672736.0,1518878.0,10/04/2025,quinta-feira,12:30:00,PR,116.0,"43,7",CAMPINA GRANDE DO SUL,Sim,Chuva,2.0,Colisão com objeto,Com Vítimas Feridas,Pleno dia,Crescente,Nublado,Múltipla,Curva,Não,1211948.0,Caminhonete,I/TOYOTA HILUX CD4X4 SRV,2013.0,Passageiro,Ileso,1.0,Feminino,1.0,0.0,0.0,0.0,"-25,18568","-48,885986",SPRF-PR,DEL01-PR,UOP02-DEL01-PR
672736.0,1518878.0,10/04/2025,quinta-feira,12:30:00,PR,116.0,"43,7",CAMPINA GRANDE DO SUL,Sim,Chuva,1.0,Saída de leito carroçável,Com Vítimas Feridas,Pleno dia,Crescente,Nublado,Múltipla,Curva,Não,1211948.0,Caminhonete,I/TOYOTA HILUX CD4X4 SRV,2013.0,Passageiro,Ileso,1.0,Feminino,1.0,0.0,0.0,0.0,"-25,18568","-48,885986",SPRF-PR,DEL01-PR,UOP02-DEL01-PR
672981.0,1519386.0,11/04/2025,sexta-feira,17:10:00,PR,376.0,"4,5",APUCARANA,Não,Acessar a via sem observar a presença dos outros veículos,1.0,Colisão transversal,Com Vítimas Feridas,Pleno dia,Crescente,Céu Claro,Simples,Reta,Sim,1212327.0,Automóvel,CHEVROLET/ONIX 1.0MT LT,2014.0,Passageiro,Lesões Leves,12.0,Feminino,0.0,1.0,0.0,0.0,"-23,553653","-51,446203",SPRF-PR,DEL07-PR,UOP03-DEL07-PR
672981.0,1519386.0,11/04/2025,sexta-feira,17:10:00,PR,376.0,"4,5",APUCARANA,Sim,Conversão proibida,1.0,Colisão transversal,Com Vítimas Feridas,Pleno dia,Crescente,Céu Claro,Simples,Reta,Sim,1212327.0,Automóvel,CHEVROLET/ONIX 1.0MT LT,2014.0,Passageiro,Lesões Leves,12.0,Feminino,0.0,1.0,0.0,0.0,"-23,553653","-51,446203",SPRF-PR,DEL07-PR,UOP03-DEL07-PR
673085.0,1521311.0,12/04/2025,sábado,02:00:00,PR,369.0,"184,8",ARAPONGAS,Não,Velocidade Incompatível,4.0,Queda de ocupante de veículo,Com Vítimas Fatais,Plena Noite,Decrescente,Nublado,Simples,Reta;Interseção de Vias,Sim,1212475.0,Motoneta,SHINERAY/XY125-6A,2024.0,Passageiro,Lesões Graves,15.0,Feminino,0.0,0.0,1.0,0.0,"-23,407353","-51,428102",SPRF-PR,DEL07-PR,UOP03-DEL07-PR
673085.0,1521311.0,12/04/2025,sábado,02:00:00,PR,369.0,"184,8",ARAPONGAS,Não,Velocidade Incompatível,3.0,Tombamento,Com Vítimas Fatais,Plena Noite,Decrescente,Nublado,Simples,Reta;Interseção de Vias,Sim,1212475.0,Motoneta,SHINERAY/XY125-6A,2024.0,Passageiro,Lesões Graves,15.0,Feminino,0.0,0.0,1.0,0.0,"-23,407353","-51,428102",SPRF-PR,DEL07-PR,UOP03-DEL07-PR
673085.0,1521311.0,12/04/2025,sábado,02:00:00,PR,369.0,"184,8",ARAPONGAS,Não,Velocidade Incompatível,2.0,Colisão com objeto,Com Vítimas Fatais,Plena Noite,Decrescente,Nublado,Simples,Reta;Interseção de Vias,Sim,1212475.0,Motoneta,SHINERAY/XY125-6A,2024.0,Passageiro,Lesões Graves,15.0,Feminino,0.0,0.0,1.0,0.0,"-23,407353","-51,428102",SPRF-PR,DEL07-PR,UOP03-DEL07-PR
673085.0,1521311.0,12/04/2025,sábado,02:00:00,PR,369.0,"184,8",ARAPONGAS,Não,Velocidade Incompatível,1.0,Saída de leito carroçável,Com Vítimas Fatais,Plena Noite,Decrescente,Nublado,Simples,Reta;Interseção de Vias,Sim,1212475.0,Motoneta,SHINERAY/XY125-6A,2024.0,Passageiro,Lesões Graves,15.0,Feminino,0.0,0.0,1.0,0.0,"-23,407353","-51,428102",SPRF-PR,DEL07-PR,UOP03-DEL07-PR
673085.0,1521311.0,12/04/2025,sábado,02:00:00,PR,369.0,"184,8",ARAPONGAS,Não,Reação tardia ou ineficiente do condutor,4.0,Queda de ocupante de veículo,Com Vítimas Fatais,Plena Noite,Decrescente,Nublado,Simples,Reta;Interseção de Vias,Sim,1212475.0,Motoneta,SHINERAY/XY125-6A,2024.0,Passageiro,Lesões Graves,15.0,Feminino,0.0,0.0,1.0,0.0,"-23,407353","-51,428102",SPRF-PR,DEL07-PR,UOP03-DEL07-PR
673085.0,1521311.0,12/04/2025,sábado,02:00:00,PR,369.0,"184,8",ARAPONGAS,Não,Reação tardia ou ineficiente do condutor,3.0,Tombamento,Com Vítimas Fatais,Plena Noite,Decrescente,Nublado,Simples,Reta;Interseção de Vias,Sim,1212475.0,Motoneta,SHINERAY/XY125-6A,2024.0,Passageiro,Lesões Graves,15.0,Feminino,0.0,0.0,1.0,0.0,"-23,407353","-51,428102",SPRF-PR,DEL07-PR,UOP03-DEL07-PR
673085.0,1521311.0,12/04/2025,sábado,02:00:00,PR,369.0,"184,8",ARAPONGAS,Não,Reação tardia ou ineficiente do condutor,2.0,Colisão com objeto,Com Vítimas Fatais,Plena Noite,Decrescente,Nublado,Simples,Reta;Interseção de Vias,Sim,1212475.0,Motoneta,SHINERAY/XY125-6A,2024.0,Passageiro,Lesões Graves,15.0,Feminino,0.0,0.0,1.0,0.0,"-23,407353","-51,428102",SPRF-PR,DEL07-PR,UOP03-DEL07-PR
673085.0,1521311.0,12/04/2025,sábado,02:00:00,PR,369.0,"184,8",ARAPONGAS,Não,Reação tardia ou ineficiente do condutor,1.0,Saída de leito carroçável,Com Vítimas Fatais,Plena Noite,Decrescente,Nublado,Simples,Reta;Interseção de Vias,Sim,1212475.0,Motoneta,SHINERAY/XY125-6A,2024.0,Passageiro,Lesões Graves,15.0,Feminino,0.0,0.0,1.0,0.0,"-23,407353","-51,428102",SPRF-PR,DEL07-PR,UOP03-DEL07-PR
673085.0,1521311.0,12/04/2025,sábado,02:00:00,PR,369.0,"184,8",ARAPONGAS,Não,Ingestão de álcool pelo condutor,4.0,Queda de ocupante de veículo,Com Vítimas Fatais,Plena Noite,Decrescente,Nublado,Simples,Reta;Interseção de Vias,Sim,1212475.0,Motoneta,SHINERAY/XY125-6A,2024.0,Passageiro,Lesões Graves,15.0,Feminino,0.0,0.0,1.0,0.0,"-23,407353","-51,428102",SPRF-PR,DEL07-PR,UOP03-DEL07-PR
673085.0,1521311.0,12/04/2025,sábado,02:00:00,PR,369.0,"184,8",ARAPONGAS,Não,Ingestão de álcool pelo condutor,3.0,Tombamento,Com Vítimas Fatais,Plena Noite,Decrescente,Nublado,Simples,Reta;Interseção de Vias,Sim,1212475.0,Motoneta,SHINERAY/XY125-6A,2024.0,Passageiro,Lesões Graves,15.0,Feminino,0.0,0.0,1.0,0.0,"-23,407353","-51,428102",SPRF-PR,DEL07-PR,UOP03-DEL07-PR
673085.0,1521311.0,12/04/2025,sábado,02:00:00,PR,369.0,"184,8",ARAPONGAS,Não,Ingestão de álcool pelo condutor,2.0,Colisão com objeto,Com Vítimas Fatais,Plena Noite,Decrescente,Nublado,Simples,Reta;Interseção de Vias,Sim,1212475.0,Motoneta,SHINERAY/XY125-6A,2024.0,Passageiro,Lesões Graves,15.0,Feminino,0.0,0.0,1.0,0.0,"-23,407353","-51,428102",SPRF-PR,DEL07-PR,UOP03-DEL07-PR
673085.0,1521311.0,12/04/2025,sábado,02:00:00,PR,369.0,"184,8",ARAPONGAS,Não,Ingestão de álcool pelo condutor,1.0,Saída de leito carroçável,Com Vítimas Fatais,Plena Noite,Decrescente,Nublado,Simples,Reta;Interseção de Vias,Sim,1212475.0,Motoneta,SHINERAY/XY125-6A,2024.0,Passageiro,Lesões Graves,15.0,Feminino,0.0,0.0,1.0,0.0,"-23,407353","-51,428102",SPRF-PR,DEL07-PR,UOP03-DEL07-PR
673085.0,1521311.0,12/04/2025,sábado,02:00:00,PR,369.0,"184,8",ARAPONGAS,Sim,Ausência de reação do condutor,4.0,Queda de ocupante de veículo,Com Vítimas Fatais,Plena Noite,Decrescente,Nublado,Simples,Reta;Interseção de Vias,Sim,1212475.0,Motoneta,SHINERAY/XY125-6A,2024.0,Passageiro,Lesões Graves,15.0,Feminino,0.0,0.0,1.0,0.0,"-23,407353","-51,428102",SPRF-PR,DEL07-PR,UOP03-DEL07-PR
673085.0,1521311.0,12/04/2025,sábado,02:00:00,PR,369.0,"184,8",ARAPONGAS,Sim,Ausência de reação do condutor,3.0,Tombamento,Com Vítimas Fatais,Plena Noite,Decrescente,Nublado,Simples,Reta;Interseção de Vias,Sim,1212475.0,Motoneta,SHINERAY/XY125-6A,2024.0,Passageiro,Lesões Graves,15.0,Feminino,0.0,0.0,1.0,0.0,"-23,407353","-51,428102",SPRF-PR,DEL07-PR,UOP03-DEL07-PR
673085.0,1521311.0,12/04/2025,sábado,02:00:00,PR,369.0,"184,8",ARAPONGAS,Sim,Ausência de reação do condutor,2.0,Colisão com objeto,Com Vítimas Fatais,Plena Noite,Decrescente,Nublado,Simples,Reta;Interseção de Vias,Sim,1212475.0,Motoneta,SHINERAY/XY125-6A,2024.0,Passageiro,Lesões Graves,15.0,Feminino,0.0,0.0,1.0,0.0,"-23,407353","-51,428102",SPRF-PR,DEL07-PR,UOP03-DEL07-PR
673085.0,1521311.0,12/04/2025,sábado,02:00:00,PR,369.0,"184,8",ARAPONGAS,Sim,Ausência de reação do condutor,1.0,Saída de leito carroçável,Com Vítimas Fatais,Plena Noite,Decrescente,Nublado,Simples,Reta;Interseção de Vias,Sim,1212475.0,Motoneta,SHINERAY/XY125-6A,2024.0,Passageiro,Lesões Graves,15.0,Feminino,0.0,0.0,1.0,0.0,"-23,407353","-51,428102",SPRF-PR,DEL07-PR,UOP03-DEL07-PR
673447.0,1520231.0,13/04/2025,domingo,15:00:00,PR,116.0,51,CAMPINA GRANDE DO SUL,Não,Pista Escorregadia,2.0,Colisão com objeto,Com Vítimas Feridas,Pleno dia,Crescente,Garoa/Chuvisco,Dupla,Curva,Não,1213125.0,Automóvel,NISSAN/MARCH 16SL,2015.0,Passageiro,Ileso,12.0,Masculino,1.0,0.0,0.0,0.0,"-25,249261","-48,908652",SPRF-PR,DEL01-PR,UOP02-DEL01-PR
673447.0,1520231.0,13/04/2025,domingo,15:00:00,PR,116.0,51,CAMPINA GRANDE DO SUL,Não,Pista Escorregadia,1.0,Saída de leito carroçável,Com Vítimas Feridas,Pleno dia,Crescente,Garoa/Chuvisco,Dupla,Curva,Não,1213125.0,Automóvel,NISSAN/MARCH 16SL,2015.0,Passageiro,Ileso,12.0,Masculino,1.0,0.0,0.0,0.0,"-25,249261","-48,908652",SPRF-PR,DEL01-PR,UOP02-DEL01-PR
673447.0,1520231.0,13/04/2025,domingo,15:00:00,PR,116.0,51,CAMPINA GRANDE DO SUL,Não,Chuva,2.0,Colisão com objeto,Com Vítimas Feridas,Pleno dia,Crescente,Garoa/Chuvisco,Dupla,Curva,Não,1213125.0,Automóvel,NISSAN/MARCH 16SL,2015.0,Passageiro,Ileso,12.0,Masculino,1.0,0.0,0.0,0.0,"-25,249261","-48,908652",SPRF-PR,DEL01-PR,UOP02-DEL01-PR
673447.0,1520231.0,13/04/2025,domingo,15:00:00,PR,116.0,51,CAMPINA GRANDE DO SUL,Não,Chuva,1.0,Saída de leito carroçável,Com Vítimas Feridas,Pleno dia,Crescente,Garoa/Chuvisco,Dupla,Curva,Não,1213125.0,Automóvel,NISSAN/MARCH 16SL,2015.0,Passageiro,Ileso,12.0,Masculino,1.0,0.0,0.0,0.0,"-25,249261","-48,908652",SPRF-PR,DEL01-PR,UOP02-DEL01-PR
673447.0,1520231.0,13/04/2025,domingo,15:00:00,PR,116.0,51,CAMPINA GRANDE DO SUL,Não,Acumulo de água sobre o pavimento,2.0,Colisão com objeto,Com Vítimas Feridas,Pleno dia,Crescente,Garoa/Chuvisco,Dupla,Curva,Não,1213125.0,Automóvel,NISSAN/MARCH 16SL,2015.0,Passageiro,Ileso,12.0,Masculino,1.0,0.0,0.0,0.0,"-25,249261","-48,908652",SPRF-PR,DEL01-PR,UOP02-DEL01-PR
673447.0,1520231.0,13/04/2025,domingo,15:00:00,PR,116.0,51,CAMPINA GRANDE DO SUL,Não,Acumulo de água sobre o pavimento,1.0,Saída de leito carroçável,Com Vítimas Feridas,Pleno dia,Crescente,Garoa/Chuvisco,Dupla,Curva,Não,1213125.0,Automóvel,NISSAN/MARCH 16SL,2015.0,Passageiro,Ileso,12.0,Masculino,1.0,0.0,0.0,0.0,"-25,249261","-48,908652",SPRF-PR,DEL01-PR,UOP02-DEL01-PR
673447.0,1520231.0,13/04/2025,domingo,15:00:00,PR,116.0,51,CAMPINA GRANDE DO SUL,Sim,Avarias e/ou desgaste excessivo no pneu,2.0,Colisão com objeto,Com Vítimas Feridas,Pleno dia,Crescente,Garoa/Chuvisco,Dupla,Curva,Não,1213125.0,Automóvel,NISSAN/MARCH 16SL,2015.0,Passageiro,Ileso,12.0,Masculino,1.0,0.0,0.0,0.0,"-25,249261","-48,908652",SPRF-PR,DEL01-PR,UOP02-DEL01-PR
673447.0,1520231.0,13/04/2025,domingo,15:00:00,PR,116.0,51,CAMPINA GRANDE DO SUL,Sim,Avarias e/ou desgaste excessivo no pneu,1.0,Saída de leito carroçável,Com Vítimas Feridas,Pleno dia,Crescente,Garoa/Chuvisco,Dupla,Curva,Não,1213125.0,Automóvel,NISSAN/MARCH 16SL,2015.0,Passageiro,Ileso,12.0,Masculino,1.0,0.0,0.0,0.0,"-25,249261","-48,908652",SPRF-PR,DEL01-PR,UOP02-DEL01-PR
673940.0,1521542.0,15/04/2025,terça-feira,21:50:00,PR,369.0,"375,1",MAMBORE,Não,Transitar na contramão,2.0,Saída de leito carroçável,Com Vítimas Fatais,Plena Noite,Decrescente,Céu Claro,Simples,Reta;Declive,Não,1214156.0,Caminhonete,I/TOYOTA HILUX CDSRVA4FD,2022.0,Passageiro,Lesões Leves,2.0,Feminino,0.0,1.0,0.0,0.0,"-24,28533901","-52,55401958",SPRF-PR,DEL04-PR,UOP03-DEL04-PR
673940.0,1521542.0,15/04/2025,terça-feira,21:50:00,PR,369.0,"375,1",MAMBORE,Não,Transitar na contramão,1.0,Colisão frontal,Com Vítimas Fatais,Plena Noite,Decrescente,Céu Claro,Simples,Reta;Declive,Não,1214156.0,Caminhonete,I/TOYOTA HILUX CDSRVA4FD,2022.0,Passageiro,Lesões Leves,2.0,Feminino,0.0,1.0,0.0,0.0,"-24,28533901","-52,55401958",SPRF-PR,DEL04-PR,UOP03-DEL04-PR
673940.0,1521542.0,15/04/2025,terça-feira,21:50:00,PR,369.0,"375,1",MAMBORE,Sim,Ultrapassagem Indevida,2.0,Saída de leito carroçável,Com Vítimas Fatais,Plena Noite,Decrescente,Céu Claro,Simples,Reta;Declive,Não,1214156.0,Caminhonete,I/TOYOTA HILUX CDSRVA4FD,2022.0,Passageiro,Lesões Leves,2.0,Feminino,0.0,1.0,0.0,0.0,"-24,28533901","-52,55401958",SPRF-PR,DEL04-PR,UOP03-DEL04-PR
673940.0,1521542.0,15/04/2025,terça-feira,21:50:00,PR,369.0,"375,1",MAMBORE,Sim,Ultrapassagem Indevida,1.0,Colisão frontal,Com Vítimas Fatais,Plena Noite,Decrescente,Céu Claro,Simples,Reta;Declive,Não,1214156.0,Caminhonete,I/TOYOTA HILUX CDSRVA4FD,2022.0,Passageiro,Lesões Leves,2.0,Feminino,0.0,1.0,0.0,0.0,"-24,28533901","-52,55401958",SPRF-PR,DEL04-PR,UOP03-DEL04-PR
673940.0,1521542.0,15/04/2025,terça-feira,21:50:00,PR,369.0,"375,1",MAMBORE,Não,Reação tardia ou ineficiente do condutor,2.0,Saída de leito carroçável,Com Vítimas Fatais,Plena Noite,Decrescente,Céu Claro,Simples,Reta;Declive,Não,1214156.0,Caminhonete,I/TOYOTA HILUX CDSRVA4FD,2022.0,Passageiro,Lesões Leves,2.0,Feminino,0.0,1.0,0.0,0.0,"-24,28533901","-52,55401958",SPRF-PR,DEL04-PR,UOP03-DEL04-PR
673940.0,1521542.0,15/04/2025,terça-feira,21:50:00,PR,369.0,"375,1",MAMBORE,Não,Reação tardia ou ineficiente do condutor,1.0,Colisão frontal,Com Vítimas Fatais,Plena Noite,Decrescente,Céu Claro,Simples,Reta;Declive,Não,1214156.0,Caminhonete,I/TOYOTA HILUX CDSRVA4FD,2022.0,Passageiro,Lesões Leves,2.0,Feminino,0.0,1.0,0.0,0.0,"-24,28533901","-52,55401958",SPRF-PR,DEL04-PR,UOP03-DEL04-PR
685437.0,1522382.0,17/04/2025,quinta-feira,14:30:00,PR,277.0,"45,6",MORRETES,Sim,Objeto estático sobre o leito carroçável,2.0,Saída de leito carroçável,Com Vítimas Fatais,Pleno dia,Decrescente,Nublado,Dupla,Declive;Curva,Não,1214813.0,Utilitário,CAOACHERY/TIGGO8 1.6TGDI,2022.0,Passageiro,Ileso,10.0,Masculino,1.0,0.0,0.0,0.0,"-25,59712929","-48,9037388",SPRF-PR,DEL01-PR,UOP05-DEL01-PR
685437.0,1522378.0,17/04/2025,quinta-feira,14:30:00,PR,277.0,"45,6",MORRETES,Sim,Objeto estático sobre o leito carroçável,2.0,Saída de leito carroçável,Com Vítimas Fatais,Pleno dia,Decrescente,Nublado,Dupla,Declive;Curva,Não,1214809.0,Automóvel,CITROEN/C3 FEEL 1.0,2023.0,Passageiro,Lesões Leves,7.0,Masculino,0.0,1.0,0.0,0.0,"-25,59712929","-48,9037388",SPRF-PR,DEL01-PR,UOP05-DEL01-PR
685437.0,1522377.0,17/04/2025,quinta-feira,14:30:00,PR,277.0,"45,6",MORRETES,Sim,Objeto estático sobre o leito carroçável,2.0,Saída de leito carroçável,Com Vítimas Fatais,Pleno dia,Decrescente,Nublado,Dupla,Declive;Curva,Não,1214809.0,Automóvel,CITROEN/C3 FEEL 1.0,2023.0,Passageiro,Lesões Leves,12.0,Masculino,0.0,1.0,0.0,0.0,"-25,59712929","-48,9037388",SPRF-PR,DEL01-PR,UOP05-DEL01-PR
685437.0,1522382.0,17/04/2025,quinta-feira,14:30:00,PR,277.0,"45,6",MORRETES,Sim,Objeto estático sobre o leito carroçável,1.0,Colisão com objeto,Com Vítimas Fatais,Pleno dia,Decrescente,Nublado,Dupla,Declive;Curva,Não,1214813.0,Utilitário,CAOACHERY/TIGGO8 1.6TGDI,2022.0,Passageiro,Ileso,10.0,Masculino,1.0,0.0,0.0,0.0,"-25,59712929","-48,9037388",SPRF-PR,DEL01-PR,UOP05-DEL01-PR
685437.0,1522378.0,17/04/2025,quinta-feira,14:30:00,PR,277.0,"45,6",MORRETES,Sim,Objeto estático sobre o leito carroçável,1.0,Colisão com objeto,Com Vítimas Fatais,Pleno dia,Decrescente,Nublado,Dupla,Declive;Curva,Não,1214809.0,Automóvel,CITROEN/C3 FEEL 1.0,2023.0,Passageiro,Lesões Leves,7.0,Masculino,0.0,1.0,0.0,0.0,"-25,59712929","-48,9037388",SPRF-PR,DEL01-PR,UOP05-DEL01-PR
685437.0,1522377.0,17/04/2025,quinta-feira,14:30:00,PR,277.0,"45,6",MORRETES,Sim,Objeto estático sobre o leito carroçável,1.0,Colisão com objeto,Com Vítimas Fatais,Pleno dia,Decrescente,Nublado,Dupla,Declive;Curva,Não,1214809.0,Automóvel,CITROEN/C3 FEEL 1.0,2023.0,Passageiro,Lesões Leves,12.0,Masculino,0.0,1.0,0.0,0.0,"-25,59712929","-48,9037388",SPRF-PR,DEL01-PR,UOP05-DEL01-PR
685542.0,1522564.0,17/04/2025,quinta-feira,19:00:00,PR,376.0,149,PRESIDENTE CASTELO BRANCO,Sim,Reação tardia ou ineficiente do condutor,2.0,Capotamento,Com Vítimas Feridas,Plena Noite,Decrescente,Céu Claro,Dupla,Reta,Não,1214936.0,Automóvel,VW/FOX CONNECT MB,2020.0,Passageiro,Lesões Leves,14.0,Masculino,0.0,1.0,0.0,0.0,"-23,294785","-52,120734",SPRF-PR,DEL09-PR,UOP02-DEL09-PR
685542.0,1522563.0,17/04/2025,quinta-feira,19:00:00,PR,376.0,149,PRESIDENTE CASTELO BRANCO,Sim,Reação tardia ou ineficiente do condutor,2.0,Capotamento,Com Vítimas Feridas,Plena Noite,Decrescente,Céu Claro,Dupla,Reta,Não,1214936.0,Automóvel,VW/FOX CONNECT MB,2020.0,Passageiro,Lesões Leves,10.0,Masculino,0.0,1.0,0.0,0.0,"-23,294785","-52,120734",SPRF-PR,DEL09-PR,UOP02-DEL09-PR
685542.0,1522564.0,17/04/2025,quinta-feira,19:00:00,PR,376.0,149,PRESIDENTE CASTELO BRANCO,Sim,Reação tardia ou ineficiente do condutor,1.0,Saída de leito carroçável,Com Vítimas Feridas,Plena Noite,Decrescente,Céu Claro,Dupla,Reta,Não,1214936.0,Automóvel,VW/FOX CONNECT MB,2020.0,Passageiro,Lesões Leves,14.0,Masculino,0.0,1.0,0.0,0.0,"-23,294785","-52,120734",SPRF-PR,DEL09-PR,UOP02-DEL09-PR
685542.0,1522563.0,17/04/2025,quinta-feira,19:00:00,PR,376.0,149,PRESIDENTE CASTELO BRANCO,Sim,Reação tardia ou ineficiente do condutor,1.0,Saída de leito carroçável,Com Vítimas Feridas,Plena Noite,Decrescente,Céu Claro,Dupla,Reta,Não,1214936.0,Automóvel,VW/FOX CONNECT MB,2020.0,Passageiro,Lesões Leves,10.0,Masculino,0.0,1.0,0.0,0.0,"-23,294785","-52,120734",SPRF-PR,DEL09-PR,UOP02-DEL09-PR
685552.0,1522644.0,17/04/2025,quinta-feira,20:30:00,PR,153.0,"226,8",TIBAGI,Sim,Ultrapassagem Indevida,1.0,Colisão frontal,Com Vítimas Feridas,Plena Noite,Crescente,Céu Claro,Simples,Reta,Não,1214993.0,Automóvel,CHEV/ONIX PLUS JOY BLACK,2020.0,Passageiro,Lesões Leves,4.0,Masculino,0.0,1.0,0.0,0.0,"-24,67538466","-50,45039523",SPRF-PR,DEL03-PR,UOP02-DEL03-PR