id,pesid,data_inversa,dia_semana,horario,uf,br,km,municipio,causa_principal,causa_acidente,ordem_tipo_acidente,tipo_acidente,classificacao_acidente,fase_dia,sentido_via,condicao_metereologica,tipo_pista,tracado_via,uso_solo,id_veiculo,tipo_veiculo,marca,ano_fabricacao_veiculo,tipo_envolvido,estado_fisico,idade,sexo,ilesos,feridos_leves,feridos_graves,mortos,latitude,longitude,regional,delegacia,uop
685727.0,1527698.0,18/04/2025,sexta-feira,09:10:00,PR,277.0,"651,3",MATELANDIA,Não,Condutor usando celular,2.0,Saída de leito carroçável,Com Vítimas Feridas,Pleno dia,Crescente,Céu Claro,Simples,Reta,Sim,1215198.0,Automóvel,FIAT/STILO SPORTING DUAL,2009.0,Passageiro,Ileso,1.0,Feminino,1.0,0.0,0.0,0.0,"-25,197742","-53,943837",SPRF-PR,DEL05-PR,UOP02-DEL05-PR
685727.0,1527698.0,18/04/2025,sexta-feira,09:10:00,PR,277.0,"651,3",MATELANDIA,Não,Condutor usando celular,1.0,Colisão transversal,Com Vítimas Feridas,Pleno dia,Crescente,Céu Claro,Simples,Reta,Sim,1215198.0,Automóvel,FIAT/STILO SPORTING DUAL,2009.0,Passageiro,Ileso,1.0,Feminino,1.0,0.0,0.0,0.0,"-25,197742","-53,943837",SPRF-PR,DEL05-PR,UOP02-DEL05-PR
685727.0,1527698.0,18/04/2025,sexta-feira,09:10:00,PR,277.0,"651,3",MATELANDIA,Não,Condutor Dormindo,2.0,Saída de leito carroçável,Com Vítimas Feridas,Pleno dia,Crescente,Céu Claro,Simples,Reta,Sim,1215198.0,Automóvel,FIAT/STILO SPORTING DUAL,2009.0,Passageiro,Ileso,1.0,Feminino,1.0,0.0,0.0,0.0,"-25,197742","-53,943837",SPRF-PR,DEL05-PR,UOP02-DEL05-PR
685727.0,1527698.0,18/04/2025,sexta-feira,09:10:00,PR,277.0,"651,3",MATELANDIA,Não,Condutor Dormindo,1.0,Colisão transversal,Com Vítimas Feridas,Pleno dia,Crescente,Céu Claro,Simples,Reta,Sim,1215198.0,Automóvel,FIAT/STILO SPORTING DUAL,2009.0,Passageiro,Ileso,1.0,Feminino,1.0,0.0,0.0,0.0,"-25,197742","-53,943837",SPRF-PR,DEL05-PR,UOP02-DEL05-PR
685727.0,1527698.0,18/04/2025,sexta-feira,09:10:00,PR,277.0,"651,3",MATELANDIA,Não,Reação tardia ou ineficiente do condutor,2.0,Saída de leito carroçável,Com Vítimas Feridas,Pleno dia,Crescente,Céu Claro,Simples,Reta,Sim,1215198.0,Automóvel,FIAT/STILO SPORTING DUAL,2009.0,Passageiro,Ileso,1.0,Feminino,1.0,0.0,0.0,0.0,"-25,197742","-53,943837",SPRF-PR,DEL05-PR,UOP02-DEL05-PR
685727.0,1527698.0,18/04/2025,sexta-feira,09:10:00,PR,277.0,"651,3",MATELANDIA,Não,Reação tardia ou ineficiente do condutor,1.0,Colisão transversal,Com Vítimas Feridas,Pleno dia,Crescente,Céu Claro,Simples,Reta,Sim,1215198.0,Automóvel,FIAT/STILO SPORTING DUAL,2009.0,Passageiro,Ileso,1.0,Feminino,1.0,0.0,0.0,0.0,"-25,197742","-53,943837",SPRF-PR,DEL05-PR,UOP02-DEL05-PR
685727.0,1527698.0,18/04/2025,sexta-feira,09:10:00,PR,277.0,"651,3",MATELANDIA,Sim,Transitar na contramão,2.0,Saída de leito carroçável,Com Vítimas Feridas,Pleno dia,Crescente,Céu Claro,Simples,Reta,Sim,1215198.0,Automóvel,FIAT/STILO SPORTING DUAL,2009.0,Passageiro,Ileso,1.0,Feminino,1.0,0.0,0.0,0.0,"-25,197742","-53,943837",SPRF-PR,DEL05-PR,UOP02-DEL05-PR
685727.0,1527698.0,18/04/2025,sexta-feira,09:10:00,PR,277.0,"651,3",MATELANDIA,Sim,Transitar na contramão,1.0,Colisão transversal,Com Vítimas Feridas,Pleno dia,Crescente,Céu Claro,Simples,Reta,Sim,1215198.0,Automóvel,FIAT/STILO SPORTING DUAL,2009.0,Passageiro,Ileso,1.0,Feminino,1.0,0.0,0.0,0.0,"-25,197742","-53,943837",SPRF-PR,DEL05-PR,UOP02-DEL05-PR
685760.0,1523172.0,18/04/2025,sexta-feira,13:55:00,PR,369.0,"471,5",CORBELIA,Sim,Reação tardia ou ineficiente do condutor,1.0,Colisão frontal,Com Vítimas Fatais,Pleno dia,Crescente,Chuva,Simples,Declive;Curva,Não,1215368.0,Automóvel,I/FORD FOCUS TI AT 2.0 S,2014.0,Passageiro,Óbito,13.0,Masculino,0.0,0.0,0.0,1.0,"-24,70730511","-53,23957443",SPRF-PR,DEL04-PR,UOP03-DEL04-PR
686036.0,1523753.0,19/04/2025,sábado,19:25:00,PR,272.0,560,GUAIRA,Sim,Ingestão de álcool pelo condutor,2.0,Colisão com objeto,Sem Vítimas,Plena Noite,Crescente,Céu Claro,Simples,Reta,Não,1215782.0,Automóvel,I/FORD FOCUS HC FLEX,2010.0,Passageiro,Ileso,5.0,Masculino,1.0,0.0,0.0,0.0,"-24,08408572","-54,17171288",SPRF-PR,DEL06-PR,UOP01-DEL06-PR
686036.0,1524760.0,19/04/2025,sábado,19:25:00,PR,272.0,560,GUAIRA,Sim,Ingestão de álcool pelo condutor,2.0,Colisão com objeto,Sem Vítimas,Plena Noite,Crescente,Céu Claro,Simples,Reta,Não,1216516.0,Automóvel,I/HYUNDAI ELANTRA,2014.0,Passageiro,Ileso,14.0,Masculino,1.0,0.0,0.0,0.0,"-24,08408572","-54,17171288",SPRF-PR,DEL06-PR,UOP01-DEL06-PR
686036.0,1523753.0,19/04/2025,sábado,19:25:00,PR,272.0,560,GUAIRA,Sim,Ingestão de álcool pelo condutor,1.0,Colisão lateral sentido oposto,Sem Vítimas,Plena Noite,Crescente,Céu Claro,Simples,Reta,Não,1215782.0,Automóvel,I/FORD FOCUS HC FLEX,2010.0,Passageiro,Ileso,5.0,Masculino,1.0,0.0,0.0,0.0,"-24,08408572","-54,17171288",SPRF-PR,DEL06-PR,UOP01-DEL06-PR
686036.0,1524760.0,19/04/2025,sábado,19:25:00,PR,272.0,560,GUAIRA,Sim,Ingestão de álcool pelo condutor,1.0,Colisão lateral sentido oposto,Sem Vítimas,Plena Noite,Crescente,Céu Claro,Simples,Reta,Não,1216516.0,Automóvel,I/HYUNDAI ELANTRA,2014.0,Passageiro,Ileso,14.0,Masculino,1.0,0.0,0.0,0.0,"-24,08408572","-54,17171288",SPRF-PR,DEL06-PR,UOP01-DEL06-PR
686238.0,1524232.0,20/04/2025,domingo,14:30:00,PR,116.0,188,CAMPO DO TENENTE,Não,Acessar a via sem observar a presença dos outros veículos,2.0,Tombamento,Com Vítimas Feridas,Pleno dia,Crescente,Céu Claro,Simples,Reta;Interseção de Vias,Não,1216163.0,Camioneta,RENAULT/DUSTER 16 E 4X2,2014.0,Passageiro,Lesões Leves,13.0,Masculino,0.0,1.0,0.0,0.0,"-25,973059","-49,660773",SPRF-PR,DEL01-PR,UOP03-DEL01-PR
686238.0,1524231.0,20/04/2025,domingo,14:30:00,PR,116.0,188,CAMPO DO TENENTE,Não,Acessar a via sem observar a presença dos outros veículos,2.0,Tombamento,Com Vítimas Feridas,Pleno dia,Crescente,Céu Claro,Simples,Reta;Interseção de Vias,Não,1216163.0,Camioneta,RENAULT/DUSTER 16 E 4X2,2014.0,Passageiro,Ileso,9.0,Masculino,1.0,0.0,0.0,0.0,"-25,973059","-49,660773",SPRF-PR,DEL01-PR,UOP03-DEL01-PR
686238.0,1524232.0,20/04/2025,domingo,14:30:00,PR,116.0,188,CAMPO DO TENENTE,Não,Acessar a via sem observar a presença dos outros veículos,1.0,Colisão transversal,Com Vítimas Feridas,Pleno dia,Crescente,Céu Claro,Simples,Reta;Interseção de Vias,Não,1216163.0,Camioneta,RENAULT/DUSTER 16 E 4X2,2014.0,Passageiro,Lesões Leves,13.0,Masculino,0.0,1.0,0.0,0.0,"-25,973059","-49,660773",SPRF-PR,DEL01-PR,UOP03-DEL01-PR
686238.0,1524231.0,20/04/2025,domingo,14:30:00,PR,116.0,188,CAMPO DO TENENTE,Não,Acessar a via sem observar a presença dos outros veículos,1.0,Colisão transversal,Com Vítimas Feridas,Pleno dia,Crescente,Céu Claro,Simples,Reta;Interseção de Vias,Não,1216163.0,Camioneta,RENAULT/DUSTER 16 E 4X2,2014.0,Passageiro,Ileso,9.0,Masculino,1.0,0.0,0.0,0.0,"-25,973059","-49,660773",SPRF-PR,DEL01-PR,UOP03-DEL01-PR
686238.0,1524232.0,20/04/2025,domingo,14:30:00,PR,116.0,188,CAMPO DO TENENTE,Sim,Desrespeitar a preferência no cruzamento,2.0,Tombamento,Com Vítimas Feridas,Pleno dia,Crescente,Céu Claro,Simples,Reta;Interseção de Vias,Não,1216163.0,Camioneta,RENAULT/DUSTER 16 E 4X2,2014.0,Passageiro,Lesões Leves,13.0,Masculino,0.0,1.0,0.0,0.0,"-25,973059","-49,660773",SPRF-PR,DEL01-PR,UOP03-DEL01-PR
686238.0,1524231.0,20/04/2025,domingo,14:30:00,PR,116.0,188,CAMPO DO TENENTE,Sim,Desrespeitar a preferência no cruzamento,2.0,Tombamento,Com Vítimas Feridas,Pleno dia,Crescente,Céu Claro,Simples,Reta;Interseção de Vias,Não,1216163.0,Camioneta,RENAULT/DUSTER 16 E 4X2,2014.0,Passageiro,Ileso,9.0,Masculino,1.0,0.0,0.0,0.0,"-25,973059","-49,660773",SPRF-PR,DEL01-PR,UOP03-DEL01-PR
686238.0,1524232.0,20/04/2025,domingo,14:30:00,PR,116.0,188,CAMPO DO TENENTE,Sim,Desrespeitar a preferência no cruzamento,1.0,Colisão transversal,Com Vítimas Feridas,Pleno dia,Crescente,Céu Claro,Simples,Reta;Interseção de Vias,Não,1216163.0,Camioneta,RENAULT/DUSTER 16 E 4X2,2014.0,Passageiro,Lesões Leves,13.0,Masculino,0.0,1.0,0.0,0.0,"-25,973059","-49,660773",SPRF-PR,DEL01-PR,UOP03-DEL01-PR
686238.0,1524231.0,20/04/2025,domingo,14:30:00,PR,116.0,188,CAMPO DO TENENTE,Sim,Desrespeitar a preferência no cruzamento,1.0,Colisão transversal,Com Vítimas Feridas,Pleno dia,Crescente,Céu Claro,Simples,Reta;Interseção de Vias,Não,1216163.0,Camioneta,RENAULT/DUSTER 16 E 4X2,2014.0,Passageiro,Ileso,9.0,Masculino,1.0,0.0,0.0,0.0,"-25,973059","-49,660773",SPRF-PR,DEL01-PR,UOP03-DEL01-PR
686247.0,1524381.0,20/04/2025,domingo,15:20:00,PR,153.0,349,REBOUCAS,Sim,Acessar a via sem observar a presença dos outros veículos,3.0,Saída de leito carroçável,Com Vítimas Feridas,Pleno dia,Decrescente,Sol,Simples,Reta;Declive,Sim,1216198.0,Automóvel,RENAULT/CAPTUR 16 BOSE,2020.0,Passageiro,Ileso,15.0,Masculino,1.0,0.0,0.0,0.0,"-25,60702","-50,69737",SPRF-PR,DEL08-PR,UOP02-DEL08-PR
686247.0,1524381.0,20/04/2025,domingo,15:20:00,PR,153.0,349,REBOUCAS,Sim,Acessar a via sem observar a presença dos outros veículos,2.0,Tombamento,Com Vítimas Feridas,Pleno dia,Decrescente,Sol,Simples,Reta;Declive,Sim,1216198.0,Automóvel,RENAULT/CAPTUR 16 BOSE,2020.0,Passageiro,Ileso,15.0,Masculino,1.0,0.0,0.0,0.0,"-25,60702","-50,69737",SPRF-PR,DEL08-PR,UOP02-DEL08-PR
686247.0,1524381.0,20/04/2025,domingo,15:20:00,PR,153.0,349,REBOUCAS,Sim,Acessar a via sem observar a presença dos outros veículos,1.0,Colisão transversal,Com Vítimas Feridas,Pleno dia,Decrescente,Sol,Simples,Reta;Declive,Sim,1216198.0,Automóvel,RENAULT/CAPTUR 16 BOSE,2020.0,Passageiro,Ileso,15.0,Masculino,1.0,0.0,0.0,0.0,"-25,60702","-50,69737",SPRF-PR,DEL08-PR,UOP02-DEL08-PR
686528.0,1526728.0,21/04/2025,segunda-feira,17:00:00,PR,369.0,162,CAMBE,Sim,Condutor deixou de manter distância do veículo da frente,3.0,Colisão traseira,Com Vítimas Feridas,Pleno dia,Decrescente,Céu Claro,Dupla,Reta;Declive,Não,1216717.0,Automóvel,GM/CELTA 5 PORTAS,2003.0,Passageiro,Lesões Leves,2.0,Masculino,0.0,1.0,0.0,0.0,"-23,29579861","-51,27173239",SPRF-PR,DEL07-PR,UOP01-DEL07-PR
686528.0,1525283.0,21/04/2025,segunda-feira,17:00:00,PR,369.0,162,CAMBE,Sim,Condutor deixou de manter distância do veículo da frente,3.0,Colisão traseira,Com Vítimas Feridas,Pleno dia,Decrescente,Céu Claro,Dupla,Reta;Declive,Não,1216717.0,Automóvel,GM/CELTA 5 PORTAS,2003.0,Passageiro,Lesões Leves,6.0,Feminino,0.0,1.0,0.0,0.0,"-23,29579861","-51,27173239",SPRF-PR,DEL07-PR,UOP01-DEL07-PR
686528.0,1526728.0,21/04/2025,segunda-feira,17:00:00,PR,369.0,162,CAMBE,Sim,Condutor deixou de manter distância do veículo da frente,2.0,Colisão traseira,Com Vítimas Feridas,Pleno dia,Decrescente,Céu Claro,Dupla,Reta;Declive,Não,1216717.0,Automóvel,GM/CELTA 5 PORTAS,2003.0,Passageiro,Lesões Leves,2.0,Masculino,0.0,1.0,0.0,0.0,"-23,29579861","-51,27173239",SPRF-PR,DEL07-PR,UOP01-DEL07-PR
686528.0,1525283.0,21/04/2025,segunda-feira,17:00:00,PR,369.0,162,CAMBE,Sim,Condutor deixou de manter distância do veículo da frente,2.0,Colisão traseira,Com Vítimas Feridas,Pleno dia,Decrescente,Céu Claro,Dupla,Reta;Declive,Não,1216717.0,Automóvel,GM/CELTA 5 PORTAS,2003.0,Passageiro,Lesões Leves,6.0,Feminino,0.0,1.0,0.0,0.0,"-23,29579861","-51,27173239",SPRF-PR,DEL07-PR,UOP01-DEL07-PR
686528.0,1526728.0,21/04/2025,segunda-feira,17:00:00,PR,369.0,162,CAMBE,Sim,Condutor deixou de manter distância do veículo da frente,1.0,Colisão traseira,Com Vítimas Feridas,Pleno dia,Decrescente,Céu Claro,Dupla,Reta;Declive,Não,1216717.0,Automóvel,GM/CELTA 5 PORTAS,2003.0,Passageiro,Lesões Leves,2.0,Masculino,0.0,1.0,0.0,0.0,"-23,29579861","-51,27173239",SPRF-PR,DEL07-PR,UOP01-DEL07-PR
686528.0,1525283.0,21/04/2025,segunda-feira,17:00:00,PR,369.0,162,CAMBE,Sim,Condutor deixou de manter distância do veículo da frente,1.0,Colisão traseira,Com Vítimas Feridas,Pleno dia,Decrescente,Céu Claro,Dupla,Reta;Declive,Não,1216717.0,Automóvel,GM/CELTA 5 PORTAS,2003.0,Passageiro,Lesões Leves,6.0,Feminino,0.0,1.0,0.0,0.0,"-23,29579861","-51,27173239",SPRF-PR,DEL07-PR,UOP01-DEL07-PR
686556.0,1525187.0,21/04/2025,segunda-feira,19:20:00,PR,369.0,132,IBIPORA,Não,Condutor deixou de manter distância do veículo da frente,4.0,Queda de ocupante de veículo,Com Vítimas Fatais,Plena Noite,Crescente,Céu Claro,Dupla,Reta;Aclive,Não,1216783.0,Automóvel,VW/POLO CL AD,2017.0,Passageiro,Ileso,8.0,Feminino,1.0,0.0,0.0,0.0,"-23,260212","-51,001333",SPRF-PR,DEL07-PR,UOP01-DEL07-PR
686556.0,1525183.0,21/04/2025,segunda-feira,19:20:00,PR,369.0,132,IBIPORA,Não,Condutor deixou de manter distância do veículo da frente,4.0,Queda de ocupante de veículo,Com Vítimas Fatais,Plena Noite,Crescente,Céu Claro,Dupla,Reta;Aclive,Não,1216783.0,Automóvel,VW/POLO CL AD,2017.0,Passageiro,Ileso,7.0,Masculino,1.0,0.0,0.0,0.0,"-23,260212","-51,001333",SPRF-PR,DEL07-PR,UOP01-DEL07-PR
686556.0,1525187.0,21/04/2025,segunda-feira,19:20:00,PR,369.0,132,IBIPORA,Não,Condutor deixou de manter distância do veículo da frente,3.0,Tombamento,Com Vítimas Fatais,Plena Noite,Crescente,Céu Claro,Dupla,Reta;Aclive,Não,1216783.0,Automóvel,VW/POLO CL AD,2017.0,Passageiro,Ileso,8.0,Feminino,1.0,0.0,0.0,0.0,"-23,260212","-51,001333",SPRF-PR,DEL07-PR,UOP01-DEL07-PR
686556.0,1525183.0,21/04/2025,segunda-feira,19:20:00,PR,369.0,132,IBIPORA,Não,Condutor deixou de manter distância do veículo da frente,3.0,Tombamento,Com Vítimas Fatais,Plena Noite,Crescente,Céu Claro,Dupla,Reta;Aclive,Não,1216783.0,Automóvel,VW/POLO CL AD,2017.0,Passageiro,Ileso,7.0,Masculino,1.0,0.0,0.0,0.0,"-23,260212","-51,001333",SPRF-PR,DEL07-PR,UOP01-DEL07-PR
686556.0,1525187.0,21/04/2025,segunda-feira,19:20:00,PR,369.0,132,IBIPORA,Não,Condutor deixou de manter distância do veículo da frente,2.0,Colisão traseira,Com Vítimas Fatais,Plena Noite,Crescente,Céu Claro,Dupla,Reta;Aclive,Não,1216783.0,Automóvel,VW/POLO CL AD,2017.0,Passageiro,Ileso,8.0,Feminino,1.0,0.0,0.0,0.0,"-23,260212","-51,001333",SPRF-PR,DEL07-PR,UOP01-DEL07-PR
686556.0,1525183.0,21/04/2025,segunda-feira,19:20:00,PR,369.0,132,IBIPORA,Não,Condutor deixou de manter distância do veículo da frente,2.0,Colisão traseira,Com Vítimas Fatais,Plena Noite,Crescente,Céu Claro,Dupla,Reta;Aclive,Não,1216783.0,Automóvel,VW/POLO CL AD,2017.0,Passageiro,Ileso,7.0,Masculino,1.0,0.0,0.0,0.0,"-23,260212","-51,001333",SPRF-PR,DEL07-PR,UOP01-DEL07-PR
686556.0,1525187.0,21/04/2025,segunda-feira,19:20:00,PR,369.0,132,IBIPORA,Não,Condutor deixou de manter distância do veículo da frente,1.0,Colisão traseira,Com Vítimas Fatais,Plena Noite,Crescente,Céu Claro,Dupla,Reta;Aclive,Não,1216783.0,Automóvel,VW/POLO CL AD,2017.0,Passageiro,Ileso,8.0,Feminino,1.0,0.0,0.0,0.0,"-23,260212","-51,001333",SPRF-PR,DEL07-PR,UOP01-DEL07-PR
686556.0,1525183.0,21/04/2025,segunda-feira,19:20:00,PR,369.0,132,IBIPORA,Não,Condutor deixou de manter distância do veículo da frente,1.0,Colisão traseira,Com Vítimas Fatais,Plena Noite,Crescente,Céu Claro,Dupla,Reta;Aclive,Não,1216783.0,Automóvel,VW/POLO CL AD,2017.0,Passageiro,Ileso,7.0,Masculino,1.0,0.0,0.0,0.0,"-23,260212","-51,001333",SPRF-PR,DEL07-PR,UOP01-DEL07-PR
686556.0,1525187.0,21/04/2025,segunda-feira,19:20:00,PR,369.0,132,IBIPORA,Sim,Reação tardia ou ineficiente do condutor,4.0,Queda de ocupante de veículo,Com Vítimas Fatais,Plena Noite,Crescente,Céu Claro,Dupla,Reta;Aclive,Não,1216783.0,Automóvel,VW/POLO CL AD,2017.0,Passageiro,Ileso,8.0,Feminino,1.0,0.0,0.0,0.0,"-23,260212","-51,001333",SPRF-PR,DEL07-PR,UOP01-DEL07-PR
686556.0,1525183.0,21/04/2025,segunda-feira,19:20:00,PR,369.0,132,IBIPORA,Sim,Reação tardia ou ineficiente do condutor,4.0,Queda de ocupante de veículo,Com Vítimas Fatais,Plena Noite,Crescente,Céu Claro,Dupla,Reta;Aclive,Não,1216783.0,Automóvel,VW/POLO CL AD,2017.0,Passageiro,Ileso,7.0,Masculino,1.0,0.0,0.0,0.0,"-23,260212","-51,001333",SPRF-PR,DEL07-PR,UOP01-DEL07-PR
686556.0,1525187.0,21/04/2025,segunda-feira,19:20:00,PR,369.0,132,IBIPORA,Sim,Reação tardia ou ineficiente do condutor,3.0,Tombamento,Com Vítimas Fatais,Plena Noite,Crescente,Céu Claro,Dupla,Reta;Aclive,Não,1216783.0,Automóvel,VW/POLO CL AD,2017.0,Passageiro,Ileso,8.0,Feminino,1.0,0.0,0.0,0.0,"-23,260212","-51,001333",SPRF-PR,DEL07-PR,UOP01-DEL07-PR
686556.0,1525183.0,21/04/2025,segunda-feira,19:20:00,PR,369.0,132,IBIPORA,Sim,Reação tardia ou ineficiente do condutor,3.0,Tombamento,Com Vítimas Fatais,Plena Noite,Crescente,Céu Claro,Dupla,Reta;Aclive,Não,1216783.0,Automóvel,VW/POLO CL AD,2017.0,Passageiro,Ileso,7.0,Masculino,1.0,0.0,0.0,0.0,"-23,260212","-51,001333",SPRF-PR,DEL07-PR,UOP01-DEL07-PR
686556.0,1525187.0,21/04/2025,segunda-feira,19:20:00,PR,369.0,132,IBIPORA,Sim,Reação tardia ou ineficiente do condutor,2.0,Colisão traseira,Com Vítimas Fatais,Plena Noite,Crescente,Céu Claro,Dupla,Reta;Aclive,Não,1216783.0,Automóvel,VW/POLO CL AD,2017.0,Passageiro,Ileso,8.0,Feminino,1.0,0.0,0.0,0.0,"-23,260212","-51,001333",SPRF-PR,DEL07-PR,UOP01-DEL07-PR
686556.0,1525183.0,21/04/2025,segunda-feira,19:20:00,PR,369.0,132,IBIPORA,Sim,Reação tardia ou ineficiente do condutor,2.0,Colisão traseira,Com Vítimas Fatais,Plena Noite,Crescente,Céu Claro,Dupla,Reta;Aclive,Não,1216783.0,Automóvel,VW/POLO CL AD,2017.0,Passageiro,Ileso,7.0,Masculino,1.0,0.0,0.0,0.0,"-23,260212","-51,001333",SPRF-PR,DEL07-PR,UOP01-DEL07-PR
686556.0,1525187.0,21/04/2025,segunda-feira,19:20:00,PR,369.0,132,IBIPORA,Sim,Reação tardia ou ineficiente do condutor,1.0,Colisão traseira,Com Vítimas Fatais,Plena Noite,Crescente,Céu Claro,Dupla,Reta;Aclive,Não,1216783.0,Automóvel,VW/POLO CL AD,2017.0,Passageiro,Ileso,8.0,Feminino,1.0,0.0,0.0,0.0,"-23,260212","-51,001333",SPRF-PR,DEL07-PR,UOP01-DEL07-PR
686556.0,1525183.0,21/04/2025,segunda-feira,19:20:00,PR,369.0,132,IBIPORA,Sim,Reação tardia ou ineficiente do condutor,1.0,Colisão traseira,Com Vítimas Fatais,Plena Noite,Crescente,Céu Claro,Dupla,Reta;Aclive,Não,1216783.0,Automóvel,VW/POLO CL AD,2017.0,Passageiro,Ileso,7.0,Masculino,1.0,0.0,0.0,0.0,"-23,260212","-51,001333",SPRF-PR,DEL07-PR,UOP01-DEL07-PR
686639.0,1525480.0,22/04/2025,terça-feira,07:10:00,PR,376.0,"651,2",TIJUCAS DO SUL,Sim,Condutor Dormindo,3.0,Tombamento,Com Vítimas Feridas,Pleno dia,Crescente,Nublado,Dupla,Reta;Aclive,Não,1216998.0,Automóvel,GM/CELTA 2P SPIRIT,2005.0,Passageiro,Ileso,7.0,Masculino,1.0,0.0,0.0,0.0,"-25,84630169","-49,06902547",SPRF-PR,DEL01-PR,UOP04-DEL01-PR
686639.0,1525483.0,22/04/2025,terça-feira,07:10:00,PR,376.0,"651,2",TIJUCAS DO SUL,Sim,Condutor Dormindo,3.0,Tombamento,Com Vítimas Feridas,Pleno dia,Crescente,Nublado,Dupla,Reta;Aclive,Não,1216998.0,Automóvel,GM/CELTA 2P SPIRIT,2005.0,Passageiro,Lesões Leves,2.0,Masculino,0.0,1.0,0.0,0.0,"-25,84630169","-49,06902547",SPRF-PR,DEL01-PR,UOP04-DEL01-PR
686639.0,1525480.0,22/04/2025,terça-feira,07:10:00,PR,376.0,"651,2",TIJUCAS DO SUL,Sim,Condutor Dormindo,2.0,Colisão com objeto,Com Vítimas Feridas,Pleno dia,Crescente,Nublado,Dupla,Reta;Aclive,Não,1216998.0,Automóvel,GM/CELTA 2P SPIRIT,2005.0,Passageiro,Ileso,7.0,Masculino,1.0,0.0,0.0,0.0,"-25,84630169","-49,06902547",SPRF-PR,DEL01-PR,UOP04-DEL01-PR
686639.0,1525483.0,22/04/2025,terça-feira,07:10:00,PR,376.0,"651,2",TIJUCAS DO SUL,Sim,Condutor Dormindo,2.0,Colisão com objeto,Com Vítimas Feridas,Pleno dia,Crescente,Nublado,Dupla,Reta;Aclive,Não,1216998.0,Automóvel,GM/CELTA 2P SPIRIT,2005.0,Passageiro,Lesões Leves,2.0,Masculino,0.0,1.0,0.0,0.0,"-25,84630169","-49,06902547",SPRF-PR,DEL01-PR,UOP04-DEL01-PR
686639.0,1525480.0,22/04/2025,terça-feira,07:10:00,PR,376.0,"651,2",TIJUCAS DO SUL,Sim,Condutor Dormindo,1.0,Saída de leito carroçável,Com Vítimas Feridas,Pleno dia,Crescente,Nublado,Dupla,Reta;Aclive,Não,1216998.0,Automóvel,GM/CELTA 2P SPIRIT,2005.0,Passageiro,Ileso,7.0,Masculino,1.0,0.0,0.0,0.0,"-25,84630169","-49,06902547",SPRF-PR,DEL01-PR,UOP04-DEL01-PR
686639.0,1525483.0,22/04/2025,terça-feira,07:10:00,PR,376.0,"651,2",TIJUCAS DO SUL,Sim,Condutor Dormindo,1.0,Saída de leito carroçável,Com Vítimas Feridas,Pleno dia,Crescente,Nublado,Dupla,Reta;Aclive,Não,1216998.0,Automóvel,GM/CELTA 2P SPIRIT,2005.0,Passageiro,Lesões Leves,2.0,Masculino,0.0,1.0,0.0,0.0,"-25,84630169","-49,06902547",SPRF-PR,DEL01-PR,UOP04-DEL01-PR
686702.0,1525616.0,22/04/2025,terça-feira,12:30:00,PR,376.0,497,PONTA GROSSA,Sim,Reação tardia ou ineficiente do condutor,1.0,Capotamento,Com Vítimas Feridas,Pleno dia,Crescente,Céu Claro,Dupla,Reta,Sim,1217068.0,Automóvel,I/CHEV CRUZE LTZ NB AT,2018.0,Passageiro,Ileso,0.0,Masculino,1.0,0.0,0.0,0.0,"-25,148206","-50,148158",SPRF-PR,DEL03-PR,UOP04-DEL03-PR
686785.0,1529463.0,22/04/2025,terça-feira,21:00:00,PR,277.0,559,CASCAVEL,Sim,Ultrapassagem Indevida,1.0,Colisão frontal,Com Vítimas Feridas,Plena Noite,Decrescente,Céu Claro,Simples,Reta,Não,1220111.0,Automóvel,GM/VECTRA GLS,1997.0,Passageiro,Lesões Leves,7.0,Feminino,0.0,1.0,0.0,0.0,"-25,0814564","-53,1965347",SPRF-PR,DEL04-PR,UOP04-DEL04-PR
686785.0,1529461.0,22/04/2025,terça-feira,21:00:00,PR,277.0,559,CASCAVEL,Sim,Ultrapassagem Indevida,1.0,Colisão frontal,Com Vítimas Feridas,Plena Noite,Decrescente,Céu Claro,Simples,Reta,Não,1220111.0,Automóvel,GM/VECTRA GLS,1997.0,Passageiro,Lesões Graves,12.0,Masculino,0.0,0.0,1.0,0.0,"-25,0814564","-53,1965347",SPRF-PR,DEL04-PR,UOP04-DEL04-PR
686989.0,1526348.0,08/04/2025,terça-feira,20:23:00,PR,277.0,"617,2",CEU AZUL,Sim,Demais falhas mecânicas ou elétricas,1.0,Engavetamento,Com Vítimas Feridas,Plena Noite,Crescente,Garoa/Chuvisco,Simples,Aclive;Reta,Não,1217673.0,Automóvel,VW/NOVO GOL TL MCV,2016.0,Passageiro,Lesões Leves,2.0,Masculino,0.0,1.0,0.0,0.0,"-25,07378666","-53,68443895",SPRF-PR,DEL05-PR,UOP02-DEL05-PR