id,pesid,data_inversa,dia_semana,horario,uf,br,km,municipio,causa_principal,causa_acidente,ordem_tipo_acidente,tipo_acidente,classificacao_acidente,fase_dia,sentido_via,condicao_metereologica,tipo_pista,tracado_via,uso_solo,id_veiculo,tipo_veiculo,marca,ano_fabricacao_veiculo,tipo_envolvido,estado_fisico,idade,sexo,ilesos,feridos_leves,feridos_graves,mortos,latitude,longitude,regional,delegacia,uop
687379.0,1528779.0,26/04/2025,sábado,03:20:00,PR,277.0,"595,7",CASCAVEL,Não,Suicídio (presumido),4.0,Colisão com objeto,Com Vítimas Fatais,Plena Noite,Decrescente,Nublado,Dupla,Reta,Sim,1218435.0,Automóvel,FIAT/SIENA ESSENCE 1.6,2013.0,Passageiro,Ileso,13.0,Feminino,1.0,0.0,0.0,0.0,"-24,98673107","-53,50617852",SPRF-PR,DEL04-PR,UOP01-DEL04-PR
687379.0,1528779.0,26/04/2025,sábado,03:20:00,PR,277.0,"595,7",CASCAVEL,Não,Suicídio (presumido),3.0,Capotamento,Com Vítimas Fatais,Plena Noite,Decrescente,Nublado,Dupla,Reta,Sim,1218435.0,Automóvel,FIAT/SIENA ESSENCE 1.6,2013.0,Passageiro,Ileso,13.0,Feminino,1.0,0.0,0.0,0.0,"-24,98673107","-53,50617852",SPRF-PR,DEL04-PR,UOP01-DEL04-PR
687379.0,1528779.0,26/04/2025,sábado,03:20:00,PR,277.0,"595,7",CASCAVEL,Não,Suicídio (presumido),2.0,Colisão frontal,Com Vítimas Fatais,Plena Noite,Decrescente,Nublado,Dupla,Reta,Sim,1218435.0,Automóvel,FIAT/SIENA ESSENCE 1.6,2013.0,Passageiro,Ileso,13.0,Feminino,1.0,0.0,0.0,0.0,"-24,98673107","-53,50617852",SPRF-PR,DEL04-PR,UOP01-DEL04-PR
687379.0,1528779.0,26/04/2025,sábado,03:20:00,PR,277.0,"595,7",CASCAVEL,Não,Suicídio (presumido),1.0,Colisão lateral sentido oposto,Com Vítimas Fatais,Plena Noite,Decrescente,Nublado,Dupla,Reta,Sim,1218435.0,Automóvel,FIAT/SIENA ESSENCE 1.6,2013.0,Passageiro,Ileso,13.0,Feminino,1.0,0.0,0.0,0.0,"-24,98673107","-53,50617852",SPRF-PR,DEL04-PR,UOP01-DEL04-PR
687379.0,1528779.0,26/04/2025,sábado,03:20:00,PR,277.0,"595,7",CASCAVEL,Sim,Transitar na contramão,4.0,Colisão com objeto,Com Vítimas Fatais,Plena Noite,Decrescente,Nublado,Dupla,Reta,Sim,1218435.0,Automóvel,FIAT/SIENA ESSENCE 1.6,2013.0,Passageiro,Ileso,13.0,Feminino,1.0,0.0,0.0,0.0,"-24,98673107","-53,50617852",SPRF-PR,DEL04-PR,UOP01-DEL04-PR
687379.0,1528779.0,26/04/2025,sábado,03:20:00,PR,277.0,"595,7",CASCAVEL,Sim,Transitar na contramão,3.0,Capotamento,Com Vítimas Fatais,Plena Noite,Decrescente,Nublado,Dupla,Reta,Sim,1218435.0,Automóvel,FIAT/SIENA ESSENCE 1.6,2013.0,Passageiro,Ileso,13.0,Feminino,1.0,0.0,0.0,0.0,"-24,98673107","-53,50617852",SPRF-PR,DEL04-PR,UOP01-DEL04-PR
687379.0,1528779.0,26/04/2025,sábado,03:20:00,PR,277.0,"595,7",CASCAVEL,Sim,Transitar na contramão,2.0,Colisão frontal,Com Vítimas Fatais,Plena Noite,Decrescente,Nublado,Dupla,Reta,Sim,1218435.0,Automóvel,FIAT/SIENA ESSENCE 1.6,2013.0,Passageiro,Ileso,13.0,Feminino,1.0,0.0,0.0,0.0,"-24,98673107","-53,50617852",SPRF-PR,DEL04-PR,UOP01-DEL04-PR
687379.0,1528779.0,26/04/2025,sábado,03:20:00,PR,277.0,"595,7",CASCAVEL,Sim,Transitar na contramão,1.0,Colisão lateral sentido oposto,Com Vítimas Fatais,Plena Noite,Decrescente,Nublado,Dupla,Reta,Sim,1218435.0,Automóvel,FIAT/SIENA ESSENCE 1.6,2013.0,Passageiro,Ileso,13.0,Feminino,1.0,0.0,0.0,0.0,"-24,98673107","-53,50617852",SPRF-PR,DEL04-PR,UOP01-DEL04-PR
687592.0,1527823.0,27/04/2025,domingo,03:00:00,PR,376.0,232,APUCARANA,Não,Velocidade Incompatível,2.0,Capotamento,Com Vítimas Feridas,Plena Noite,Crescente,Céu Claro,Dupla,Reta,Não,1218789.0,Automóvel,VW/FOX 1.6 PLUS,2007.0,Passageiro,Lesões Leves,6.0,Masculino,0.0,1.0,0.0,0.0,"-23,56772407","-51,51703835",SPRF-PR,DEL07-PR,UOP03-DEL07-PR
687592.0,1527822.0,27/04/2025,domingo,03:00:00,PR,376.0,232,APUCARANA,Não,Velocidade Incompatível,2.0,Capotamento,Com Vítimas Feridas,Plena Noite,Crescente,Céu Claro,Dupla,Reta,Não,1218789.0,Automóvel,VW/FOX 1.6 PLUS,2007.0,Passageiro,Lesões Leves,10.0,Feminino,0.0,1.0,0.0,0.0,"-23,56772407","-51,51703835",SPRF-PR,DEL07-PR,UOP03-DEL07-PR
687592.0,1527823.0,27/04/2025,domingo,03:00:00,PR,376.0,232,APUCARANA,Não,Velocidade Incompatível,1.0,Colisão traseira,Com Vítimas Feridas,Plena Noite,Crescente,Céu Claro,Dupla,Reta,Não,1218789.0,Automóvel,VW/FOX 1.6 PLUS,2007.0,Passageiro,Lesões Leves,6.0,Masculino,0.0,1.0,0.0,0.0,"-23,56772407","-51,51703835",SPRF-PR,DEL07-PR,UOP03-DEL07-PR
687592.0,1527822.0,27/04/2025,domingo,03:00:00,PR,376.0,232,APUCARANA,Não,Velocidade Incompatível,1.0,Colisão traseira,Com Vítimas Feridas,Plena Noite,Crescente,Céu Claro,Dupla,Reta,Não,1218789.0,Automóvel,VW/FOX 1.6 PLUS,2007.0,Passageiro,Lesões Leves,10.0,Feminino,0.0,1.0,0.0,0.0,"-23,56772407","-51,51703835",SPRF-PR,DEL07-PR,UOP03-DEL07-PR
687592.0,1527823.0,27/04/2025,domingo,03:00:00,PR,376.0,232,APUCARANA,Sim,Ingestão de álcool pelo condutor,2.0,Capotamento,Com Vítimas Feridas,Plena Noite,Crescente,Céu Claro,Dupla,Reta,Não,1218789.0,Automóvel,VW/FOX 1.6 PLUS,2007.0,Passageiro,Lesões Leves,6.0,Masculino,0.0,1.0,0.0,0.0,"-23,56772407","-51,51703835",SPRF-PR,DEL07-PR,UOP03-DEL07-PR
687592.0,1527822.0,27/04/2025,domingo,03:00:00,PR,376.0,232,APUCARANA,Sim,Ingestão de álcool pelo condutor,2.0,Capotamento,Com Vítimas Feridas,Plena Noite,Crescente,Céu Claro,Dupla,Reta,Não,1218789.0,Automóvel,VW/FOX 1.6 PLUS,2007.0,Passageiro,Lesões Leves,10.0,Feminino,0.0,1.0,0.0,0.0,"-23,56772407","-51,51703835",SPRF-PR,DEL07-PR,UOP03-DEL07-PR
687592.0,1527823.0,27/04/2025,domingo,03:00:00,PR,376.0,232,APUCARANA,Sim,Ingestão de álcool pelo condutor,1.0,Colisão traseira,Com Vítimas Feridas,Plena Noite,Crescente,Céu Claro,Dupla,Reta,Não,1218789.0,Automóvel,VW/FOX 1.6 PLUS,2007.0,Passageiro,Lesões Leves,6.0,Masculino,0.0,1.0,0.0,0.0,"-23,56772407","-51,51703835",SPRF-PR,DEL07-PR,UOP03-DEL07-PR
687592.0,1527822.0,27/04/2025,domingo,03:00:00,PR,376.0,232,APUCARANA,Sim,Ingestão de álcool pelo condutor,1.0,Colisão traseira,Com Vítimas Feridas,Plena Noite,Crescente,Céu Claro,Dupla,Reta,Não,1218789.0,Automóvel,VW/FOX 1.6 PLUS,2007.0,Passageiro,Lesões Leves,10.0,Feminino,0.0,1.0,0.0,0.0,"-23,56772407","-51,51703835",SPRF-PR,DEL07-PR,UOP03-DEL07-PR
687729.0,1528154.0,27/04/2025,domingo,19:20:00,PR,277.0,128,CAMPO LARGO,Sim,Reação tardia ou ineficiente do condutor,2.0,Tombamento,Sem Vítimas,Plena Noite,Crescente,Nublado,Dupla,Reta,Não,1219036.0,Automóvel,FIAT/STILO SPORTING FLEX,2009.0,Passageiro,Ileso,3.0,Masculino,1.0,0.0,0.0,0.0,"-25,4416276","-49,56001282",SPRF-PR,DEL03-PR,UOP03-DEL03-PR
687729.0,1528154.0,27/04/2025,domingo,19:20:00,PR,277.0,128,CAMPO LARGO,Sim,Reação tardia ou ineficiente do condutor,1.0,Colisão lateral mesmo sentido,Sem Vítimas,Plena Noite,Crescente,Nublado,Dupla,Reta,Não,1219036.0,Automóvel,FIAT/STILO SPORTING FLEX,2009.0,Passageiro,Ileso,3.0,Masculino,1.0,0.0,0.0,0.0,"-25,4416276","-49,56001282",SPRF-PR,DEL03-PR,UOP03-DEL03-PR
687751.0,1528307.0,27/04/2025,domingo,21:50:00,PR,376.0,548,PALMEIRA,Sim,Reação tardia ou ineficiente do condutor,1.0,Saída de leito carroçável,Com Vítimas Feridas,Plena Noite,Crescente,Nublado,Dupla,Reta,Não,1219090.0,Automóvel,FIAT/PALIO ATTRACTIV 1.4,2013.0,Passageiro,Lesões Leves,15.0,Feminino,0.0,1.0,0.0,0.0,"-25,4199","-49,7681",SPRF-PR,DEL03-PR,UOP03-DEL03-PR
687872.0,1528692.0,28/04/2025,segunda-feira,14:15:00,PR,476.0,"164,9",ARAUCARIA,Não,Transitar na contramão,4.0,Tombamento,Com Vítimas Fatais,Pleno dia,Decrescente,Céu Claro,Simples,Reta,Não,1219363.0,Automóvel,VW/GOL 1.0,2008.0,Passageiro,Ileso,9.0,Masculino,1.0,0.0,0.0,0.0,"-25,64440015","-49,47335052",SPRF-PR,DEL01-PR,UOP06-DEL01-PR
687872.0,1528694.0,28/04/2025,segunda-feira,14:15:00,PR,476.0,"164,9",ARAUCARIA,Não,Transitar na contramão,4.0,Tombamento,Com Vítimas Fatais,Pleno dia,Decrescente,Céu Claro,Simples,Reta,Não,1219375.0,Automóvel,VW/PARATI 1.6,2000.0,Passageiro,Lesões Graves,4.0,Masculino,0.0,0.0,1.0,0.0,"-25,64440015","-49,47335052",SPRF-PR,DEL01-PR,UOP06-DEL01-PR
687872.0,1528692.0,28/04/2025,segunda-feira,14:15:00,PR,476.0,"164,9",ARAUCARIA,Não,Transitar na contramão,3.0,Colisão frontal,Com Vítimas Fatais,Pleno dia,Decrescente,Céu Claro,Simples,Reta,Não,1219363.0,Automóvel,VW/GOL 1.0,2008.0,Passageiro,Ileso,9.0,Masculino,1.0,0.0,0.0,0.0,"-25,64440015","-49,47335052",SPRF-PR,DEL01-PR,UOP06-DEL01-PR
687872.0,1528694.0,28/04/2025,segunda-feira,14:15:00,PR,476.0,"164,9",ARAUCARIA,Não,Transitar na contramão,3.0,Colisão frontal,Com Vítimas Fatais,Pleno dia,Decrescente,Céu Claro,Simples,Reta,Não,1219375.0,Automóvel,VW/PARATI 1.6,2000.0,Passageiro,Lesões Graves,4.0,Masculino,0.0,0.0,1.0,0.0,"-25,64440015","-49,47335052",SPRF-PR,DEL01-PR,UOP06-DEL01-PR
687872.0,1528692.0,28/04/2025,segunda-feira,14:15:00,PR,476.0,"164,9",ARAUCARIA,Não,Transitar na contramão,2.0,Colisão lateral sentido oposto,Com Vítimas Fatais,Pleno dia,Decrescente,Céu Claro,Simples,Reta,Não,1219363.0,Automóvel,VW/GOL 1.0,2008.0,Passageiro,Ileso,9.0,Masculino,1.0,0.0,0.0,0.0,"-25,64440015","-49,47335052",SPRF-PR,DEL01-PR,UOP06-DEL01-PR
687872.0,1528694.0,28/04/2025,segunda-feira,14:15:00,PR,476.0,"164,9",ARAUCARIA,Não,Transitar na contramão,2.0,Colisão lateral sentido oposto,Com Vítimas Fatais,Pleno dia,Decrescente,Céu Claro,Simples,Reta,Não,1219375.0,Automóvel,VW/PARATI 1.6,2000.0,Passageiro,Lesões Graves,4.0,Masculino,0.0,0.0,1.0,0.0,"-25,64440015","-49,47335052",SPRF-PR,DEL01-PR,UOP06-DEL01-PR
687872.0,1528692.0,28/04/2025,segunda-feira,14:15:00,PR,476.0,"164,9",ARAUCARIA,Não,Transitar na contramão,1.0,Colisão lateral sentido oposto,Com Vítimas Fatais,Pleno dia,Decrescente,Céu Claro,Simples,Reta,Não,1219363.0,Automóvel,VW/GOL 1.0,2008.0,Passageiro,Ileso,9.0,Masculino,1.0,0.0,0.0,0.0,"-25,64440015","-49,47335052",SPRF-PR,DEL01-PR,UOP06-DEL01-PR
687872.0,1528694.0,28/04/2025,segunda-feira,14:15:00,PR,476.0,"164,9",ARAUCARIA,Não,Transitar na contramão,1.0,Colisão lateral sentido oposto,Com Vítimas Fatais,Pleno dia,Decrescente,Céu Claro,Simples,Reta,Não,1219375.0,Automóvel,VW/PARATI 1.6,2000.0,Passageiro,Lesões Graves,4.0,Masculino,0.0,0.0,1.0,0.0,"-25,64440015","-49,47335052",SPRF-PR,DEL01-PR,UOP06-DEL01-PR
687872.0,1528692.0,28/04/2025,segunda-feira,14:15:00,PR,476.0,"164,9",ARAUCARIA,Não,Condutor Dormindo,4.0,Tombamento,Com Vítimas Fatais,Pleno dia,Decrescente,Céu Claro,Simples,Reta,Não,1219363.0,Automóvel,VW/GOL 1.0,2008.0,Passageiro,Ileso,9.0,Masculino,1.0,0.0,0.0,0.0,"-25,64440015","-49,47335052",SPRF-PR,DEL01-PR,UOP06-DEL01-PR
687872.0,1528694.0,28/04/2025,segunda-feira,14:15:00,PR,476.0,"164,9",ARAUCARIA,Não,Condutor Dormindo,4.0,Tombamento,Com Vítimas Fatais,Pleno dia,Decrescente,Céu Claro,Simples,Reta,Não,1219375.0,Automóvel,VW/PARATI 1.6,2000.0,Passageiro,Lesões Graves,4.0,Masculino,0.0,0.0,1.0,0.0,"-25,64440015","-49,47335052",SPRF-PR,DEL01-PR,UOP06-DEL01-PR
687872.0,1528692.0,28/04/2025,segunda-feira,14:15:00,PR,476.0,"164,9",ARAUCARIA,Não,Condutor Dormindo,3.0,Colisão frontal,Com Vítimas Fatais,Pleno dia,Decrescente,Céu Claro,Simples,Reta,Não,1219363.0,Automóvel,VW/GOL 1.0,2008.0,Passageiro,Ileso,9.0,Masculino,1.0,0.0,0.0,0.0,"-25,64440015","-49,47335052",SPRF-PR,DEL01-PR,UOP06-DEL01-PR
687872.0,1528694.0,28/04/2025,segunda-feira,14:15:00,PR,476.0,"164,9",ARAUCARIA,Não,Condutor Dormindo,3.0,Colisão frontal,Com Vítimas Fatais,Pleno dia,Decrescente,Céu Claro,Simples,Reta,Não,1219375.0,Automóvel,VW/PARATI 1.6,2000.0,Passageiro,Lesões Graves,4.0,Masculino,0.0,0.0,1.0,0.0,"-25,64440015","-49,47335052",SPRF-PR,DEL01-PR,UOP06-DEL01-PR
687872.0,1528692.0,28/04/2025,segunda-feira,14:15:00,PR,476.0,"164,9",ARAUCARIA,Não,Condutor Dormindo,2.0,Colisão lateral sentido oposto,Com Vítimas Fatais,Pleno dia,Decrescente,Céu Claro,Simples,Reta,Não,1219363.0,Automóvel,VW/GOL 1.0,2008.0,Passageiro,Ileso,9.0,Masculino,1.0,0.0,0.0,0.0,"-25,64440015","-49,47335052",SPRF-PR,DEL01-PR,UOP06-DEL01-PR
687872.0,1528694.0,28/04/2025,segunda-feira,14:15:00,PR,476.0,"164,9",ARAUCARIA,Não,Condutor Dormindo,2.0,Colisão lateral sentido oposto,Com Vítimas Fatais,Pleno dia,Decrescente,Céu Claro,Simples,Reta,Não,1219375.0,Automóvel,VW/PARATI 1.6,2000.0,Passageiro,Lesões Graves,4.0,Masculino,0.0,0.0,1.0,0.0,"-25,64440015","-49,47335052",SPRF-PR,DEL01-PR,UOP06-DEL01-PR
687872.0,1528692.0,28/04/2025,segunda-feira,14:15:00,PR,476.0,"164,9",ARAUCARIA,Não,Condutor Dormindo,1.0,Colisão lateral sentido oposto,Com Vítimas Fatais,Pleno dia,Decrescente,Céu Claro,Simples,Reta,Não,1219363.0,Automóvel,VW/GOL 1.0,2008.0,Passageiro,Ileso,9.0,Masculino,1.0,0.0,0.0,0.0,"-25,64440015","-49,47335052",SPRF-PR,DEL01-PR,UOP06-DEL01-PR
687872.0,1528694.0,28/04/2025,segunda-feira,14:15:00,PR,476.0,"164,9",ARAUCARIA,Não,Condutor Dormindo,1.0,Colisão lateral sentido oposto,Com Vítimas Fatais,Pleno dia,Decrescente,Céu Claro,Simples,Reta,Não,1219375.0,Automóvel,VW/PARATI 1.6,2000.0,Passageiro,Lesões Graves,4.0,Masculino,0.0,0.0,1.0,0.0,"-25,64440015","-49,47335052",SPRF-PR,DEL01-PR,UOP06-DEL01-PR
687872.0,1528692.0,28/04/2025,segunda-feira,14:15:00,PR,476.0,"164,9",ARAUCARIA,Não,Condutor usando celular,4.0,Tombamento,Com Vítimas Fatais,Pleno dia,Decrescente,Céu Claro,Simples,Reta,Não,1219363.0,Automóvel,VW/GOL 1.0,2008.0,Passageiro,Ileso,9.0,Masculino,1.0,0.0,0.0,0.0,"-25,64440015","-49,47335052",SPRF-PR,DEL01-PR,UOP06-DEL01-PR
687872.0,1528694.0,28/04/2025,segunda-feira,14:15:00,PR,476.0,"164,9",ARAUCARIA,Não,Condutor usando celular,4.0,Tombamento,Com Vítimas Fatais,Pleno dia,Decrescente,Céu Claro,Simples,Reta,Não,1219375.0,Automóvel,VW/PARATI 1.6,2000.0,Passageiro,Lesões Graves,4.0,Masculino,0.0,0.0,1.0,0.0,"-25,64440015","-49,47335052",SPRF-PR,DEL01-PR,UOP06-DEL01-PR
687872.0,1528692.0,28/04/2025,segunda-feira,14:15:00,PR,476.0,"164,9",ARAUCARIA,Não,Condutor usando celular,3.0,Colisão frontal,Com Vítimas Fatais,Pleno dia,Decrescente,Céu Claro,Simples,Reta,Não,1219363.0,Automóvel,VW/GOL 1.0,2008.0,Passageiro,Ileso,9.0,Masculino,1.0,0.0,0.0,0.0,"-25,64440015","-49,47335052",SPRF-PR,DEL01-PR,UOP06-DEL01-PR
687872.0,1528694.0,28/04/2025,segunda-feira,14:15:00,PR,476.0,"164,9",ARAUCARIA,Não,Condutor usando celular,3.0,Colisão frontal,Com Vítimas Fatais,Pleno dia,Decrescente,Céu Claro,Simples,Reta,Não,1219375.0,Automóvel,VW/PARATI 1.6,2000.0,Passageiro,Lesões Graves,4.0,Masculino,0.0,0.0,1.0,0.0,"-25,64440015","-49,47335052",SPRF-PR,DEL01-PR,UOP06-DEL01-PR
687872.0,1528692.0,28/04/2025,segunda-feira,14:15:00,PR,476.0,"164,9",ARAUCARIA,Não,Condutor usando celular,2.0,Colisão lateral sentido oposto,Com Vítimas Fatais,Pleno dia,Decrescente,Céu Claro,Simples,Reta,Não,1219363.0,Automóvel,VW/GOL 1.0,2008.0,Passageiro,Ileso,9.0,Masculino,1.0,0.0,0.0,0.0,"-25,64440015","-49,47335052",SPRF-PR,DEL01-PR,UOP06-DEL01-PR
687872.0,1528694.0,28/04/2025,segunda-feira,14:15:00,PR,476.0,"164,9",ARAUCARIA,Não,Condutor usando celular,2.0,Colisão lateral sentido oposto,Com Vítimas Fatais,Pleno dia,Decrescente,Céu Claro,Simples,Reta,Não,1219375.0,Automóvel,VW/PARATI 1.6,2000.0,Passageiro,Lesões Graves,4.0,Masculino,0.0,0.0,1.0,0.0,"-25,64440015","-49,47335052",SPRF-PR,DEL01-PR,UOP06-DEL01-PR
687872.0,1528692.0,28/04/2025,segunda-feira,14:15:00,PR,476.0,"164,9",ARAUCARIA,Não,Condutor usando celular,1.0,Colisão lateral sentido oposto,Com Vítimas Fatais,Pleno dia,Decrescente,Céu Claro,Simples,Reta,Não,1219363.0,Automóvel,VW/GOL 1.0,2008.0,Passageiro,Ileso,9.0,Masculino,1.0,0.0,0.0,0.0,"-25,64440015","-49,47335052",SPRF-PR,DEL01-PR,UOP06-DEL01-PR
687872.0,1528694.0,28/04/2025,segunda-feira,14:15:00,PR,476.0,"164,9",ARAUCARIA,Não,Condutor usando celular,1.0,Colisão lateral sentido oposto,Com Vítimas Fatais,Pleno dia,Decrescente,Céu Claro,Simples,Reta,Não,1219375.0,Automóvel,VW/PARATI 1.6,2000.0,Passageiro,Lesões Graves,4.0,Masculino,0.0,0.0,1.0,0.0,"-25,64440015","-49,47335052",SPRF-PR,DEL01-PR,UOP06-DEL01-PR
687872.0,1528692.0,28/04/2025,segunda-feira,14:15:00,PR,476.0,"164,9",ARAUCARIA,Sim,Ingestão de álcool pelo condutor,4.0,Tombamento,Com Vítimas Fatais,Pleno dia,Decrescente,Céu Claro,Simples,Reta,Não,1219363.0,Automóvel,VW/GOL 1.0,2008.0,Passageiro,Ileso,9.0,Masculino,1.0,0.0,0.0,0.0,"-25,64440015","-49,47335052",SPRF-PR,DEL01-PR,UOP06-DEL01-PR
687872.0,1528694.0,28/04/2025,segunda-feira,14:15:00,PR,476.0,"164,9",ARAUCARIA,Sim,Ingestão de álcool pelo condutor,4.0,Tombamento,Com Vítimas Fatais,Pleno dia,Decrescente,Céu Claro,Simples,Reta,Não,1219375.0,Automóvel,VW/PARATI 1.6,2000.0,Passageiro,Lesões Graves,4.0,Masculino,0.0,0.0,1.0,0.0,"-25,64440015","-49,47335052",SPRF-PR,DEL01-PR,UOP06-DEL01-PR
687872.0,1528692.0,28/04/2025,segunda-feira,14:15:00,PR,476.0,"164,9",ARAUCARIA,Sim,Ingestão de álcool pelo condutor,3.0,Colisão frontal,Com Vítimas Fatais,Pleno dia,Decrescente,Céu Claro,Simples,Reta,Não,1219363.0,Automóvel,VW/GOL 1.0,2008.0,Passageiro,Ileso,9.0,Masculino,1.0,0.0,0.0,0.0,"-25,64440015","-49,47335052",SPRF-PR,DEL01-PR,UOP06-DEL01-PR
687872.0,1528694.0,28/04/2025,segunda-feira,14:15:00,PR,476.0,"164,9",ARAUCARIA,Sim,Ingestão de álcool pelo condutor,3.0,Colisão frontal,Com Vítimas Fatais,Pleno dia,Decrescente,Céu Claro,Simples,Reta,Não,1219375.0,Automóvel,VW/PARATI 1.6,2000.0,Passageiro,Lesões Graves,4.0,Masculino,0.0,0.0,1.0,0.0,"-25,64440015","-49,47335052",SPRF-PR,DEL01-PR,UOP06-DEL01-PR
687872.0,1528692.0,28/04/2025,segunda-feira,14:15:00,PR,476.0,"164,9",ARAUCARIA,Sim,Ingestão de álcool pelo condutor,2.0,Colisão lateral sentido oposto,Com Vítimas Fatais,Pleno dia,Decrescente,Céu Claro,Simples,Reta,Não,1219363.0,Automóvel,VW/GOL 1.0,2008.0,Passageiro,Ileso,9.0,Masculino,1.0,0.0,0.0,0.0,"-25,64440015","-49,47335052",SPRF-PR,DEL01-PR,UOP06-DEL01-PR
687872.0,1528694.0,28/04/2025,segunda-feira,14:15:00,PR,476.0,"164,9",ARAUCARIA,Sim,Ingestão de álcool pelo condutor,2.0,Colisão lateral sentido oposto,Com Vítimas Fatais,Pleno dia,Decrescente,Céu Claro,Simples,Reta,Não,1219375.0,Automóvel,VW/PARATI 1.6,2000.0,Passageiro,Lesões Graves,4.0,Masculino,0.0,0.0,1.0,0.0,"-25,64440015","-49,47335052",SPRF-PR,DEL01-PR,UOP06-DEL01-PR
687872.0,1528692.0,28/04/2025,segunda-feira,14:15:00,PR,476.0,"164,9",ARAUCARIA,Sim,Ingestão de álcool pelo condutor,1.0,Colisão lateral sentido oposto,Com Vítimas Fatais,Pleno dia,Decrescente,Céu Claro,Simples,Reta,Não,1219363.0,Automóvel,VW/GOL 1.0,2008.0,Passageiro,Ileso,9.0,Masculino,1.0,0.0,0.0,0.0,"-25,64440015","-49,47335052",SPRF-PR,DEL01-PR,UOP06-DEL01-PR
687872.0,1528694.0,28/04/2025,segunda-feira,14:15:00,PR,476.0,"164,9",ARAUCARIA,Sim,Ingestão de álcool pelo condutor,1.0,Colisão lateral sentido oposto,Com Vítimas Fatais,Pleno dia,Decrescente,Céu Claro,Simples,Reta,Não,1219375.0,Automóvel,VW/PARATI 1.6,2000.0,Passageiro,Lesões Graves,4.0,Masculino,0.0,0.0,1.0,0.0,"-25,64440015","-49,47335052",SPRF-PR,DEL01-PR,UOP06-DEL01-PR
687933.0,1528983.0,28/04/2025,segunda-feira,19:55:00,PR,376.0,491,PONTA GROSSA,Não,Velocidade Incompatível,1.0,Engavetamento,Com Vítimas Fatais,Plena Noite,Crescente,Céu Claro,Dupla,Declive;Reta,Não,1219712.0,Automóvel,HONDA/HR-V TOURING,2018.0,Passageiro,Ileso,1.0,Masculino,1.0,0.0,0.0,0.0,"-25,107445","-50,191961",SPRF-PR,DEL03-PR,UOP04-DEL03-PR
687933.0,1528983.0,28/04/2025,segunda-feira,19:55:00,PR,376.0,491,PONTA GROSSA,Não,Declive acentuado,1.0,Engavetamento,Com Vítimas Fatais,Plena Noite,Crescente,Céu Claro,Dupla,Declive;Reta,Não,1219712.0,Automóvel,HONDA/HR-V TOURING,2018.0,Passageiro,Ileso,1.0,Masculino,1.0,0.0,0.0,0.0,"-25,107445","-50,191961",SPRF-PR,DEL03-PR,UOP04-DEL03-PR
687933.0,1528983.0,28/04/2025,segunda-feira,19:55:00,PR,376.0,491,PONTA GROSSA,Sim,Reação tardia ou ineficiente do condutor,1.0,Engavetamento,Com Vítimas Fatais,Plena Noite,Crescente,Céu Claro,Dupla,Declive;Reta,Não,1219712.0,Automóvel,HONDA/HR-V TOURING,2018.0,Passageiro,Ileso,1.0,Masculino,1.0,0.0,0.0,0.0,"-25,107445","-50,191961",SPRF-PR,DEL03-PR,UOP04-DEL03-PR
688359.0,1529760.0,30/04/2025,quarta-feira,20:15:00,PR,153.0,68,CONSELHEIRO MAIRINCK,Sim,Desrespeitar a preferência no cruzamento,1.0,Colisão transversal,Com Vítimas Feridas,Plena Noite,Crescente,Céu Claro,Simples,Interseção de Vias,Não,1220363.0,Utilitário,TOYOTA/CCROSS XRE 20,2022.0,Passageiro,Ileso,11.0,Feminino,1.0,0.0,0.0,0.0,"-23,51077972","-50,11265194",SPRF-PR,DEL07-PR,UOP04-DEL07-PR
688359.0,1529761.0,30/04/2025,quarta-feira,20:15:00,PR,153.0,68,CONSELHEIRO MAIRINCK,Sim,Desrespeitar a preferência no cruzamento,1.0,Colisão transversal,Com Vítimas Feridas,Plena Noite,Crescente,Céu Claro,Simples,Interseção de Vias,Não,1220363.0,Utilitário,TOYOTA/CCROSS XRE 20,2022.0,Passageiro,Ileso,5.0,Masculino,1.0,0.0,0.0,0.0,"-23,51077972","-50,11265194",SPRF-PR,DEL07-PR,UOP04-DEL07-PR
688428.0,1531374.0,01/05/2025,quinta-feira,05:30:00,PR,153.0,"515,1",GENERAL CARNEIRO,Sim,Ausência de reação do condutor,2.0,Colisão frontal,Com Vítimas Feridas,Amanhecer,Crescente,Céu Claro,Simples,Curva;Declive,Não,1220484.0,Automóvel,TOYOTA/COROLLA GLI18 CVT,2016.0,Passageiro,Ileso,16.0,Feminino,1.0,0.0,0.0,0.0,"-26,58729908","-51,45172119",SPRF-PR,DEL02-PR,UOP03-DEL02-PR
688428.0,1531380.0,01/05/2025,quinta-feira,05:30:00,PR,153.0,"515,1",GENERAL CARNEIRO,Sim,Ausência de reação do condutor,2.0,Colisão frontal,Com Vítimas Feridas,Amanhecer,Crescente,Céu Claro,Simples,Curva;Declive,Não,1220487.0,Automóvel,CHEVROLET/COBALT 1.8 LTZ,2016.0,Passageiro,Lesões Leves,9.0,Masculino,0.0,1.0,0.0,0.0,"-26,58729908","-51,45172119",SPRF-PR,DEL02-PR,UOP03-DEL02-PR
688428.0,1531377.0,01/05/2025,quinta-feira,05:30:00,PR,153.0,"515,1",GENERAL CARNEIRO,Sim,Ausência de reação do condutor,2.0,Colisão frontal,Com Vítimas Feridas,Amanhecer,Crescente,Céu Claro,Simples,Curva;Declive,Não,1220487.0,Automóvel,CHEVROLET/COBALT 1.8 LTZ,2016.0,Passageiro,Lesões Leves,16.0,Masculino,0.0,1.0,0.0,0.0,"-26,58729908","-51,45172119",SPRF-PR,DEL02-PR,UOP03-DEL02-PR