id,pesid,data_inversa,dia_semana,horario,uf,br,km,municipio,causa_principal,causa_acidente,ordem_tipo_acidente,tipo_acidente,classificacao_acidente,fase_dia,sentido_via,condicao_metereologica,tipo_pista,tracado_via,uso_solo,id_veiculo,tipo_veiculo,marca,ano_fabricacao_veiculo,tipo_envolvido,estado_fisico,idade,sexo,ilesos,feridos_leves,feridos_graves,mortos,latitude,longitude,regional,delegacia,uop
690367.0,1534706.0,10/05/2025,sábado,17:00:00,PR,116.0,"5,5",CAMPINA GRANDE DO SUL,Sim,Velocidade Incompatível,1.0,Colisão com objeto,Com Vítimas Feridas,Anoitecer,Decrescente,Garoa/Chuvisco,Dupla,Curva,Não,1224244.0,Utilitário,I/TOYOTA HILUX SWDMDA4JD,2019.0,Passageiro,Ileso,0.0,Masculino,1.0,0.0,0.0,0.0,"-25,087782","-48,604587",SPRF-PR,DEL01-PR,UOP02-DEL01-PR
690367.0,1534705.0,10/05/2025,sábado,17:00:00,PR,116.0,"5,5",CAMPINA GRANDE DO SUL,Sim,Velocidade Incompatível,1.0,Colisão com objeto,Com Vítimas Feridas,Anoitecer,Decrescente,Garoa/Chuvisco,Dupla,Curva,Não,1224244.0,Utilitário,I/TOYOTA HILUX SWDMDA4JD,2019.0,Passageiro,Ileso,3.0,Feminino,1.0,0.0,0.0,0.0,"-25,087782","-48,604587",SPRF-PR,DEL01-PR,UOP02-DEL01-PR
690380.0,1536698.0,10/05/2025,sábado,19:00:00,PR,272.0,"384,2",ARARUNA,Não,Ingestão de álcool pelo condutor,5.0,Capotamento,Com Vítimas Fatais,Anoitecer,Decrescente,Céu Claro,Simples,Reta,Não,1225861.0,Automóvel,GM/CORSA WIND,1995.0,Passageiro,Lesões Leves,16.0,Feminino,0.0,1.0,0.0,0.0,"-24,058486","-52,558035",SPRF-PR,DEL09-PR,UOP03-DEL09-PR
690380.0,1536698.0,10/05/2025,sábado,19:00:00,PR,272.0,"384,2",ARARUNA,Não,Ingestão de álcool pelo condutor,4.0,Saída de leito carroçável,Com Vítimas Fatais,Anoitecer,Decrescente,Céu Claro,Simples,Reta,Não,1225861.0,Automóvel,GM/CORSA WIND,1995.0,Passageiro,Lesões Leves,16.0,Feminino,0.0,1.0,0.0,0.0,"-24,058486","-52,558035",SPRF-PR,DEL09-PR,UOP03-DEL09-PR
690380.0,1536698.0,10/05/2025,sábado,19:00:00,PR,272.0,"384,2",ARARUNA,Não,Ingestão de álcool pelo condutor,3.0,Queda de ocupante de veículo,Com Vítimas Fatais,Anoitecer,Decrescente,Céu Claro,Simples,Reta,Não,1225861.0,Automóvel,GM/CORSA WIND,1995.0,Passageiro,Lesões Leves,16.0,Feminino,0.0,1.0,0.0,0.0,"-24,058486","-52,558035",SPRF-PR,DEL09-PR,UOP03-DEL09-PR
690380.0,1536698.0,10/05/2025,sábado,19:00:00,PR,272.0,"384,2",ARARUNA,Não,Ingestão de álcool pelo condutor,2.0,Tombamento,Com Vítimas Fatais,Anoitecer,Decrescente,Céu Claro,Simples,Reta,Não,1225861.0,Automóvel,GM/CORSA WIND,1995.0,Passageiro,Lesões Leves,16.0,Feminino,0.0,1.0,0.0,0.0,"-24,058486","-52,558035",SPRF-PR,DEL09-PR,UOP03-DEL09-PR
690380.0,1536698.0,10/05/2025,sábado,19:00:00,PR,272.0,"384,2",ARARUNA,Não,Ingestão de álcool pelo condutor,1.0,Colisão frontal,Com Vítimas Fatais,Anoitecer,Decrescente,Céu Claro,Simples,Reta,Não,1225861.0,Automóvel,GM/CORSA WIND,1995.0,Passageiro,Lesões Leves,16.0,Feminino,0.0,1.0,0.0,0.0,"-24,058486","-52,558035",SPRF-PR,DEL09-PR,UOP03-DEL09-PR
690380.0,1536698.0,10/05/2025,sábado,19:00:00,PR,272.0,"384,2",ARARUNA,Sim,Ultrapassagem Indevida,5.0,Capotamento,Com Vítimas Fatais,Anoitecer,Decrescente,Céu Claro,Simples,Reta,Não,1225861.0,Automóvel,GM/CORSA WIND,1995.0,Passageiro,Lesões Leves,16.0,Feminino,0.0,1.0,0.0,0.0,"-24,058486","-52,558035",SPRF-PR,DEL09-PR,UOP03-DEL09-PR
690380.0,1536698.0,10/05/2025,sábado,19:00:00,PR,272.0,"384,2",ARARUNA,Sim,Ultrapassagem Indevida,4.0,Saída de leito carroçável,Com Vítimas Fatais,Anoitecer,Decrescente,Céu Claro,Simples,Reta,Não,1225861.0,Automóvel,GM/CORSA WIND,1995.0,Passageiro,Lesões Leves,16.0,Feminino,0.0,1.0,0.0,0.0,"-24,058486","-52,558035",SPRF-PR,DEL09-PR,UOP03-DEL09-PR
690380.0,1536698.0,10/05/2025,sábado,19:00:00,PR,272.0,"384,2",ARARUNA,Sim,Ultrapassagem Indevida,3.0,Queda de ocupante de veículo,Com Vítimas Fatais,Anoitecer,Decrescente,Céu Claro,Simples,Reta,Não,1225861.0,Automóvel,GM/CORSA WIND,1995.0,Passageiro,Lesões Leves,16.0,Feminino,0.0,1.0,0.0,0.0,"-24,058486","-52,558035",SPRF-PR,DEL09-PR,UOP03-DEL09-PR
690380.0,1536698.0,10/05/2025,sábado,19:00:00,PR,272.0,"384,2",ARARUNA,Sim,Ultrapassagem Indevida,2.0,Tombamento,Com Vítimas Fatais,Anoitecer,Decrescente,Céu Claro,Simples,Reta,Não,1225861.0,Automóvel,GM/CORSA WIND,1995.0,Passageiro,Lesões Leves,16.0,Feminino,0.0,1.0,0.0,0.0,"-24,058486","-52,558035",SPRF-PR,DEL09-PR,UOP03-DEL09-PR
690380.0,1536698.0,10/05/2025,sábado,19:00:00,PR,272.0,"384,2",ARARUNA,Sim,Ultrapassagem Indevida,1.0,Colisão frontal,Com Vítimas Fatais,Anoitecer,Decrescente,Céu Claro,Simples,Reta,Não,1225861.0,Automóvel,GM/CORSA WIND,1995.0,Passageiro,Lesões Leves,16.0,Feminino,0.0,1.0,0.0,0.0,"-24,058486","-52,558035",SPRF-PR,DEL09-PR,UOP03-DEL09-PR
690441.0,1534785.0,10/05/2025,sábado,22:45:00,PR,153.0,349,REBOUCAS,Sim,Acessar a via sem observar a presença dos outros veículos,3.0,Capotamento,Com Vítimas Feridas,Plena Noite,Decrescente,Nublado,Simples,Reta,Sim,1224314.0,Camioneta,JEEP/RENEGADE SPORT MT,2016.0,Passageiro,Ileso,15.0,Masculino,1.0,0.0,0.0,0.0,"-25,60978659","-50,70018467",SPRF-PR,DEL08-PR,UOP02-DEL08-PR
690441.0,1534785.0,10/05/2025,sábado,22:45:00,PR,153.0,349,REBOUCAS,Sim,Acessar a via sem observar a presença dos outros veículos,2.0,Saída de leito carroçável,Com Vítimas Feridas,Plena Noite,Decrescente,Nublado,Simples,Reta,Sim,1224314.0,Camioneta,JEEP/RENEGADE SPORT MT,2016.0,Passageiro,Ileso,15.0,Masculino,1.0,0.0,0.0,0.0,"-25,60978659","-50,70018467",SPRF-PR,DEL08-PR,UOP02-DEL08-PR
690441.0,1534785.0,10/05/2025,sábado,22:45:00,PR,153.0,349,REBOUCAS,Sim,Acessar a via sem observar a presença dos outros veículos,1.0,Colisão transversal,Com Vítimas Feridas,Plena Noite,Decrescente,Nublado,Simples,Reta,Sim,1224314.0,Camioneta,JEEP/RENEGADE SPORT MT,2016.0,Passageiro,Ileso,15.0,Masculino,1.0,0.0,0.0,0.0,"-25,60978659","-50,70018467",SPRF-PR,DEL08-PR,UOP02-DEL08-PR
690501.0,1536786.0,10/05/2025,sábado,23:20:00,PR,163.0,101,CAPANEMA,Sim,Acessar a via sem observar a presença dos outros veículos,1.0,Colisão transversal,Com Vítimas Feridas,Plena Noite,Crescente,Céu Claro,Simples,Reta,Não,1224388.0,Caminhonete,FIAT/STRADA FREEDOM CD,2019.0,Passageiro,Ileso,11.0,Masculino,1.0,0.0,0.0,0.0,"-25,60336325","-53,7513721",SPRF-PR,DEL02-PR,UOP02-DEL02-PR
690501.0,1536785.0,10/05/2025,sábado,23:20:00,PR,163.0,101,CAPANEMA,Sim,Acessar a via sem observar a presença dos outros veículos,1.0,Colisão transversal,Com Vítimas Feridas,Plena Noite,Crescente,Céu Claro,Simples,Reta,Não,1224388.0,Caminhonete,FIAT/STRADA FREEDOM CD,2019.0,Passageiro,Ileso,14.0,Masculino,1.0,0.0,0.0,0.0,"-25,60336325","-53,7513721",SPRF-PR,DEL02-PR,UOP02-DEL02-PR
690555.0,1534988.0,11/05/2025,domingo,12:00:00,PR,116.0,119,CURITIBA,Não,Condutor deixou de manter distância do veículo da frente,1.0,Colisão traseira,Sem Vítimas,Pleno dia,Crescente,Céu Claro,Dupla,Reta,Sim,1224479.0,Automóvel,VW/GOL CLI,1995.0,Passageiro,Ileso,15.0,Masculino,1.0,0.0,0.0,0.0,"-25,581567","-49,313383",SPRF-PR,DEL01-PR,UOP03-DEL01-PR
690555.0,1534988.0,11/05/2025,domingo,12:00:00,PR,116.0,119,CURITIBA,Sim,Reação tardia ou ineficiente do condutor,1.0,Colisão traseira,Sem Vítimas,Pleno dia,Crescente,Céu Claro,Dupla,Reta,Sim,1224479.0,Automóvel,VW/GOL CLI,1995.0,Passageiro,Ileso,15.0,Masculino,1.0,0.0,0.0,0.0,"-25,581567","-49,313383",SPRF-PR,DEL01-PR,UOP03-DEL01-PR
690646.0,1537663.0,11/05/2025,domingo,17:10:00,PR,277.0,"239,9",FERNANDES PINHEIRO,Sim,Acessar a via sem observar a presença dos outros veículos,1.0,Colisão transversal,Com Vítimas Feridas,Pleno dia,Decrescente,Céu Claro,Simples,Reta;Declive,Não,1224624.0,Automóvel,FIAT/TEMPRA SX,1997.0,Passageiro,Lesões Leves,4.0,Feminino,0.0,1.0,0.0,0.0,"-25,4643716","-50,56740992",SPRF-PR,DEL08-PR,UOP02-DEL08-PR
690646.0,1537657.0,11/05/2025,domingo,17:10:00,PR,277.0,"239,9",FERNANDES PINHEIRO,Sim,Acessar a via sem observar a presença dos outros veículos,1.0,Colisão transversal,Com Vítimas Feridas,Pleno dia,Decrescente,Céu Claro,Simples,Reta;Declive,Não,1224624.0,Automóvel,FIAT/TEMPRA SX,1997.0,Passageiro,Lesões Leves,6.0,Masculino,0.0,1.0,0.0,0.0,"-25,4643716","-50,56740992",SPRF-PR,DEL08-PR,UOP02-DEL08-PR
690646.0,1537650.0,11/05/2025,domingo,17:10:00,PR,277.0,"239,9",FERNANDES PINHEIRO,Sim,Acessar a via sem observar a presença dos outros veículos,1.0,Colisão transversal,Com Vítimas Feridas,Pleno dia,Decrescente,Céu Claro,Simples,Reta;Declive,Não,1224624.0,Automóvel,FIAT/TEMPRA SX,1997.0,Passageiro,Lesões Leves,12.0,Feminino,0.0,1.0,0.0,0.0,"-25,4643716","-50,56740992",SPRF-PR,DEL08-PR,UOP02-DEL08-PR
690715.0,1537483.0,12/05/2025,segunda-feira,02:10:00,PR,277.0,"276,7",PRUDENTOPOLIS,Sim,Condutor Dormindo,1.0,Saída de leito carroçável,Com Vítimas Feridas,Plena Noite,Crescente,Nublado,Simples,Reta,Não,1224778.0,Automóvel,VW/VOYAGE 1.6L MB5,2020.0,Passageiro,Lesões Graves,7.0,Masculino,0.0,0.0,1.0,0.0,"-25,371075","-50,899656",SPRF-PR,DEL08-PR,UOP02-DEL08-PR
690715.0,1537482.0,12/05/2025,segunda-feira,02:10:00,PR,277.0,"276,7",PRUDENTOPOLIS,Sim,Condutor Dormindo,1.0,Saída de leito carroçável,Com Vítimas Feridas,Plena Noite,Crescente,Nublado,Simples,Reta,Não,1224778.0,Automóvel,VW/VOYAGE 1.6L MB5,2020.0,Passageiro,Lesões Leves,8.0,Masculino,0.0,1.0,0.0,0.0,"-25,371075","-50,899656",SPRF-PR,DEL08-PR,UOP02-DEL08-PR
691156.0,1536479.0,14/05/2025,quarta-feira,07:15:00,PR,376.0,"183,8",SARANDI,Sim,Condutor deixou de manter distância do veículo da frente,2.0,Colisão com objeto,Com Vítimas Feridas,Pleno dia,Decrescente,Céu Claro,Dupla,Reta;Aclive,Não,1225702.0,Automóvel,GM/CORSA HATCH,2002.0,Passageiro,Ileso,9.0,Feminino,1.0,0.0,0.0,0.0,"-23,440253","-51,872986",SPRF-PR,DEL09-PR,UOP01-DEL09-PR
691156.0,1536479.0,14/05/2025,quarta-feira,07:15:00,PR,376.0,"183,8",SARANDI,Sim,Condutor deixou de manter distância do veículo da frente,1.0,Colisão traseira,Com Vítimas Feridas,Pleno dia,Decrescente,Céu Claro,Dupla,Reta;Aclive,Não,1225702.0,Automóvel,GM/CORSA HATCH,2002.0,Passageiro,Ileso,9.0,Feminino,1.0,0.0,0.0,0.0,"-23,440253","-51,872986",SPRF-PR,DEL09-PR,UOP01-DEL09-PR
691197.0,1536692.0,14/05/2025,quarta-feira,09:15:00,PR,116.0,"42,2",CAMPINA GRANDE DO SUL,Não,Chuva,1.0,Colisão com objeto,Com Vítimas Feridas,Pleno dia,Crescente,Garoa/Chuvisco,Dupla,Curva,Não,1225863.0,Automóvel,FIAT/ARGO 1.0,2018.0,Passageiro,Lesões Leves,8.0,Masculino,0.0,1.0,0.0,0.0,"-25,17804883","-48,87943983",SPRF-PR,DEL01-PR,UOP02-DEL01-PR
691197.0,1536691.0,14/05/2025,quarta-feira,09:15:00,PR,116.0,"42,2",CAMPINA GRANDE DO SUL,Não,Chuva,1.0,Colisão com objeto,Com Vítimas Feridas,Pleno dia,Crescente,Garoa/Chuvisco,Dupla,Curva,Não,1225863.0,Automóvel,FIAT/ARGO 1.0,2018.0,Passageiro,Lesões Leves,6.0,Feminino,0.0,1.0,0.0,0.0,"-25,17804883","-48,87943983",SPRF-PR,DEL01-PR,UOP02-DEL01-PR
691197.0,1536692.0,14/05/2025,quarta-feira,09:15:00,PR,116.0,"42,2",CAMPINA GRANDE DO SUL,Sim,Velocidade Incompatível,1.0,Colisão com objeto,Com Vítimas Feridas,Pleno dia,Crescente,Garoa/Chuvisco,Dupla,Curva,Não,1225863.0,Automóvel,FIAT/ARGO 1.0,2018.0,Passageiro,Lesões Leves,8.0,Masculino,0.0,1.0,0.0,0.0,"-25,17804883","-48,87943983",SPRF-PR,DEL01-PR,UOP02-DEL01-PR
691197.0,1536691.0,14/05/2025,quarta-feira,09:15:00,PR,116.0,"42,2",CAMPINA GRANDE DO SUL,Sim,Velocidade Incompatível,1.0,Colisão com objeto,Com Vítimas Feridas,Pleno dia,Crescente,Garoa/Chuvisco,Dupla,Curva,Não,1225863.0,Automóvel,FIAT/ARGO 1.0,2018.0,Passageiro,Lesões Leves,6.0,Feminino,0.0,1.0,0.0,0.0,"-25,17804883","-48,87943983",SPRF-PR,DEL01-PR,UOP02-DEL01-PR
691251.0,1536670.0,06/05/2025,terça-feira,23:00:00,PR,476.0,"120,5",COLOMBO,Não,Condutor desrespeitou a iluminação vermelha do semáforo,2.0,Colisão com objeto,Com Vítimas Feridas,Plena Noite,Crescente,Nublado,Dupla,Interseção de Vias,Sim,1225854.0,Automóvel,FIAT/PALIO WK ATTRAC 1.4,2012.0,Passageiro,Ileso,6.0,Feminino,1.0,0.0,0.0,0.0,"-25,3748834","-49,1939842",SPRF-PR,DEL01-PR,UOP01-DEL01-PR
691251.0,1536670.0,06/05/2025,terça-feira,23:00:00,PR,476.0,"120,5",COLOMBO,Não,Condutor desrespeitou a iluminação vermelha do semáforo,1.0,Colisão transversal,Com Vítimas Feridas,Plena Noite,Crescente,Nublado,Dupla,Interseção de Vias,Sim,1225854.0,Automóvel,FIAT/PALIO WK ATTRAC 1.4,2012.0,Passageiro,Ileso,6.0,Feminino,1.0,0.0,0.0,0.0,"-25,3748834","-49,1939842",SPRF-PR,DEL01-PR,UOP01-DEL01-PR
691251.0,1536670.0,06/05/2025,terça-feira,23:00:00,PR,476.0,"120,5",COLOMBO,Sim,Ingestão de álcool pelo condutor,2.0,Colisão com objeto,Com Vítimas Feridas,Plena Noite,Crescente,Nublado,Dupla,Interseção de Vias,Sim,1225854.0,Automóvel,FIAT/PALIO WK ATTRAC 1.4,2012.0,Passageiro,Ileso,6.0,Feminino,1.0,0.0,0.0,0.0,"-25,3748834","-49,1939842",SPRF-PR,DEL01-PR,UOP01-DEL01-PR
691251.0,1536670.0,06/05/2025,terça-feira,23:00:00,PR,476.0,"120,5",COLOMBO,Sim,Ingestão de álcool pelo condutor,1.0,Colisão transversal,Com Vítimas Feridas,Plena Noite,Crescente,Nublado,Dupla,Interseção de Vias,Sim,1225854.0,Automóvel,FIAT/PALIO WK ATTRAC 1.4,2012.0,Passageiro,Ileso,6.0,Feminino,1.0,0.0,0.0,0.0,"-25,3748834","-49,1939842",SPRF-PR,DEL01-PR,UOP01-DEL01-PR
691251.0,1536670.0,06/05/2025,terça-feira,23:00:00,PR,476.0,"120,5",COLOMBO,Não,Velocidade Incompatível,2.0,Colisão com objeto,Com Vítimas Feridas,Plena Noite,Crescente,Nublado,Dupla,Interseção de Vias,Sim,1225854.0,Automóvel,FIAT/PALIO WK ATTRAC 1.4,2012.0,Passageiro,Ileso,6.0,Feminino,1.0,0.0,0.0,0.0,"-25,3748834","-49,1939842",SPRF-PR,DEL01-PR,UOP01-DEL01-PR
691251.0,1536670.0,06/05/2025,terça-feira,23:00:00,PR,476.0,"120,5",COLOMBO,Não,Velocidade Incompatível,1.0,Colisão transversal,Com Vítimas Feridas,Plena Noite,Crescente,Nublado,Dupla,Interseção de Vias,Sim,1225854.0,Automóvel,FIAT/PALIO WK ATTRAC 1.4,2012.0,Passageiro,Ileso,6.0,Feminino,1.0,0.0,0.0,0.0,"-25,3748834","-49,1939842",SPRF-PR,DEL01-PR,UOP01-DEL01-PR
691289.0,1536845.0,14/05/2025,quarta-feira,19:30:00,PR,116.0,151,MANDIRITUBA,Sim,Transitar na contramão,1.0,Colisão frontal,Com Vítimas Feridas,Plena Noite,Crescente,Nublado,Simples,Declive,Não,1225975.0,Automóvel,RENAULT/LOGAN EXP 1016V,2010.0,Passageiro,Ileso,4.0,Feminino,1.0,0.0,0.0,0.0,"-25,853095","-49,357763",SPRF-PR,DEL01-PR,UOP03-DEL01-PR
691289.0,1536845.0,14/05/2025,quarta-feira,19:30:00,PR,116.0,151,MANDIRITUBA,Não,Ultrapassagem Indevida,1.0,Colisão frontal,Com Vítimas Feridas,Plena Noite,Crescente,Nublado,Simples,Declive,Não,1225975.0,Automóvel,RENAULT/LOGAN EXP 1016V,2010.0,Passageiro,Ileso,4.0,Feminino,1.0,0.0,0.0,0.0,"-25,853095","-49,357763",SPRF-PR,DEL01-PR,UOP03-DEL01-PR
691289.0,1536845.0,14/05/2025,quarta-feira,19:30:00,PR,116.0,151,MANDIRITUBA,Não,Reação tardia ou ineficiente do condutor,1.0,Colisão frontal,Com Vítimas Feridas,Plena Noite,Crescente,Nublado,Simples,Declive,Não,1225975.0,Automóvel,RENAULT/LOGAN EXP 1016V,2010.0,Passageiro,Ileso,4.0,Feminino,1.0,0.0,0.0,0.0,"-25,853095","-49,357763",SPRF-PR,DEL01-PR,UOP03-DEL01-PR
691681.0,1537856.0,16/05/2025,sexta-feira,17:30:00,PR,158.0,535,PATO BRANCO,Sim,Acessar a via sem observar a presença dos outros veículos,1.0,Colisão transversal,Com Vítimas Feridas,Anoitecer,Decrescente,Céu Claro,Simples,Reta;Interseção de Vias,Sim,1226809.0,Motocicleta,JTA/SUZUKI INTRUDER 125,2006.0,Passageiro,Lesões Leves,16.0,Feminino,0.0,1.0,0.0,0.0,"-26,23543762","-52,69055843",SPRF-PR,DEL02-PR,UOP01-DEL02-PR
691910.0,1538267.0,17/05/2025,sábado,17:50:00,PR,277.0,256,IRATI,Não,Ausência de reação do condutor,4.0,Queda de ocupante de veículo,Com Vítimas Feridas,Anoitecer,Decrescente,Céu Claro,Simples,Reta,Não,1227124.0,Motocicleta,HONDA/CG 125 FAN KS,2010.0,Passageiro,Lesões Leves,15.0,Feminino,0.0,1.0,0.0,0.0,"-25,434","-50,719",SPRF-PR,DEL08-PR,UOP02-DEL08-PR
691910.0,1538267.0,17/05/2025,sábado,17:50:00,PR,277.0,256,IRATI,Não,Ausência de reação do condutor,3.0,Tombamento,Com Vítimas Feridas,Anoitecer,Decrescente,Céu Claro,Simples,Reta,Não,1227124.0,Motocicleta,HONDA/CG 125 FAN KS,2010.0,Passageiro,Lesões Leves,15.0,Feminino,0.0,1.0,0.0,0.0,"-25,434","-50,719",SPRF-PR,DEL08-PR,UOP02-DEL08-PR
691910.0,1538267.0,17/05/2025,sábado,17:50:00,PR,277.0,256,IRATI,Não,Ausência de reação do condutor,2.0,Saída de leito carroçável,Com Vítimas Feridas,Anoitecer,Decrescente,Céu Claro,Simples,Reta,Não,1227124.0,Motocicleta,HONDA/CG 125 FAN KS,2010.0,Passageiro,Lesões Leves,15.0,Feminino,0.0,1.0,0.0,0.0,"-25,434","-50,719",SPRF-PR,DEL08-PR,UOP02-DEL08-PR
691910.0,1538267.0,17/05/2025,sábado,17:50:00,PR,277.0,256,IRATI,Não,Ausência de reação do condutor,1.0,Colisão transversal,Com Vítimas Feridas,Anoitecer,Decrescente,Céu Claro,Simples,Reta,Não,1227124.0,Motocicleta,HONDA/CG 125 FAN KS,2010.0,Passageiro,Lesões Leves,15.0,Feminino,0.0,1.0,0.0,0.0,"-25,434","-50,719",SPRF-PR,DEL08-PR,UOP02-DEL08-PR
691910.0,1538267.0,17/05/2025,sábado,17:50:00,PR,277.0,256,IRATI,Não,Velocidade Incompatível,4.0,Queda de ocupante de veículo,Com Vítimas Feridas,Anoitecer,Decrescente,Céu Claro,Simples,Reta,Não,1227124.0,Motocicleta,HONDA/CG 125 FAN KS,2010.0,Passageiro,Lesões Leves,15.0,Feminino,0.0,1.0,0.0,0.0,"-25,434","-50,719",SPRF-PR,DEL08-PR,UOP02-DEL08-PR
691910.0,1538267.0,17/05/2025,sábado,17:50:00,PR,277.0,256,IRATI,Não,Velocidade Incompatível,3.0,Tombamento,Com Vítimas Feridas,Anoitecer,Decrescente,Céu Claro,Simples,Reta,Não,1227124.0,Motocicleta,HONDA/CG 125 FAN KS,2010.0,Passageiro,Lesões Leves,15.0,Feminino,0.0,1.0,0.0,0.0,"-25,434","-50,719",SPRF-PR,DEL08-PR,UOP02-DEL08-PR
691910.0,1538267.0,17/05/2025,sábado,17:50:00,PR,277.0,256,IRATI,Não,Velocidade Incompatível,2.0,Saída de leito carroçável,Com Vítimas Feridas,Anoitecer,Decrescente,Céu Claro,Simples,Reta,Não,1227124.0,Motocicleta,HONDA/CG 125 FAN KS,2010.0,Passageiro,Lesões Leves,15.0,Feminino,0.0,1.0,0.0,0.0,"-25,434","-50,719",SPRF-PR,DEL08-PR,UOP02-DEL08-PR
691910.0,1538267.0,17/05/2025,sábado,17:50:00,PR,277.0,256,IRATI,Não,Velocidade Incompatível,1.0,Colisão transversal,Com Vítimas Feridas,Anoitecer,Decrescente,Céu Claro,Simples,Reta,Não,1227124.0,Motocicleta,HONDA/CG 125 FAN KS,2010.0,Passageiro,Lesões Leves,15.0,Feminino,0.0,1.0,0.0,0.0,"-25,434","-50,719",SPRF-PR,DEL08-PR,UOP02-DEL08-PR
691910.0,1538267.0,17/05/2025,sábado,17:50:00,PR,277.0,256,IRATI,Sim,Acessar a via sem observar a presença dos outros veículos,4.0,Queda de ocupante de veículo,Com Vítimas Feridas,Anoitecer,Decrescente,Céu Claro,Simples,Reta,Não,1227124.0,Motocicleta,HONDA/CG 125 FAN KS,2010.0,Passageiro,Lesões Leves,15.0,Feminino,0.0,1.0,0.0,0.0,"-25,434","-50,719",SPRF-PR,DEL08-PR,UOP02-DEL08-PR
691910.0,1538267.0,17/05/2025,sábado,17:50:00,PR,277.0,256,IRATI,Sim,Acessar a via sem observar a presença dos outros veículos,3.0,Tombamento,Com Vítimas Feridas,Anoitecer,Decrescente,Céu Claro,Simples,Reta,Não,1227124.0,Motocicleta,HONDA/CG 125 FAN KS,2010.0,Passageiro,Lesões Leves,15.0,Feminino,0.0,1.0,0.0,0.0,"-25,434","-50,719",SPRF-PR,DEL08-PR,UOP02-DEL08-PR
691910.0,1538267.0,17/05/2025,sábado,17:50:00,PR,277.0,256,IRATI,Sim,Acessar a via sem observar a presença dos outros veículos,2.0,Saída de leito carroçável,Com Vítimas Feridas,Anoitecer,Decrescente,Céu Claro,Simples,Reta,Não,1227124.0,Motocicleta,HONDA/CG 125 FAN KS,2010.0,Passageiro,Lesões Leves,15.0,Feminino,0.0,1.0,0.0,0.0,"-25,434","-50,719",SPRF-PR,DEL08-PR,UOP02-DEL08-PR
691910.0,1538267.0,17/05/2025,sábado,17:50:00,PR,277.0,256,IRATI,Sim,Acessar a via sem observar a presença dos outros veículos,1.0,Colisão transversal,Com Vítimas Feridas,Anoitecer,Decrescente,Céu Claro,Simples,Reta,Não,1227124.0,Motocicleta,HONDA/CG 125 FAN KS,2010.0,Passageiro,Lesões Leves,15.0,Feminino,0.0,1.0,0.0,0.0,"-25,434","-50,719",SPRF-PR,DEL08-PR,UOP02-DEL08-PR
691911.0,1538348.0,17/05/2025,sábado,17:45:00,PR,277.0,"599,4",CASCAVEL,Sim,Pedestre andava na pista,1.0,Atropelamento de Pedestre,Com Vítimas Fatais,Anoitecer,Decrescente,Nublado,Dupla,Reta,Não,1227174.0,Automóvel,CHEVROLET/ONIX 1.4AT LT,2017.0,Passageiro,Ileso,2.0,Feminino,1.0,0.0,0.0,0.0,"-25,00922888","-53,53177037",SPRF-PR,DEL04-PR,UOP01-DEL04-PR
691946.0,1538359.0,17/05/2025,sábado,19:25:00,PR,277.0,624,CEU AZUL,Não,Ingestão de álcool pelo condutor,2.0,Saída de leito carroçável,Sem Vítimas,Plena Noite,Decrescente,Céu Claro,Simples,Reta,Não,1227206.0,Automóvel,VW/GOL GL,1989.0,Passageiro,Ileso,3.0,Feminino,1.0,0.0,0.0,0.0,"-25,09920172","-53,7359333",SPRF-PR,DEL05-PR,UOP02-DEL05-PR
691946.0,1538359.0,17/05/2025,sábado,19:25:00,PR,277.0,624,CEU AZUL,Não,Ingestão de álcool pelo condutor,1.0,Colisão frontal,Sem Vítimas,Plena Noite,Decrescente,Céu Claro,Simples,Reta,Não,1227206.0,Automóvel,VW/GOL GL,1989.0,Passageiro,Ileso,3.0,Feminino,1.0,0.0,0.0,0.0,"-25,09920172","-53,7359333",SPRF-PR,DEL05-PR,UOP02-DEL05-PR
691946.0,1538359.0,17/05/2025,sábado,19:25:00,PR,277.0,624,CEU AZUL,Não,Avarias e/ou desgaste excessivo no pneu,2.0,Saída de leito carroçável,Sem Vítimas,Plena Noite,Decrescente,Céu Claro,Simples,Reta,Não,1227206.0,Automóvel,VW/GOL GL,1989.0,Passageiro,Ileso,3.0,Feminino,1.0,0.0,0.0,0.0,"-25,09920172","-53,7359333",SPRF-PR,DEL05-PR,UOP02-DEL05-PR
691946.0,1538359.0,17/05/2025,sábado,19:25:00,PR,277.0,624,CEU AZUL,Não,Avarias e/ou desgaste excessivo no pneu,1.0,Colisão frontal,Sem Vítimas,Plena Noite,Decrescente,Céu Claro,Simples,Reta,Não,1227206.0,Automóvel,VW/GOL GL,1989.0,Passageiro,Ileso,3.0,Feminino,1.0,0.0,0.0,0.0,"-25,09920172","-53,7359333",SPRF-PR,DEL05-PR,UOP02-DEL05-PR