id,pesid,data_inversa,dia_semana,horario,uf,br,km,municipio,causa_principal,causa_acidente,ordem_tipo_acidente,tipo_acidente,classificacao_acidente,fase_dia,sentido_via,condicao_metereologica,tipo_pista,tracado_via,uso_solo,id_veiculo,tipo_veiculo,marca,ano_fabricacao_veiculo,tipo_envolvido,estado_fisico,idade,sexo,ilesos,feridos_leves,feridos_graves,mortos,latitude,longitude,regional,delegacia,uop
699975.0,1557603.0,23/06/2025,segunda-feira,11:00:00,PR,116.0,89,SAO JOSE DOS PINHAIS,Sim,Acumulo de água sobre o pavimento,1.0,Capotamento,Com Vítimas Feridas,Pleno dia,Crescente,Chuva,Dupla,Reta,Não,1242865.0,Automóvel,HYUNDAI/HB20 1.0M COMFOR,2015.0,Passageiro,Lesões Leves,7.0,Feminino,0.0,1.0,0.0,0.0,"-25,5557153","-49,0294879",SPRF-PR,DEL01-PR,UOP07-DEL01-PR
699976.0,1557656.0,23/06/2025,segunda-feira,08:45:00,PR,277.0,"188,1",PALMEIRA,Sim,Chuva,3.0,Capotamento,Com Vítimas Feridas,Pleno dia,Decrescente,Chuva,Simples,Curva;Declive,Não,1242917.0,Automóvel,I/CITROEN C4L THP A EXCL,2017.0,Passageiro,Ileso,4.0,Masculino,1.0,0.0,0.0,0.0,"-25,4234035","-50,1073244",SPRF-PR,DEL08-PR,UOP02-DEL08-PR
699976.0,1557681.0,23/06/2025,segunda-feira,08:45:00,PR,277.0,"188,1",PALMEIRA,Sim,Chuva,3.0,Capotamento,Com Vítimas Feridas,Pleno dia,Decrescente,Chuva,Simples,Curva;Declive,Não,1242914.0,Automóvel,HYUNDAI/HB20S 1.6M COMF,2015.0,Passageiro,Lesões Leves,7.0,Masculino,0.0,1.0,0.0,0.0,"-25,4234035","-50,1073244",SPRF-PR,DEL08-PR,UOP02-DEL08-PR
699976.0,1557678.0,23/06/2025,segunda-feira,08:45:00,PR,277.0,"188,1",PALMEIRA,Sim,Chuva,3.0,Capotamento,Com Vítimas Feridas,Pleno dia,Decrescente,Chuva,Simples,Curva;Declive,Não,1242914.0,Automóvel,HYUNDAI/HB20S 1.6M COMF,2015.0,Passageiro,Ileso,13.0,Masculino,1.0,0.0,0.0,0.0,"-25,4234035","-50,1073244",SPRF-PR,DEL08-PR,UOP02-DEL08-PR
699976.0,1557656.0,23/06/2025,segunda-feira,08:45:00,PR,277.0,"188,1",PALMEIRA,Sim,Chuva,2.0,Colisão lateral mesmo sentido,Com Vítimas Feridas,Pleno dia,Decrescente,Chuva,Simples,Curva;Declive,Não,1242917.0,Automóvel,I/CITROEN C4L THP A EXCL,2017.0,Passageiro,Ileso,4.0,Masculino,1.0,0.0,0.0,0.0,"-25,4234035","-50,1073244",SPRF-PR,DEL08-PR,UOP02-DEL08-PR
699976.0,1557681.0,23/06/2025,segunda-feira,08:45:00,PR,277.0,"188,1",PALMEIRA,Sim,Chuva,2.0,Colisão lateral mesmo sentido,Com Vítimas Feridas,Pleno dia,Decrescente,Chuva,Simples,Curva;Declive,Não,1242914.0,Automóvel,HYUNDAI/HB20S 1.6M COMF,2015.0,Passageiro,Lesões Leves,7.0,Masculino,0.0,1.0,0.0,0.0,"-25,4234035","-50,1073244",SPRF-PR,DEL08-PR,UOP02-DEL08-PR
699976.0,1557678.0,23/06/2025,segunda-feira,08:45:00,PR,277.0,"188,1",PALMEIRA,Sim,Chuva,2.0,Colisão lateral mesmo sentido,Com Vítimas Feridas,Pleno dia,Decrescente,Chuva,Simples,Curva;Declive,Não,1242914.0,Automóvel,HYUNDAI/HB20S 1.6M COMF,2015.0,Passageiro,Ileso,13.0,Masculino,1.0,0.0,0.0,0.0,"-25,4234035","-50,1073244",SPRF-PR,DEL08-PR,UOP02-DEL08-PR
699976.0,1557656.0,23/06/2025,segunda-feira,08:45:00,PR,277.0,"188,1",PALMEIRA,Sim,Chuva,1.0,Colisão frontal,Com Vítimas Feridas,Pleno dia,Decrescente,Chuva,Simples,Curva;Declive,Não,1242917.0,Automóvel,I/CITROEN C4L THP A EXCL,2017.0,Passageiro,Ileso,4.0,Masculino,1.0,0.0,0.0,0.0,"-25,4234035","-50,1073244",SPRF-PR,DEL08-PR,UOP02-DEL08-PR
699976.0,1557681.0,23/06/2025,segunda-feira,08:45:00,PR,277.0,"188,1",PALMEIRA,Sim,Chuva,1.0,Colisão frontal,Com Vítimas Feridas,Pleno dia,Decrescente,Chuva,Simples,Curva;Declive,Não,1242914.0,Automóvel,HYUNDAI/HB20S 1.6M COMF,2015.0,Passageiro,Lesões Leves,7.0,Masculino,0.0,1.0,0.0,0.0,"-25,4234035","-50,1073244",SPRF-PR,DEL08-PR,UOP02-DEL08-PR
699976.0,1557678.0,23/06/2025,segunda-feira,08:45:00,PR,277.0,"188,1",PALMEIRA,Sim,Chuva,1.0,Colisão frontal,Com Vítimas Feridas,Pleno dia,Decrescente,Chuva,Simples,Curva;Declive,Não,1242914.0,Automóvel,HYUNDAI/HB20S 1.6M COMF,2015.0,Passageiro,Ileso,13.0,Masculino,1.0,0.0,0.0,0.0,"-25,4234035","-50,1073244",SPRF-PR,DEL08-PR,UOP02-DEL08-PR
700075.0,1557852.0,23/06/2025,segunda-feira,18:40:00,PR,369.0,149,LONDRINA,Sim,Reação tardia ou ineficiente do condutor,1.0,Colisão traseira,Com Vítimas Feridas,Plena Noite,Decrescente,Chuva,Dupla,Reta,Não,1243066.0,Camioneta,JEEP/COMPASS LONG T,2025.0,Passageiro,Lesões Leves,11.0,Masculino,0.0,1.0,0.0,0.0,"-23,292954","-51,153189",SPRF-PR,DEL07-PR,UOP01-DEL07-PR
700442.0,1558765.0,25/06/2025,quarta-feira,13:40:00,PR,277.0,"594,5",CASCAVEL,Sim,Mal súbito do condutor,2.0,Colisão com objeto,Com Vítimas Feridas,Pleno dia,Crescente,Céu Claro,Simples,Interseção de Vias;Rotatória,Sim,1243827.0,Outros,Não Informado/Não Informado,0.0,Condutor,Lesões Graves,16.0,Masculino,0.0,0.0,1.0,0.0,"-24,9799417","-53,50316",SPRF-PR,DEL04-PR,UOP01-DEL04-PR
700442.0,1558765.0,25/06/2025,quarta-feira,13:40:00,PR,277.0,"594,5",CASCAVEL,Sim,Mal súbito do condutor,1.0,Colisão traseira,Com Vítimas Feridas,Pleno dia,Crescente,Céu Claro,Simples,Interseção de Vias;Rotatória,Sim,1243827.0,Outros,Não Informado/Não Informado,0.0,Condutor,Lesões Graves,16.0,Masculino,0.0,0.0,1.0,0.0,"-24,9799417","-53,50316",SPRF-PR,DEL04-PR,UOP01-DEL04-PR
700873.0,1559703.0,18/05/2025,domingo,20:10:00,PR,116.0,100,SAO JOSE DOS PINHAIS,Sim,Pedestre cruzava a pista fora da faixa,1.0,Atropelamento de Pedestre,Com Vítimas Fatais,Plena Noite,Crescente,Nublado,Dupla,Reta,Não,1244613.0,Automóvel,PEUGEOT/206 SW16 ESCA FX,2006.0,Passageiro,Ileso,1.0,Masculino,1.0,0.0,0.0,0.0,"-25,5666473","-49,164588",SPRF-PR,DEL01-PR,UOP07-DEL01-PR
700888.0,1559760.0,27/06/2025,sexta-feira,15:35:00,PR,277.0,714,SANTA TEREZINHA DE ITAIPU,Sim,Ausência de reação do condutor,1.0,Colisão traseira,Com Vítimas Feridas,Pleno dia,Crescente,Nublado,Dupla,Reta,Não,1244659.0,Automóvel,RENAULT/SCENIC AUT 1616V,2004.0,Passageiro,Ileso,7.0,Feminino,1.0,0.0,0.0,0.0,"-25,46338576","-54,44502354",SPRF-PR,DEL05-PR,UOP01-DEL05-PR
701264.0,1562359.0,29/06/2025,domingo,04:00:00,PR,277.0,"668,5",MEDIANEIRA,Sim,Neblina,1.0,Colisão traseira,Com Vítimas Feridas,Plena Noite,Crescente,Chuva,Dupla,Reta,Sim,1245378.0,Motocicleta,HONDA/CG 125 TITAN,1998.0,Passageiro,Lesões Leves,16.0,Masculino,0.0,1.0,0.0,0.0,"-25,2736","-54,06756",SPRF-PR,DEL05-PR,UOP02-DEL05-PR
701378.0,1560932.0,29/06/2025,domingo,17:10:00,PR,369.0,"91,5",CORNELIO PROCOPIO,Sim,Ausência de reação do condutor,2.0,Colisão com objeto,Com Vítimas Feridas,Anoitecer,Decrescente,Céu Claro,Dupla,Curva,Não,1245605.0,Automóvel,I/VW JETTA 2.0,2011.0,Passageiro,Lesões Leves,13.0,Masculino,0.0,1.0,0.0,0.0,"-23,2057372","-50,6551665",SPRF-PR,DEL07-PR,UOP05-DEL07-PR
701378.0,1560930.0,29/06/2025,domingo,17:10:00,PR,369.0,"91,5",CORNELIO PROCOPIO,Sim,Ausência de reação do condutor,2.0,Colisão com objeto,Com Vítimas Feridas,Anoitecer,Decrescente,Céu Claro,Dupla,Curva,Não,1245605.0,Automóvel,I/VW JETTA 2.0,2011.0,Passageiro,Lesões Leves,14.0,Masculino,0.0,1.0,0.0,0.0,"-23,2057372","-50,6551665",SPRF-PR,DEL07-PR,UOP05-DEL07-PR
701378.0,1560932.0,29/06/2025,domingo,17:10:00,PR,369.0,"91,5",CORNELIO PROCOPIO,Sim,Ausência de reação do condutor,1.0,Saída de leito carroçável,Com Vítimas Feridas,Anoitecer,Decrescente,Céu Claro,Dupla,Curva,Não,1245605.0,Automóvel,I/VW JETTA 2.0,2011.0,Passageiro,Lesões Leves,13.0,Masculino,0.0,1.0,0.0,0.0,"-23,2057372","-50,6551665",SPRF-PR,DEL07-PR,UOP05-DEL07-PR
701378.0,1560930.0,29/06/2025,domingo,17:10:00,PR,369.0,"91,5",CORNELIO PROCOPIO,Sim,Ausência de reação do condutor,1.0,Saída de leito carroçável,Com Vítimas Feridas,Anoitecer,Decrescente,Céu Claro,Dupla,Curva,Não,1245605.0,Automóvel,I/VW JETTA 2.0,2011.0,Passageiro,Lesões Leves,14.0,Masculino,0.0,1.0,0.0,0.0,"-23,2057372","-50,6551665",SPRF-PR,DEL07-PR,UOP05-DEL07-PR
701411.0,1560983.0,13/06/2025,sexta-feira,10:30:00,PR,476.0,71,BOCAIUVA DO SUL,Sim,Ultrapassagem Indevida,1.0,Colisão transversal,Com Vítimas Feridas,Pleno dia,Crescente,Céu Claro,Simples,Reta,Não,1245640.0,Automóvel,VW/GOLF 2.0,2008.0,Passageiro,Lesões Leves,14.0,Masculino,0.0,1.0,0.0,0.0,"-25,07674046","-49,08772799",SPRF-PR,DEL01-PR,UOP01-DEL01-PR
701683.0,1563476.0,30/06/2025,segunda-feira,21:30:00,PR,116.0,104,SAO JOSE DOS PINHAIS,Não,Velocidade Incompatível,3.0,Colisão transversal,Com Vítimas Feridas,Plena Noite,Crescente,Chuva,Dupla,Reta,Não,1246222.0,Automóvel,CHEVROLET/CRUZE LT HB,2013.0,Passageiro,Ileso,0.0,Masculino,1.0,0.0,0.0,0.0,"-25,571787","-49,20498",SPRF-PR,DEL01-PR,UOP07-DEL01-PR
701683.0,1563476.0,30/06/2025,segunda-feira,21:30:00,PR,116.0,104,SAO JOSE DOS PINHAIS,Não,Velocidade Incompatível,2.0,Colisão com objeto,Com Vítimas Feridas,Plena Noite,Crescente,Chuva,Dupla,Reta,Não,1246222.0,Automóvel,CHEVROLET/CRUZE LT HB,2013.0,Passageiro,Ileso,0.0,Masculino,1.0,0.0,0.0,0.0,"-25,571787","-49,20498",SPRF-PR,DEL01-PR,UOP07-DEL01-PR
701683.0,1563476.0,30/06/2025,segunda-feira,21:30:00,PR,116.0,104,SAO JOSE DOS PINHAIS,Não,Velocidade Incompatível,1.0,Saída de leito carroçável,Com Vítimas Feridas,Plena Noite,Crescente,Chuva,Dupla,Reta,Não,1246222.0,Automóvel,CHEVROLET/CRUZE LT HB,2013.0,Passageiro,Ileso,0.0,Masculino,1.0,0.0,0.0,0.0,"-25,571787","-49,20498",SPRF-PR,DEL01-PR,UOP07-DEL01-PR
701683.0,1563476.0,30/06/2025,segunda-feira,21:30:00,PR,116.0,104,SAO JOSE DOS PINHAIS,Não,Pista Escorregadia,3.0,Colisão transversal,Com Vítimas Feridas,Plena Noite,Crescente,Chuva,Dupla,Reta,Não,1246222.0,Automóvel,CHEVROLET/CRUZE LT HB,2013.0,Passageiro,Ileso,0.0,Masculino,1.0,0.0,0.0,0.0,"-25,571787","-49,20498",SPRF-PR,DEL01-PR,UOP07-DEL01-PR
701683.0,1563476.0,30/06/2025,segunda-feira,21:30:00,PR,116.0,104,SAO JOSE DOS PINHAIS,Não,Pista Escorregadia,2.0,Colisão com objeto,Com Vítimas Feridas,Plena Noite,Crescente,Chuva,Dupla,Reta,Não,1246222.0,Automóvel,CHEVROLET/CRUZE LT HB,2013.0,Passageiro,Ileso,0.0,Masculino,1.0,0.0,0.0,0.0,"-25,571787","-49,20498",SPRF-PR,DEL01-PR,UOP07-DEL01-PR
701683.0,1563476.0,30/06/2025,segunda-feira,21:30:00,PR,116.0,104,SAO JOSE DOS PINHAIS,Não,Pista Escorregadia,1.0,Saída de leito carroçável,Com Vítimas Feridas,Plena Noite,Crescente,Chuva,Dupla,Reta,Não,1246222.0,Automóvel,CHEVROLET/CRUZE LT HB,2013.0,Passageiro,Ileso,0.0,Masculino,1.0,0.0,0.0,0.0,"-25,571787","-49,20498",SPRF-PR,DEL01-PR,UOP07-DEL01-PR
701683.0,1563476.0,30/06/2025,segunda-feira,21:30:00,PR,116.0,104,SAO JOSE DOS PINHAIS,Não,Chuva,3.0,Colisão transversal,Com Vítimas Feridas,Plena Noite,Crescente,Chuva,Dupla,Reta,Não,1246222.0,Automóvel,CHEVROLET/CRUZE LT HB,2013.0,Passageiro,Ileso,0.0,Masculino,1.0,0.0,0.0,0.0,"-25,571787","-49,20498",SPRF-PR,DEL01-PR,UOP07-DEL01-PR
701683.0,1563476.0,30/06/2025,segunda-feira,21:30:00,PR,116.0,104,SAO JOSE DOS PINHAIS,Não,Chuva,2.0,Colisão com objeto,Com Vítimas Feridas,Plena Noite,Crescente,Chuva,Dupla,Reta,Não,1246222.0,Automóvel,CHEVROLET/CRUZE LT HB,2013.0,Passageiro,Ileso,0.0,Masculino,1.0,0.0,0.0,0.0,"-25,571787","-49,20498",SPRF-PR,DEL01-PR,UOP07-DEL01-PR
701683.0,1563476.0,30/06/2025,segunda-feira,21:30:00,PR,116.0,104,SAO JOSE DOS PINHAIS,Não,Chuva,1.0,Saída de leito carroçável,Com Vítimas Feridas,Plena Noite,Crescente,Chuva,Dupla,Reta,Não,1246222.0,Automóvel,CHEVROLET/CRUZE LT HB,2013.0,Passageiro,Ileso,0.0,Masculino,1.0,0.0,0.0,0.0,"-25,571787","-49,20498",SPRF-PR,DEL01-PR,UOP07-DEL01-PR
701683.0,1563476.0,30/06/2025,segunda-feira,21:30:00,PR,116.0,104,SAO JOSE DOS PINHAIS,Sim,Ausência de reação do condutor,3.0,Colisão transversal,Com Vítimas Feridas,Plena Noite,Crescente,Chuva,Dupla,Reta,Não,1246222.0,Automóvel,CHEVROLET/CRUZE LT HB,2013.0,Passageiro,Ileso,0.0,Masculino,1.0,0.0,0.0,0.0,"-25,571787","-49,20498",SPRF-PR,DEL01-PR,UOP07-DEL01-PR
701683.0,1563476.0,30/06/2025,segunda-feira,21:30:00,PR,116.0,104,SAO JOSE DOS PINHAIS,Sim,Ausência de reação do condutor,2.0,Colisão com objeto,Com Vítimas Feridas,Plena Noite,Crescente,Chuva,Dupla,Reta,Não,1246222.0,Automóvel,CHEVROLET/CRUZE LT HB,2013.0,Passageiro,Ileso,0.0,Masculino,1.0,0.0,0.0,0.0,"-25,571787","-49,20498",SPRF-PR,DEL01-PR,UOP07-DEL01-PR
701683.0,1563476.0,30/06/2025,segunda-feira,21:30:00,PR,116.0,104,SAO JOSE DOS PINHAIS,Sim,Ausência de reação do condutor,1.0,Saída de leito carroçável,Com Vítimas Feridas,Plena Noite,Crescente,Chuva,Dupla,Reta,Não,1246222.0,Automóvel,CHEVROLET/CRUZE LT HB,2013.0,Passageiro,Ileso,0.0,Masculino,1.0,0.0,0.0,0.0,"-25,571787","-49,20498",SPRF-PR,DEL01-PR,UOP07-DEL01-PR
702156.0,1563137.0,03/07/2025,quinta-feira,10:20:00,PR,116.0,8,CAMPINA GRANDE DO SUL,Não,Acumulo de água sobre o pavimento,3.0,Capotamento,Com Vítimas Feridas,Pleno dia,Crescente,Chuva,Dupla,Declive;Reta;Ponte,Não,1247340.0,Automóvel,VW/NOVO VOYAGE 1.6 CITY,2013.0,Passageiro,Lesões Leves,7.0,Feminino,0.0,1.0,0.0,0.0,"-25,081333","-48,624036",SPRF-PR,DEL01-PR,UOP02-DEL01-PR
702156.0,1563135.0,03/07/2025,quinta-feira,10:20:00,PR,116.0,8,CAMPINA GRANDE DO SUL,Não,Acumulo de água sobre o pavimento,3.0,Capotamento,Com Vítimas Feridas,Pleno dia,Crescente,Chuva,Dupla,Declive;Reta;Ponte,Não,1247340.0,Automóvel,VW/NOVO VOYAGE 1.6 CITY,2013.0,Passageiro,Lesões Leves,13.0,Masculino,0.0,1.0,0.0,0.0,"-25,081333","-48,624036",SPRF-PR,DEL01-PR,UOP02-DEL01-PR
702156.0,1563137.0,03/07/2025,quinta-feira,10:20:00,PR,116.0,8,CAMPINA GRANDE DO SUL,Não,Acumulo de água sobre o pavimento,2.0,Colisão com objeto,Com Vítimas Feridas,Pleno dia,Crescente,Chuva,Dupla,Declive;Reta;Ponte,Não,1247340.0,Automóvel,VW/NOVO VOYAGE 1.6 CITY,2013.0,Passageiro,Lesões Leves,7.0,Feminino,0.0,1.0,0.0,0.0,"-25,081333","-48,624036",SPRF-PR,DEL01-PR,UOP02-DEL01-PR
702156.0,1563135.0,03/07/2025,quinta-feira,10:20:00,PR,116.0,8,CAMPINA GRANDE DO SUL,Não,Acumulo de água sobre o pavimento,2.0,Colisão com objeto,Com Vítimas Feridas,Pleno dia,Crescente,Chuva,Dupla,Declive;Reta;Ponte,Não,1247340.0,Automóvel,VW/NOVO VOYAGE 1.6 CITY,2013.0,Passageiro,Lesões Leves,13.0,Masculino,0.0,1.0,0.0,0.0,"-25,081333","-48,624036",SPRF-PR,DEL01-PR,UOP02-DEL01-PR
702156.0,1563137.0,03/07/2025,quinta-feira,10:20:00,PR,116.0,8,CAMPINA GRANDE DO SUL,Não,Acumulo de água sobre o pavimento,1.0,Saída de leito carroçável,Com Vítimas Feridas,Pleno dia,Crescente,Chuva,Dupla,Declive;Reta;Ponte,Não,1247340.0,Automóvel,VW/NOVO VOYAGE 1.6 CITY,2013.0,Passageiro,Lesões Leves,7.0,Feminino,0.0,1.0,0.0,0.0,"-25,081333","-48,624036",SPRF-PR,DEL01-PR,UOP02-DEL01-PR
702156.0,1563135.0,03/07/2025,quinta-feira,10:20:00,PR,116.0,8,CAMPINA GRANDE DO SUL,Não,Acumulo de água sobre o pavimento,1.0,Saída de leito carroçável,Com Vítimas Feridas,Pleno dia,Crescente,Chuva,Dupla,Declive;Reta;Ponte,Não,1247340.0,Automóvel,VW/NOVO VOYAGE 1.6 CITY,2013.0,Passageiro,Lesões Leves,13.0,Masculino,0.0,1.0,0.0,0.0,"-25,081333","-48,624036",SPRF-PR,DEL01-PR,UOP02-DEL01-PR
702156.0,1563137.0,03/07/2025,quinta-feira,10:20:00,PR,116.0,8,CAMPINA GRANDE DO SUL,Sim,Velocidade Incompatível,3.0,Capotamento,Com Vítimas Feridas,Pleno dia,Crescente,Chuva,Dupla,Declive;Reta;Ponte,Não,1247340.0,Automóvel,VW/NOVO VOYAGE 1.6 CITY,2013.0,Passageiro,Lesões Leves,7.0,Feminino,0.0,1.0,0.0,0.0,"-25,081333","-48,624036",SPRF-PR,DEL01-PR,UOP02-DEL01-PR
702156.0,1563135.0,03/07/2025,quinta-feira,10:20:00,PR,116.0,8,CAMPINA GRANDE DO SUL,Sim,Velocidade Incompatível,3.0,Capotamento,Com Vítimas Feridas,Pleno dia,Crescente,Chuva,Dupla,Declive;Reta;Ponte,Não,1247340.0,Automóvel,VW/NOVO VOYAGE 1.6 CITY,2013.0,Passageiro,Lesões Leves,13.0,Masculino,0.0,1.0,0.0,0.0,"-25,081333","-48,624036",SPRF-PR,DEL01-PR,UOP02-DEL01-PR
702156.0,1563137.0,03/07/2025,quinta-feira,10:20:00,PR,116.0,8,CAMPINA GRANDE DO SUL,Sim,Velocidade Incompatível,2.0,Colisão com objeto,Com Vítimas Feridas,Pleno dia,Crescente,Chuva,Dupla,Declive;Reta;Ponte,Não,1247340.0,Automóvel,VW/NOVO VOYAGE 1.6 CITY,2013.0,Passageiro,Lesões Leves,7.0,Feminino,0.0,1.0,0.0,0.0,"-25,081333","-48,624036",SPRF-PR,DEL01-PR,UOP02-DEL01-PR
702156.0,1563135.0,03/07/2025,quinta-feira,10:20:00,PR,116.0,8,CAMPINA GRANDE DO SUL,Sim,Velocidade Incompatível,2.0,Colisão com objeto,Com Vítimas Feridas,Pleno dia,Crescente,Chuva,Dupla,Declive;Reta;Ponte,Não,1247340.0,Automóvel,VW/NOVO VOYAGE 1.6 CITY,2013.0,Passageiro,Lesões Leves,13.0,Masculino,0.0,1.0,0.0,0.0,"-25,081333","-48,624036",SPRF-PR,DEL01-PR,UOP02-DEL01-PR
702156.0,1563137.0,03/07/2025,quinta-feira,10:20:00,PR,116.0,8,CAMPINA GRANDE DO SUL,Sim,Velocidade Incompatível,1.0,Saída de leito carroçável,Com Vítimas Feridas,Pleno dia,Crescente,Chuva,Dupla,Declive;Reta;Ponte,Não,1247340.0,Automóvel,VW/NOVO VOYAGE 1.6 CITY,2013.0,Passageiro,Lesões Leves,7.0,Feminino,0.0,1.0,0.0,0.0,"-25,081333","-48,624036",SPRF-PR,DEL01-PR,UOP02-DEL01-PR
702156.0,1563135.0,03/07/2025,quinta-feira,10:20:00,PR,116.0,8,CAMPINA GRANDE DO SUL,Sim,Velocidade Incompatível,1.0,Saída de leito carroçável,Com Vítimas Feridas,Pleno dia,Crescente,Chuva,Dupla,Declive;Reta;Ponte,Não,1247340.0,Automóvel,VW/NOVO VOYAGE 1.6 CITY,2013.0,Passageiro,Lesões Leves,13.0,Masculino,0.0,1.0,0.0,0.0,"-25,081333","-48,624036",SPRF-PR,DEL01-PR,UOP02-DEL01-PR
702209.0,1563057.0,03/07/2025,quinta-feira,14:30:00,PR,277.0,385,CANDOI,Sim,Ausência de reação do condutor,1.0,Colisão traseira,Com Vítimas Feridas,Pleno dia,Crescente,Céu Claro,Simples,Reta,Não,1247274.0,Automóvel,CHEV/TRACKER 12T A PR,2024.0,Passageiro,Ileso,10.0,Feminino,1.0,0.0,0.0,0.0,"-25,4361106","-51,8167306",SPRF-PR,DEL08-PR,UOP01-DEL08-PR
702369.0,1566578.0,04/07/2025,sexta-feira,09:40:00,PR,277.0,729,FOZ DO IGUACU,Sim,Acessar a via sem observar a presença dos outros veículos,1.0,Colisão lateral mesmo sentido,Com Vítimas Feridas,Pleno dia,Crescente,Céu Claro,Dupla,Viaduto,Sim,1247808.0,Automóvel,VW/POLO 1.6,2024.0,Passageiro,Lesões Leves,1.0,Feminino,0.0,1.0,0.0,0.0,"-25,50735506","-54,58445549",SPRF-PR,DEL05-PR,UOP03-DEL05-PR
702641.0,1564189.0,05/07/2025,sábado,10:40:00,PR,376.0,170,MARINGA,Sim,Velocidade Incompatível,4.0,Capotamento,Com Vítimas Feridas,Pleno dia,Crescente,Céu Claro,Dupla,Reta,Sim,1248195.0,Automóvel,CHEVROLET/ONIX 1.4MT LTZ,2013.0,Passageiro,Ileso,0.0,Feminino,1.0,0.0,0.0,0.0,"-23,40260737","-51,99743271",SPRF-PR,DEL09-PR,UOP01-DEL09-PR
702641.0,1564189.0,05/07/2025,sábado,10:40:00,PR,376.0,170,MARINGA,Sim,Velocidade Incompatível,3.0,Saída de leito carroçável,Com Vítimas Feridas,Pleno dia,Crescente,Céu Claro,Dupla,Reta,Sim,1248195.0,Automóvel,CHEVROLET/ONIX 1.4MT LTZ,2013.0,Passageiro,Ileso,0.0,Feminino,1.0,0.0,0.0,0.0,"-23,40260737","-51,99743271",SPRF-PR,DEL09-PR,UOP01-DEL09-PR
702641.0,1564189.0,05/07/2025,sábado,10:40:00,PR,376.0,170,MARINGA,Sim,Velocidade Incompatível,2.0,Colisão transversal,Com Vítimas Feridas,Pleno dia,Crescente,Céu Claro,Dupla,Reta,Sim,1248195.0,Automóvel,CHEVROLET/ONIX 1.4MT LTZ,2013.0,Passageiro,Ileso,0.0,Feminino,1.0,0.0,0.0,0.0,"-23,40260737","-51,99743271",SPRF-PR,DEL09-PR,UOP01-DEL09-PR
702641.0,1564189.0,05/07/2025,sábado,10:40:00,PR,376.0,170,MARINGA,Sim,Velocidade Incompatível,1.0,Colisão lateral mesmo sentido,Com Vítimas Feridas,Pleno dia,Crescente,Céu Claro,Dupla,Reta,Sim,1248195.0,Automóvel,CHEVROLET/ONIX 1.4MT LTZ,2013.0,Passageiro,Ileso,0.0,Feminino,1.0,0.0,0.0,0.0,"-23,40260737","-51,99743271",SPRF-PR,DEL09-PR,UOP01-DEL09-PR
702755.0,1564423.0,05/07/2025,sábado,19:40:00,PR,376.0,"8,7",MARINGA,Sim,Reação tardia ou ineficiente do condutor,2.0,Capotamento,Com Vítimas Feridas,Plena Noite,Crescente,Céu Claro,Dupla,Reta;Aclive,Não,1248387.0,Automóvel,PEUGEOT/2008 ALLURE PK,2020.0,Passageiro,Lesões Leves,5.0,Feminino,0.0,1.0,0.0,0.0,"-23,373095","-51,921816",SPRF-PR,DEL09-PR,UOP01-DEL09-PR
702755.0,1564423.0,05/07/2025,sábado,19:40:00,PR,376.0,"8,7",MARINGA,Sim,Reação tardia ou ineficiente do condutor,1.0,Colisão com objeto,Com Vítimas Feridas,Plena Noite,Crescente,Céu Claro,Dupla,Reta;Aclive,Não,1248387.0,Automóvel,PEUGEOT/2008 ALLURE PK,2020.0,Passageiro,Lesões Leves,5.0,Feminino,0.0,1.0,0.0,0.0,"-23,373095","-51,921816",SPRF-PR,DEL09-PR,UOP01-DEL09-PR
702774.0,1564465.0,05/07/2025,sábado,20:55:00,PR,272.0,"367,7",CAMPO MOURAO,Não,Velocidade Incompatível,2.0,Queda de ocupante de veículo,Com Vítimas Feridas,Plena Noite,Crescente,Céu Claro,Dupla,Reta;Interseção de Vias,Sim,1248413.0,Bicicleta,Não Informado/Não Informado,0.0,Condutor,Lesões Graves,13.0,Masculino,0.0,0.0,1.0,0.0,"-24,05266","-52,40693",SPRF-PR,DEL09-PR,UOP03-DEL09-PR
702774.0,1564465.0,05/07/2025,sábado,20:55:00,PR,272.0,"367,7",CAMPO MOURAO,Não,Velocidade Incompatível,1.0,Colisão transversal,Com Vítimas Feridas,Plena Noite,Crescente,Céu Claro,Dupla,Reta;Interseção de Vias,Sim,1248413.0,Bicicleta,Não Informado/Não Informado,0.0,Condutor,Lesões Graves,13.0,Masculino,0.0,0.0,1.0,0.0,"-24,05266","-52,40693",SPRF-PR,DEL09-PR,UOP03-DEL09-PR
702774.0,1564465.0,05/07/2025,sábado,20:55:00,PR,272.0,"367,7",CAMPO MOURAO,Sim,Acessar a via sem observar a presença dos outros veículos,2.0,Queda de ocupante de veículo,Com Vítimas Feridas,Plena Noite,Crescente,Céu Claro,Dupla,Reta;Interseção de Vias,Sim,1248413.0,Bicicleta,Não Informado/Não Informado,0.0,Condutor,Lesões Graves,13.0,Masculino,0.0,0.0,1.0,0.0,"-24,05266","-52,40693",SPRF-PR,DEL09-PR,UOP03-DEL09-PR
702774.0,1564465.0,05/07/2025,sábado,20:55:00,PR,272.0,"367,7",CAMPO MOURAO,Sim,Acessar a via sem observar a presença dos outros veículos,1.0,Colisão transversal,Com Vítimas Feridas,Plena Noite,Crescente,Céu Claro,Dupla,Reta;Interseção de Vias,Sim,1248413.0,Bicicleta,Não Informado/Não Informado,0.0,Condutor,Lesões Graves,13.0,Masculino,0.0,0.0,1.0,0.0,"-24,05266","-52,40693",SPRF-PR,DEL09-PR,UOP03-DEL09-PR