id,pesid,data_inversa,dia_semana,horario,uf,br,km,municipio,causa_principal,causa_acidente,ordem_tipo_acidente,tipo_acidente,classificacao_acidente,fase_dia,sentido_via,condicao_metereologica,tipo_pista,tracado_via,uso_solo,id_veiculo,tipo_veiculo,marca,ano_fabricacao_veiculo,tipo_envolvido,estado_fisico,idade,sexo,ilesos,feridos_leves,feridos_graves,mortos,latitude,longitude,regional,delegacia,uop
704344.0,1568232.0,12/07/2025,sábado,19:00:00,PR,376.0,594,CURITIBA,Não,Condutor deixou de manter distância do veículo da frente,2.0,Saída de leito carroçável,Sem Vítimas,Plena Noite,Crescente,Céu Claro,Dupla,Reta,Sim,1251517.0,Automóvel,FIAT/ARGO DRIVE 1.0,2023.0,Passageiro,Ileso,15.0,Masculino,1.0,0.0,0.0,0.0,"-25,45571369","-49,36104655",SPRF-PR,DEL01-PR,UOP06-DEL01-PR
704344.0,1568232.0,12/07/2025,sábado,19:00:00,PR,376.0,594,CURITIBA,Não,Condutor deixou de manter distância do veículo da frente,1.0,Colisão traseira,Sem Vítimas,Plena Noite,Crescente,Céu Claro,Dupla,Reta,Sim,1251517.0,Automóvel,FIAT/ARGO DRIVE 1.0,2023.0,Passageiro,Ileso,15.0,Masculino,1.0,0.0,0.0,0.0,"-25,45571369","-49,36104655",SPRF-PR,DEL01-PR,UOP06-DEL01-PR
704344.0,1568232.0,12/07/2025,sábado,19:00:00,PR,376.0,594,CURITIBA,Não,Manobra de mudança de faixa,4.0,Colisão com objeto,Sem Vítimas,Plena Noite,Crescente,Céu Claro,Dupla,Reta,Sim,1251517.0,Automóvel,FIAT/ARGO DRIVE 1.0,2023.0,Passageiro,Ileso,15.0,Masculino,1.0,0.0,0.0,0.0,"-25,45571369","-49,36104655",SPRF-PR,DEL01-PR,UOP06-DEL01-PR
704344.0,1568232.0,12/07/2025,sábado,19:00:00,PR,376.0,594,CURITIBA,Não,Manobra de mudança de faixa,3.0,Capotamento,Sem Vítimas,Plena Noite,Crescente,Céu Claro,Dupla,Reta,Sim,1251517.0,Automóvel,FIAT/ARGO DRIVE 1.0,2023.0,Passageiro,Ileso,15.0,Masculino,1.0,0.0,0.0,0.0,"-25,45571369","-49,36104655",SPRF-PR,DEL01-PR,UOP06-DEL01-PR
704344.0,1568232.0,12/07/2025,sábado,19:00:00,PR,376.0,594,CURITIBA,Não,Manobra de mudança de faixa,2.0,Saída de leito carroçável,Sem Vítimas,Plena Noite,Crescente,Céu Claro,Dupla,Reta,Sim,1251517.0,Automóvel,FIAT/ARGO DRIVE 1.0,2023.0,Passageiro,Ileso,15.0,Masculino,1.0,0.0,0.0,0.0,"-25,45571369","-49,36104655",SPRF-PR,DEL01-PR,UOP06-DEL01-PR
704344.0,1568232.0,12/07/2025,sábado,19:00:00,PR,376.0,594,CURITIBA,Não,Manobra de mudança de faixa,1.0,Colisão traseira,Sem Vítimas,Plena Noite,Crescente,Céu Claro,Dupla,Reta,Sim,1251517.0,Automóvel,FIAT/ARGO DRIVE 1.0,2023.0,Passageiro,Ileso,15.0,Masculino,1.0,0.0,0.0,0.0,"-25,45571369","-49,36104655",SPRF-PR,DEL01-PR,UOP06-DEL01-PR
704344.0,1568232.0,12/07/2025,sábado,19:00:00,PR,376.0,594,CURITIBA,Sim,Velocidade Incompatível,4.0,Colisão com objeto,Sem Vítimas,Plena Noite,Crescente,Céu Claro,Dupla,Reta,Sim,1251517.0,Automóvel,FIAT/ARGO DRIVE 1.0,2023.0,Passageiro,Ileso,15.0,Masculino,1.0,0.0,0.0,0.0,"-25,45571369","-49,36104655",SPRF-PR,DEL01-PR,UOP06-DEL01-PR
704344.0,1568232.0,12/07/2025,sábado,19:00:00,PR,376.0,594,CURITIBA,Sim,Velocidade Incompatível,3.0,Capotamento,Sem Vítimas,Plena Noite,Crescente,Céu Claro,Dupla,Reta,Sim,1251517.0,Automóvel,FIAT/ARGO DRIVE 1.0,2023.0,Passageiro,Ileso,15.0,Masculino,1.0,0.0,0.0,0.0,"-25,45571369","-49,36104655",SPRF-PR,DEL01-PR,UOP06-DEL01-PR
704344.0,1568232.0,12/07/2025,sábado,19:00:00,PR,376.0,594,CURITIBA,Sim,Velocidade Incompatível,2.0,Saída de leito carroçável,Sem Vítimas,Plena Noite,Crescente,Céu Claro,Dupla,Reta,Sim,1251517.0,Automóvel,FIAT/ARGO DRIVE 1.0,2023.0,Passageiro,Ileso,15.0,Masculino,1.0,0.0,0.0,0.0,"-25,45571369","-49,36104655",SPRF-PR,DEL01-PR,UOP06-DEL01-PR
704344.0,1568232.0,12/07/2025,sábado,19:00:00,PR,376.0,594,CURITIBA,Sim,Velocidade Incompatível,1.0,Colisão traseira,Sem Vítimas,Plena Noite,Crescente,Céu Claro,Dupla,Reta,Sim,1251517.0,Automóvel,FIAT/ARGO DRIVE 1.0,2023.0,Passageiro,Ileso,15.0,Masculino,1.0,0.0,0.0,0.0,"-25,45571369","-49,36104655",SPRF-PR,DEL01-PR,UOP06-DEL01-PR
704519.0,1573068.0,13/07/2025,domingo,16:15:00,PR,376.0,352,ORTIGUEIRA,Sim,Pedestre andava na pista,1.0,Atropelamento de Pedestre,Com Vítimas Feridas,Anoitecer,Decrescente,Céu Claro,Dupla,Reta,Não,,,NA/NA,,Pedestre,Lesões Leves,11.0,Masculino,0.0,1.0,0.0,0.0,"-24,20446281","-50,94624711",SPRF-PR,DEL07-PR,UOP02-DEL07-PR
704573.0,1570591.0,13/07/2025,domingo,19:15:00,PR,277.0,590,CASCAVEL,Sim,Ausência de reação do condutor,1.0,Colisão traseira,Com Vítimas Feridas,Plena Noite,Crescente,Céu Claro,Simples,Reta,Sim,1251921.0,Camioneta,JEEP/COMPASS LONGITUDE F,2017.0,Passageiro,Ileso,8.0,Feminino,1.0,0.0,0.0,0.0,"-24,98315819","-53,46048251",SPRF-PR,DEL04-PR,UOP01-DEL04-PR
704573.0,1570590.0,13/07/2025,domingo,19:15:00,PR,277.0,590,CASCAVEL,Sim,Ausência de reação do condutor,1.0,Colisão traseira,Com Vítimas Feridas,Plena Noite,Crescente,Céu Claro,Simples,Reta,Sim,1251921.0,Camioneta,JEEP/COMPASS LONGITUDE F,2017.0,Passageiro,Ileso,6.0,Feminino,1.0,0.0,0.0,0.0,"-24,98315819","-53,46048251",SPRF-PR,DEL04-PR,UOP01-DEL04-PR
705148.0,1570091.0,13/07/2025,domingo,03:10:00,PR,376.0,257,CALIFORNIA,Sim,Ultrapassagem Indevida,1.0,Colisão frontal,Com Vítimas Feridas,Plena Noite,Decrescente,Céu Claro,Simples,Reta,Sim,1253018.0,Automóvel,CHEVROLET/COBALT 1.4 LTZ,2012.0,Passageiro,Ileso,1.0,Masculino,1.0,0.0,0.0,0.0,"-23,67206427","-51,35581462",SPRF-PR,DEL07-PR,UOP03-DEL07-PR
705148.0,1570089.0,13/07/2025,domingo,03:10:00,PR,376.0,257,CALIFORNIA,Sim,Ultrapassagem Indevida,1.0,Colisão frontal,Com Vítimas Feridas,Plena Noite,Decrescente,Céu Claro,Simples,Reta,Sim,1253018.0,Automóvel,CHEVROLET/COBALT 1.4 LTZ,2012.0,Passageiro,Lesões Leves,5.0,Masculino,0.0,1.0,0.0,0.0,"-23,67206427","-51,35581462",SPRF-PR,DEL07-PR,UOP03-DEL07-PR
705162.0,1570180.0,16/07/2025,quarta-feira,13:45:00,PR,277.0,"443,4",LARANJEIRAS DO SUL,Sim,Ausência de reação do condutor,2.0,Saída de leito carroçável,Com Vítimas Feridas,Pleno dia,Decrescente,Céu Claro,Simples,Reta,Não,1253070.0,Automóvel,HONDA/FIT EX FLEX,2009.0,Passageiro,Lesões Leves,15.0,Masculino,0.0,1.0,0.0,0.0,"-25,37170642","-52,31421916",SPRF-PR,DEL04-PR,UOP02-DEL04-PR
705162.0,1570180.0,16/07/2025,quarta-feira,13:45:00,PR,277.0,"443,4",LARANJEIRAS DO SUL,Sim,Ausência de reação do condutor,1.0,Colisão traseira,Com Vítimas Feridas,Pleno dia,Decrescente,Céu Claro,Simples,Reta,Não,1253070.0,Automóvel,HONDA/FIT EX FLEX,2009.0,Passageiro,Lesões Leves,15.0,Masculino,0.0,1.0,0.0,0.0,"-25,37170642","-52,31421916",SPRF-PR,DEL04-PR,UOP02-DEL04-PR
705294.0,1570471.0,17/07/2025,quinta-feira,08:40:00,PR,376.0,551,PALMEIRA,Sim,Manobra de mudança de faixa,2.0,Saída de leito carroçável,Com Vítimas Feridas,Pleno dia,Decrescente,Céu Claro,Dupla,Declive;Curva,Não,1253335.0,Automóvel,VW/NOVO GOL TL MCV,2017.0,Passageiro,Ileso,13.0,Feminino,1.0,0.0,0.0,0.0,"-25,43792128","-49,75005118",SPRF-PR,DEL03-PR,UOP03-DEL03-PR
705294.0,1570471.0,17/07/2025,quinta-feira,08:40:00,PR,376.0,551,PALMEIRA,Sim,Manobra de mudança de faixa,1.0,Colisão lateral mesmo sentido,Com Vítimas Feridas,Pleno dia,Decrescente,Céu Claro,Dupla,Declive;Curva,Não,1253335.0,Automóvel,VW/NOVO GOL TL MCV,2017.0,Passageiro,Ileso,13.0,Feminino,1.0,0.0,0.0,0.0,"-25,43792128","-49,75005118",SPRF-PR,DEL03-PR,UOP03-DEL03-PR
705366.0,1570868.0,17/07/2025,quinta-feira,13:30:00,PR,376.0,498,PONTA GROSSA,Sim,Velocidade Incompatível,1.0,Colisão traseira,Com Vítimas Feridas,Pleno dia,Decrescente,Céu Claro,Dupla,Reta,Não,1253650.0,Automóvel,FIAT/UNO MILLE ECONOMY,2011.0,Passageiro,Lesões Leves,11.0,Masculino,0.0,1.0,0.0,0.0,"-25,152","-50,141",SPRF-PR,DEL03-PR,UOP04-DEL03-PR
705366.0,1570866.0,17/07/2025,quinta-feira,13:30:00,PR,376.0,498,PONTA GROSSA,Sim,Velocidade Incompatível,1.0,Colisão traseira,Com Vítimas Feridas,Pleno dia,Decrescente,Céu Claro,Dupla,Reta,Não,1253650.0,Automóvel,FIAT/UNO MILLE ECONOMY,2011.0,Passageiro,Lesões Leves,8.0,Masculino,0.0,1.0,0.0,0.0,"-25,152","-50,141",SPRF-PR,DEL03-PR,UOP04-DEL03-PR
705393.0,1574061.0,17/07/2025,quinta-feira,17:00:00,PR,376.0,488,PONTA GROSSA,Sim,Problema com o freio,1.0,Eventos atípicos,Com Vítimas Feridas,Pleno dia,Crescente,Sol,Dupla,Reta;Aclive,Sim,1256085.0,Automóvel,CHEVROLET/CRUZE LT HB,2012.0,Passageiro,Ileso,11.0,Masculino,1.0,0.0,0.0,0.0,"-25,0866658","-50,193196",SPRF-PR,DEL03-PR,UOP04-DEL03-PR
705533.0,1571166.0,18/07/2025,sexta-feira,13:15:00,PR,277.0,385,CANDOI,Não,Velocidade Incompatível,1.0,Colisão traseira,Sem Vítimas,Pleno dia,Crescente,Céu Claro,Simples,Reta,Não,1253881.0,Automóvel,I/NISSAN VERSA 16S FLEX,2012.0,Passageiro,Ileso,10.0,Masculino,1.0,0.0,0.0,0.0,"-25,438","-51,827",SPRF-PR,DEL08-PR,UOP01-DEL08-PR
705533.0,1571166.0,18/07/2025,sexta-feira,13:15:00,PR,277.0,385,CANDOI,Não,Ausência de reação do condutor,1.0,Colisão traseira,Sem Vítimas,Pleno dia,Crescente,Céu Claro,Simples,Reta,Não,1253881.0,Automóvel,I/NISSAN VERSA 16S FLEX,2012.0,Passageiro,Ileso,10.0,Masculino,1.0,0.0,0.0,0.0,"-25,438","-51,827",SPRF-PR,DEL08-PR,UOP01-DEL08-PR
705533.0,1571166.0,18/07/2025,sexta-feira,13:15:00,PR,277.0,385,CANDOI,Sim,Condutor deixou de manter distância do veículo da frente,1.0,Colisão traseira,Sem Vítimas,Pleno dia,Crescente,Céu Claro,Simples,Reta,Não,1253881.0,Automóvel,I/NISSAN VERSA 16S FLEX,2012.0,Passageiro,Ileso,10.0,Masculino,1.0,0.0,0.0,0.0,"-25,438","-51,827",SPRF-PR,DEL08-PR,UOP01-DEL08-PR
705731.0,1571630.0,19/07/2025,sábado,07:30:00,PR,277.0,"217,5",PALMEIRA,Não,Frear bruscamente,1.0,Colisão traseira,Com Vítimas Feridas,Pleno dia,Decrescente,Céu Claro,Simples,Reta,Não,1254223.0,Automóvel,FIAT/PALIO EX,2001.0,Passageiro,Lesões Leves,2.0,Feminino,0.0,1.0,0.0,0.0,"-25,42126088","-50,08872986",SPRF-PR,DEL08-PR,UOP02-DEL08-PR
705731.0,1571630.0,19/07/2025,sábado,07:30:00,PR,277.0,"217,5",PALMEIRA,Sim,Ausência de reação do condutor,1.0,Colisão traseira,Com Vítimas Feridas,Pleno dia,Decrescente,Céu Claro,Simples,Reta,Não,1254223.0,Automóvel,FIAT/PALIO EX,2001.0,Passageiro,Lesões Leves,2.0,Feminino,0.0,1.0,0.0,0.0,"-25,42126088","-50,08872986",SPRF-PR,DEL08-PR,UOP02-DEL08-PR
705807.0,1571790.0,19/07/2025,sábado,12:35:00,PR,369.0,"473,7",CORBELIA,Sim,Condutor deixou de manter distância do veículo da frente,1.0,Colisão traseira,Com Vítimas Feridas,Pleno dia,Decrescente,Céu Claro,Simples,Reta,Sim,1254307.0,Automóvel,CHEVROLET/CELTA 1.0L LS,2011.0,Passageiro,Lesões Leves,10.0,Feminino,0.0,1.0,0.0,0.0,"-24,721","-53,246",SPRF-PR,DEL04-PR,UOP03-DEL04-PR
706007.0,1572573.0,20/07/2025,domingo,10:25:00,PR,376.0,"75,7",GUAIRACA,Sim,Acessar a via sem observar a presença dos outros veículos,1.0,Colisão transversal,Com Vítimas Feridas,Pleno dia,Decrescente,Céu Claro,Simples,Interseção de Vias,Não,1254692.0,Automóvel,HYUNDAI/HB20S 10M COMFOR,2024.0,Passageiro,Ileso,14.0,Feminino,1.0,0.0,0.0,0.0,"-22,95412553","-52,7013731",SPRF-PR,DEL09-PR,UOP02-DEL09-PR
706007.0,1572577.0,20/07/2025,domingo,10:25:00,PR,376.0,"75,7",GUAIRACA,Sim,Acessar a via sem observar a presença dos outros veículos,1.0,Colisão transversal,Com Vítimas Feridas,Pleno dia,Decrescente,Céu Claro,Simples,Interseção de Vias,Não,1254692.0,Automóvel,HYUNDAI/HB20S 10M COMFOR,2024.0,Passageiro,Ileso,12.0,Feminino,1.0,0.0,0.0,0.0,"-22,95412553","-52,7013731",SPRF-PR,DEL09-PR,UOP02-DEL09-PR
706045.0,1572386.0,20/07/2025,domingo,14:45:00,PR,277.0,334,GUARAPUAVA,Não,Demais falhas mecânicas ou elétricas,2.0,Capotamento,Com Vítimas Feridas,Pleno dia,Crescente,Céu Claro,Dupla,Curva;Aclive,Não,1254767.0,Automóvel,FIAT/PALIO EDX,1997.0,Passageiro,Lesões Leves,12.0,Feminino,0.0,1.0,0.0,0.0,"-25,34842","-51,3897",SPRF-PR,DEL08-PR,UOP01-DEL08-PR
706045.0,1572386.0,20/07/2025,domingo,14:45:00,PR,277.0,334,GUARAPUAVA,Não,Demais falhas mecânicas ou elétricas,1.0,Saída de leito carroçável,Com Vítimas Feridas,Pleno dia,Crescente,Céu Claro,Dupla,Curva;Aclive,Não,1254767.0,Automóvel,FIAT/PALIO EDX,1997.0,Passageiro,Lesões Leves,12.0,Feminino,0.0,1.0,0.0,0.0,"-25,34842","-51,3897",SPRF-PR,DEL08-PR,UOP01-DEL08-PR
706045.0,1572386.0,20/07/2025,domingo,14:45:00,PR,277.0,334,GUARAPUAVA,Não,Velocidade Incompatível,2.0,Capotamento,Com Vítimas Feridas,Pleno dia,Crescente,Céu Claro,Dupla,Curva;Aclive,Não,1254767.0,Automóvel,FIAT/PALIO EDX,1997.0,Passageiro,Lesões Leves,12.0,Feminino,0.0,1.0,0.0,0.0,"-25,34842","-51,3897",SPRF-PR,DEL08-PR,UOP01-DEL08-PR
706045.0,1572386.0,20/07/2025,domingo,14:45:00,PR,277.0,334,GUARAPUAVA,Não,Velocidade Incompatível,1.0,Saída de leito carroçável,Com Vítimas Feridas,Pleno dia,Crescente,Céu Claro,Dupla,Curva;Aclive,Não,1254767.0,Automóvel,FIAT/PALIO EDX,1997.0,Passageiro,Lesões Leves,12.0,Feminino,0.0,1.0,0.0,0.0,"-25,34842","-51,3897",SPRF-PR,DEL08-PR,UOP01-DEL08-PR
706045.0,1572386.0,20/07/2025,domingo,14:45:00,PR,277.0,334,GUARAPUAVA,Sim,Reação tardia ou ineficiente do condutor,2.0,Capotamento,Com Vítimas Feridas,Pleno dia,Crescente,Céu Claro,Dupla,Curva;Aclive,Não,1254767.0,Automóvel,FIAT/PALIO EDX,1997.0,Passageiro,Lesões Leves,12.0,Feminino,0.0,1.0,0.0,0.0,"-25,34842","-51,3897",SPRF-PR,DEL08-PR,UOP01-DEL08-PR
706045.0,1572386.0,20/07/2025,domingo,14:45:00,PR,277.0,334,GUARAPUAVA,Sim,Reação tardia ou ineficiente do condutor,1.0,Saída de leito carroçável,Com Vítimas Feridas,Pleno dia,Crescente,Céu Claro,Dupla,Curva;Aclive,Não,1254767.0,Automóvel,FIAT/PALIO EDX,1997.0,Passageiro,Lesões Leves,12.0,Feminino,0.0,1.0,0.0,0.0,"-25,34842","-51,3897",SPRF-PR,DEL08-PR,UOP01-DEL08-PR
706062.0,1572487.0,20/07/2025,domingo,16:40:00,PR,277.0,"509,3",GUARANIACU,Sim,Conversão proibida,2.0,Saída de leito carroçável,Com Vítimas Feridas,Pleno dia,Decrescente,Céu Claro,Simples,Reta,Não,1254808.0,Automóvel,VW/VIRTUS MF,2021.0,Passageiro,Lesões Leves,16.0,Feminino,0.0,1.0,0.0,0.0,"-25,1223548","-52,7718269",SPRF-PR,DEL04-PR,UOP04-DEL04-PR
706062.0,1572487.0,20/07/2025,domingo,16:40:00,PR,277.0,"509,3",GUARANIACU,Sim,Conversão proibida,1.0,Colisão transversal,Com Vítimas Feridas,Pleno dia,Decrescente,Céu Claro,Simples,Reta,Não,1254808.0,Automóvel,VW/VIRTUS MF,2021.0,Passageiro,Lesões Leves,16.0,Feminino,0.0,1.0,0.0,0.0,"-25,1223548","-52,7718269",SPRF-PR,DEL04-PR,UOP04-DEL04-PR
706791.0,1574587.0,24/07/2025,quinta-feira,01:10:00,PR,277.0,"77,8",CURITIBA,Sim,Animais na Pista,1.0,Atropelamento de Animal,Com Vítimas Feridas,Plena Noite,Decrescente,Nublado,Dupla,Reta,Não,1256354.0,Automóvel,VW/GOL 1.0 ECOMOTION GIV,2011.0,Passageiro,Lesões Leves,7.0,Feminino,0.0,1.0,0.0,0.0,"-25,47928536","-49,20063218",SPRF-PR,DEL01-PR,UOP07-DEL01-PR
706906.0,1574631.0,24/07/2025,quinta-feira,15:00:00,PR,376.0,226,APUCARANA,Sim,Velocidade Incompatível,2.0,Colisão com objeto,Com Vítimas Feridas,Pleno dia,Decrescente,Nublado,Dupla,Curva,Não,1256549.0,Automóvel,I/FORD FOCUS TI AT 2.0SC,2016.0,Passageiro,Lesões Leves,13.0,Feminino,0.0,1.0,0.0,0.0,"-23,5854","-51,569975",SPRF-PR,DEL07-PR,UOP03-DEL07-PR
706906.0,1574631.0,24/07/2025,quinta-feira,15:00:00,PR,376.0,226,APUCARANA,Sim,Velocidade Incompatível,1.0,Colisão lateral mesmo sentido,Com Vítimas Feridas,Pleno dia,Decrescente,Nublado,Dupla,Curva,Não,1256549.0,Automóvel,I/FORD FOCUS TI AT 2.0SC,2016.0,Passageiro,Lesões Leves,13.0,Feminino,0.0,1.0,0.0,0.0,"-23,5854","-51,569975",SPRF-PR,DEL07-PR,UOP03-DEL07-PR
706974.0,1577451.0,24/07/2025,quinta-feira,20:05:00,PR,277.0,292,PRUDENTOPOLIS,Não,Reação tardia ou ineficiente do condutor,1.0,Saída de leito carroçável,Com Vítimas Feridas,Plena Noite,Crescente,Garoa/Chuvisco,Simples,Reta,Não,1256718.0,Ônibus,VW/MASCA ROMA 350R O,2014.0,Passageiro,Ileso,13.0,Masculino,1.0,0.0,0.0,0.0,"-25,318052","-51,026983",SPRF-PR,DEL08-PR,UOP02-DEL08-PR
706974.0,1574837.0,24/07/2025,quinta-feira,20:05:00,PR,277.0,292,PRUDENTOPOLIS,Não,Reação tardia ou ineficiente do condutor,1.0,Saída de leito carroçável,Com Vítimas Feridas,Plena Noite,Crescente,Garoa/Chuvisco,Simples,Reta,Não,1256718.0,Ônibus,VW/MASCA ROMA 350R O,2014.0,Passageiro,Ileso,3.0,Feminino,1.0,0.0,0.0,0.0,"-25,318052","-51,026983",SPRF-PR,DEL08-PR,UOP02-DEL08-PR
706974.0,1577451.0,24/07/2025,quinta-feira,20:05:00,PR,277.0,292,PRUDENTOPOLIS,Sim,Acessar a via sem observar a presença dos outros veículos,1.0,Saída de leito carroçável,Com Vítimas Feridas,Plena Noite,Crescente,Garoa/Chuvisco,Simples,Reta,Não,1256718.0,Ônibus,VW/MASCA ROMA 350R O,2014.0,Passageiro,Ileso,13.0,Masculino,1.0,0.0,0.0,0.0,"-25,318052","-51,026983",SPRF-PR,DEL08-PR,UOP02-DEL08-PR
706974.0,1574837.0,24/07/2025,quinta-feira,20:05:00,PR,277.0,292,PRUDENTOPOLIS,Sim,Acessar a via sem observar a presença dos outros veículos,1.0,Saída de leito carroçável,Com Vítimas Feridas,Plena Noite,Crescente,Garoa/Chuvisco,Simples,Reta,Não,1256718.0,Ônibus,VW/MASCA ROMA 350R O,2014.0,Passageiro,Ileso,3.0,Feminino,1.0,0.0,0.0,0.0,"-25,318052","-51,026983",SPRF-PR,DEL08-PR,UOP02-DEL08-PR
707036.0,1575441.0,25/07/2025,sexta-feira,07:15:00,PR,369.0,198,APUCARANA,Não,Velocidade Incompatível,2.0,Queda de ocupante de veículo,Com Vítimas Feridas,Pleno dia,Crescente,Céu Claro,Dupla,Declive;Reta,Sim,1256830.0,Automóvel,VW/GOL PLUS MI,1996.0,Passageiro,Ileso,15.0,Masculino,1.0,0.0,0.0,0.0,"-23,52234252","-51,44053102",SPRF-PR,DEL07-PR,UOP03-DEL07-PR
707036.0,1575441.0,25/07/2025,sexta-feira,07:15:00,PR,369.0,198,APUCARANA,Não,Velocidade Incompatível,1.0,Colisão traseira,Com Vítimas Feridas,Pleno dia,Crescente,Céu Claro,Dupla,Declive;Reta,Sim,1256830.0,Automóvel,VW/GOL PLUS MI,1996.0,Passageiro,Ileso,15.0,Masculino,1.0,0.0,0.0,0.0,"-23,52234252","-51,44053102",SPRF-PR,DEL07-PR,UOP03-DEL07-PR
707036.0,1575441.0,25/07/2025,sexta-feira,07:15:00,PR,369.0,198,APUCARANA,Sim,Reação tardia ou ineficiente do condutor,2.0,Queda de ocupante de veículo,Com Vítimas Feridas,Pleno dia,Crescente,Céu Claro,Dupla,Declive;Reta,Sim,1256830.0,Automóvel,VW/GOL PLUS MI,1996.0,Passageiro,Ileso,15.0,Masculino,1.0,0.0,0.0,0.0,"-23,52234252","-51,44053102",SPRF-PR,DEL07-PR,UOP03-DEL07-PR
707036.0,1575441.0,25/07/2025,sexta-feira,07:15:00,PR,369.0,198,APUCARANA,Sim,Reação tardia ou ineficiente do condutor,1.0,Colisão traseira,Com Vítimas Feridas,Pleno dia,Crescente,Céu Claro,Dupla,Declive;Reta,Sim,1256830.0,Automóvel,VW/GOL PLUS MI,1996.0,Passageiro,Ileso,15.0,Masculino,1.0,0.0,0.0,0.0,"-23,52234252","-51,44053102",SPRF-PR,DEL07-PR,UOP03-DEL07-PR
707052.0,1574990.0,25/07/2025,sexta-feira,09:20:00,PR,277.0,724,FOZ DO IGUACU,Não,Ausência de reação do condutor,1.0,Colisão lateral mesmo sentido,Com Vítimas Feridas,Pleno dia,Crescente,Céu Claro,Dupla,Reta;Interseção de Vias,Sim,1256835.0,Automóvel,FORD/FIESTA SEDAN1.6FLEX,2011.0,Passageiro,Ileso,12.0,Feminino,1.0,0.0,0.0,0.0,"-25,5050442","-54,54318593",SPRF-PR,DEL05-PR,UOP03-DEL05-PR
707052.0,1574990.0,25/07/2025,sexta-feira,09:20:00,PR,277.0,724,FOZ DO IGUACU,Sim,Acessar a via sem observar a presença dos outros veículos,1.0,Colisão lateral mesmo sentido,Com Vítimas Feridas,Pleno dia,Crescente,Céu Claro,Dupla,Reta;Interseção de Vias,Sim,1256835.0,Automóvel,FORD/FIESTA SEDAN1.6FLEX,2011.0,Passageiro,Ileso,12.0,Feminino,1.0,0.0,0.0,0.0,"-25,5050442","-54,54318593",SPRF-PR,DEL05-PR,UOP03-DEL05-PR
707455.0,1577990.0,26/07/2025,sábado,20:40:00,PR,163.0,"13,7",BARRACAO,Não,Reação tardia ou ineficiente do condutor,2.0,Saída de leito carroçável,Com Vítimas Feridas,Plena Noite,Decrescente,Céu Claro,Simples,Declive;Curva,Não,1257704.0,Automóvel,VW/VIRTUS CL AD,2019.0,Passageiro,Lesões Leves,3.0,Masculino,0.0,1.0,0.0,0.0,"-26,2194667","-53,63907191",SPRF-PR,DEL02-PR,UOP02-DEL02-PR
707455.0,1577990.0,26/07/2025,sábado,20:40:00,PR,163.0,"13,7",BARRACAO,Não,Reação tardia ou ineficiente do condutor,1.0,Colisão frontal,Com Vítimas Feridas,Plena Noite,Decrescente,Céu Claro,Simples,Declive;Curva,Não,1257704.0,Automóvel,VW/VIRTUS CL AD,2019.0,Passageiro,Lesões Leves,3.0,Masculino,0.0,1.0,0.0,0.0,"-26,2194667","-53,63907191",SPRF-PR,DEL02-PR,UOP02-DEL02-PR
707455.0,1577990.0,26/07/2025,sábado,20:40:00,PR,163.0,"13,7",BARRACAO,Sim,Ausência de reação do condutor,2.0,Saída de leito carroçável,Com Vítimas Feridas,Plena Noite,Decrescente,Céu Claro,Simples,Declive;Curva,Não,1257704.0,Automóvel,VW/VIRTUS CL AD,2019.0,Passageiro,Lesões Leves,3.0,Masculino,0.0,1.0,0.0,0.0,"-26,2194667","-53,63907191",SPRF-PR,DEL02-PR,UOP02-DEL02-PR
707455.0,1577990.0,26/07/2025,sábado,20:40:00,PR,163.0,"13,7",BARRACAO,Sim,Ausência de reação do condutor,1.0,Colisão frontal,Com Vítimas Feridas,Plena Noite,Decrescente,Céu Claro,Simples,Declive;Curva,Não,1257704.0,Automóvel,VW/VIRTUS CL AD,2019.0,Passageiro,Lesões Leves,3.0,Masculino,0.0,1.0,0.0,0.0,"-26,2194667","-53,63907191",SPRF-PR,DEL02-PR,UOP02-DEL02-PR
707463.0,1576038.0,26/07/2025,sábado,21:40:00,PR,369.0,"505,7",CASCAVEL,Não,Reação tardia ou ineficiente do condutor,2.0,Saída de leito carroçável,Com Vítimas Feridas,Plena Noite,Decrescente,Céu Claro,Simples,Reta,Sim,1257595.0,Automóvel,HONDA/FIT EX FLEX,2009.0,Passageiro,Lesões Leves,6.0,Masculino,0.0,1.0,0.0,0.0,"-24,94606348","-53,39821097",SPRF-PR,DEL04-PR,UOP01-DEL04-PR
707463.0,1576038.0,26/07/2025,sábado,21:40:00,PR,369.0,"505,7",CASCAVEL,Não,Reação tardia ou ineficiente do condutor,1.0,Colisão transversal,Com Vítimas Feridas,Plena Noite,Decrescente,Céu Claro,Simples,Reta,Sim,1257595.0,Automóvel,HONDA/FIT EX FLEX,2009.0,Passageiro,Lesões Leves,6.0,Masculino,0.0,1.0,0.0,0.0,"-24,94606348","-53,39821097",SPRF-PR,DEL04-PR,UOP01-DEL04-PR