id,pesid,data_inversa,dia_semana,horario,uf,br,km,municipio,causa_principal,causa_acidente,ordem_tipo_acidente,tipo_acidente,classificacao_acidente,fase_dia,sentido_via,condicao_metereologica,tipo_pista,tracado_via,uso_solo,id_veiculo,tipo_veiculo,marca,ano_fabricacao_veiculo,tipo_envolvido,estado_fisico,idade,sexo,ilesos,feridos_leves,feridos_graves,mortos,latitude,longitude,regional,delegacia,uop
707463.0,1576038.0,26/07/2025,sábado,21:40:00,PR,369.0,"505,7",CASCAVEL,Não,Ausência de reação do condutor,2.0,Saída de leito carroçável,Com Vítimas Feridas,Plena Noite,Decrescente,Céu Claro,Simples,Reta,Sim,1257595.0,Automóvel,HONDA/FIT EX FLEX,2009.0,Passageiro,Lesões Leves,6.0,Masculino,0.0,1.0,0.0,0.0,"-24,94606348","-53,39821097",SPRF-PR,DEL04-PR,UOP01-DEL04-PR
707463.0,1576038.0,26/07/2025,sábado,21:40:00,PR,369.0,"505,7",CASCAVEL,Não,Ausência de reação do condutor,1.0,Colisão transversal,Com Vítimas Feridas,Plena Noite,Decrescente,Céu Claro,Simples,Reta,Sim,1257595.0,Automóvel,HONDA/FIT EX FLEX,2009.0,Passageiro,Lesões Leves,6.0,Masculino,0.0,1.0,0.0,0.0,"-24,94606348","-53,39821097",SPRF-PR,DEL04-PR,UOP01-DEL04-PR
707463.0,1576038.0,26/07/2025,sábado,21:40:00,PR,369.0,"505,7",CASCAVEL,Não,Acessar a via sem observar a presença dos outros veículos,2.0,Saída de leito carroçável,Com Vítimas Feridas,Plena Noite,Decrescente,Céu Claro,Simples,Reta,Sim,1257595.0,Automóvel,HONDA/FIT EX FLEX,2009.0,Passageiro,Lesões Leves,6.0,Masculino,0.0,1.0,0.0,0.0,"-24,94606348","-53,39821097",SPRF-PR,DEL04-PR,UOP01-DEL04-PR
707463.0,1576038.0,26/07/2025,sábado,21:40:00,PR,369.0,"505,7",CASCAVEL,Não,Acessar a via sem observar a presença dos outros veículos,1.0,Colisão transversal,Com Vítimas Feridas,Plena Noite,Decrescente,Céu Claro,Simples,Reta,Sim,1257595.0,Automóvel,HONDA/FIT EX FLEX,2009.0,Passageiro,Lesões Leves,6.0,Masculino,0.0,1.0,0.0,0.0,"-24,94606348","-53,39821097",SPRF-PR,DEL04-PR,UOP01-DEL04-PR
707463.0,1576038.0,26/07/2025,sábado,21:40:00,PR,369.0,"505,7",CASCAVEL,Sim,Ingestão de álcool pelo condutor,2.0,Saída de leito carroçável,Com Vítimas Feridas,Plena Noite,Decrescente,Céu Claro,Simples,Reta,Sim,1257595.0,Automóvel,HONDA/FIT EX FLEX,2009.0,Passageiro,Lesões Leves,6.0,Masculino,0.0,1.0,0.0,0.0,"-24,94606348","-53,39821097",SPRF-PR,DEL04-PR,UOP01-DEL04-PR
707463.0,1576038.0,26/07/2025,sábado,21:40:00,PR,369.0,"505,7",CASCAVEL,Sim,Ingestão de álcool pelo condutor,1.0,Colisão transversal,Com Vítimas Feridas,Plena Noite,Decrescente,Céu Claro,Simples,Reta,Sim,1257595.0,Automóvel,HONDA/FIT EX FLEX,2009.0,Passageiro,Lesões Leves,6.0,Masculino,0.0,1.0,0.0,0.0,"-24,94606348","-53,39821097",SPRF-PR,DEL04-PR,UOP01-DEL04-PR
707601.0,1576363.0,27/07/2025,domingo,15:30:00,PR,277.0,144,BALSA NOVA,Sim,Reação tardia ou ineficiente do condutor,1.0,Colisão traseira,Sem Vítimas,Pleno dia,Decrescente,Céu Claro,Dupla,Reta,Não,1257849.0,Automóvel,RENAULT/KWID INTENS 10MT,2019.0,Passageiro,Ileso,7.0,Feminino,1.0,0.0,0.0,0.0,"-25,47153104","-49,69227187",SPRF-PR,DEL03-PR,UOP03-DEL03-PR
707623.0,1576451.0,27/07/2025,domingo,16:30:00,PR,277.0,"288,7",PRUDENTOPOLIS,Não,Reação tardia ou ineficiente do condutor,1.0,Colisão traseira,Sem Vítimas,Pleno dia,Decrescente,Céu Claro,Simples,Reta,Não,1257913.0,Utilitário,TOYOTA/CCROSS XR 20,2025.0,Passageiro,Ileso,12.0,Feminino,1.0,0.0,0.0,0.0,"-25,317857","-50,995319",SPRF-PR,DEL08-PR,UOP02-DEL08-PR
707623.0,1576451.0,27/07/2025,domingo,16:30:00,PR,277.0,"288,7",PRUDENTOPOLIS,Sim,Condutor deixou de manter distância do veículo da frente,1.0,Colisão traseira,Sem Vítimas,Pleno dia,Decrescente,Céu Claro,Simples,Reta,Não,1257913.0,Utilitário,TOYOTA/CCROSS XR 20,2025.0,Passageiro,Ileso,12.0,Feminino,1.0,0.0,0.0,0.0,"-25,317857","-50,995319",SPRF-PR,DEL08-PR,UOP02-DEL08-PR
707634.0,1576420.0,27/07/2025,domingo,16:35:00,PR,163.0,219,CASCAVEL,Não,Chuva,2.0,Colisão com objeto,Com Vítimas Feridas,Pleno dia,Decrescente,Chuva,Dupla,Curva,Não,1257890.0,Automóvel,VW/PARATI FUN,2001.0,Passageiro,Lesões Leves,12.0,Feminino,0.0,1.0,0.0,0.0,"-24,8620357","-53,5846839",SPRF-PR,DEL04-PR,UOP01-DEL04-PR
707634.0,1576420.0,27/07/2025,domingo,16:35:00,PR,163.0,219,CASCAVEL,Não,Chuva,1.0,Saída de leito carroçável,Com Vítimas Feridas,Pleno dia,Decrescente,Chuva,Dupla,Curva,Não,1257890.0,Automóvel,VW/PARATI FUN,2001.0,Passageiro,Lesões Leves,12.0,Feminino,0.0,1.0,0.0,0.0,"-24,8620357","-53,5846839",SPRF-PR,DEL04-PR,UOP01-DEL04-PR
707634.0,1576420.0,27/07/2025,domingo,16:35:00,PR,163.0,219,CASCAVEL,Sim,Ingestão de álcool pelo condutor,2.0,Colisão com objeto,Com Vítimas Feridas,Pleno dia,Decrescente,Chuva,Dupla,Curva,Não,1257890.0,Automóvel,VW/PARATI FUN,2001.0,Passageiro,Lesões Leves,12.0,Feminino,0.0,1.0,0.0,0.0,"-24,8620357","-53,5846839",SPRF-PR,DEL04-PR,UOP01-DEL04-PR
707634.0,1576420.0,27/07/2025,domingo,16:35:00,PR,163.0,219,CASCAVEL,Sim,Ingestão de álcool pelo condutor,1.0,Saída de leito carroçável,Com Vítimas Feridas,Pleno dia,Decrescente,Chuva,Dupla,Curva,Não,1257890.0,Automóvel,VW/PARATI FUN,2001.0,Passageiro,Lesões Leves,12.0,Feminino,0.0,1.0,0.0,0.0,"-24,8620357","-53,5846839",SPRF-PR,DEL04-PR,UOP01-DEL04-PR
707652.0,1576495.0,27/07/2025,domingo,18:10:00,PR,369.0,188,ARAPONGAS,Sim,Reação tardia ou ineficiente do condutor,1.0,Colisão traseira,Com Vítimas Feridas,Anoitecer,Crescente,Céu Claro,Simples,Reta;Interseção de Vias,Sim,1257918.0,Caminhonete,FIAT/FIORINO IE,1996.0,Passageiro,Lesões Leves,10.0,Feminino,0.0,1.0,0.0,0.0,"-23,433329","-51,4227312",SPRF-PR,DEL07-PR,UOP03-DEL07-PR
707652.0,1576494.0,27/07/2025,domingo,18:10:00,PR,369.0,188,ARAPONGAS,Sim,Reação tardia ou ineficiente do condutor,1.0,Colisão traseira,Com Vítimas Feridas,Anoitecer,Crescente,Céu Claro,Simples,Reta;Interseção de Vias,Sim,1257918.0,Caminhonete,FIAT/FIORINO IE,1996.0,Passageiro,Lesões Leves,6.0,Feminino,0.0,1.0,0.0,0.0,"-23,433329","-51,4227312",SPRF-PR,DEL07-PR,UOP03-DEL07-PR
707652.0,1576493.0,27/07/2025,domingo,18:10:00,PR,369.0,188,ARAPONGAS,Sim,Reação tardia ou ineficiente do condutor,1.0,Colisão traseira,Com Vítimas Feridas,Anoitecer,Crescente,Céu Claro,Simples,Reta;Interseção de Vias,Sim,1257918.0,Caminhonete,FIAT/FIORINO IE,1996.0,Passageiro,Lesões Leves,7.0,Feminino,0.0,1.0,0.0,0.0,"-23,433329","-51,4227312",SPRF-PR,DEL07-PR,UOP03-DEL07-PR
707714.0,1576651.0,27/07/2025,domingo,21:15:00,PR,369.0,57,BANDEIRANTES,Não,Transitar na contramão,1.0,Colisão frontal,Com Vítimas Feridas,Plena Noite,Crescente,Nublado,Simples,Reta,Sim,1258014.0,Automóvel,FIAT/PALIO ELX,2001.0,Passageiro,Lesões Leves,16.0,Feminino,0.0,1.0,0.0,0.0,"-23,121309","-50,379375",SPRF-PR,DEL07-PR,UOP05-DEL07-PR
707714.0,1576651.0,27/07/2025,domingo,21:15:00,PR,369.0,57,BANDEIRANTES,Sim,Ingestão de álcool pelo condutor,1.0,Colisão frontal,Com Vítimas Feridas,Plena Noite,Crescente,Nublado,Simples,Reta,Sim,1258014.0,Automóvel,FIAT/PALIO ELX,2001.0,Passageiro,Lesões Leves,16.0,Feminino,0.0,1.0,0.0,0.0,"-23,121309","-50,379375",SPRF-PR,DEL07-PR,UOP05-DEL07-PR
707746.0,1576855.0,28/07/2025,segunda-feira,05:40:00,PR,369.0,481,CORBELIA,Não,Iluminação deficiente,3.0,Colisão com objeto,Com Vítimas Fatais,Plena Noite,Decrescente,Nublado,Simples,Reta;Aclive,Não,1258151.0,Automóvel,I/CITROEN C4 16GLX5P F,2011.0,Passageiro,Óbito,7.0,Masculino,0.0,0.0,0.0,1.0,"-24,76323549","-53,29366419",SPRF-PR,DEL04-PR,UOP03-DEL04-PR
707746.0,1576856.0,28/07/2025,segunda-feira,05:40:00,PR,369.0,481,CORBELIA,Não,Iluminação deficiente,3.0,Colisão com objeto,Com Vítimas Fatais,Plena Noite,Decrescente,Nublado,Simples,Reta;Aclive,Não,1258151.0,Automóvel,I/CITROEN C4 16GLX5P F,2011.0,Passageiro,Óbito,2.0,Feminino,0.0,0.0,0.0,1.0,"-24,76323549","-53,29366419",SPRF-PR,DEL04-PR,UOP03-DEL04-PR
707746.0,1576857.0,28/07/2025,segunda-feira,05:40:00,PR,369.0,481,CORBELIA,Não,Iluminação deficiente,3.0,Colisão com objeto,Com Vítimas Fatais,Plena Noite,Decrescente,Nublado,Simples,Reta;Aclive,Não,1258151.0,Automóvel,I/CITROEN C4 16GLX5P F,2011.0,Passageiro,Lesões Graves,5.0,Masculino,0.0,0.0,1.0,0.0,"-24,76323549","-53,29366419",SPRF-PR,DEL04-PR,UOP03-DEL04-PR
707746.0,1576855.0,28/07/2025,segunda-feira,05:40:00,PR,369.0,481,CORBELIA,Não,Iluminação deficiente,2.0,Colisão com objeto,Com Vítimas Fatais,Plena Noite,Decrescente,Nublado,Simples,Reta;Aclive,Não,1258151.0,Automóvel,I/CITROEN C4 16GLX5P F,2011.0,Passageiro,Óbito,7.0,Masculino,0.0,0.0,0.0,1.0,"-24,76323549","-53,29366419",SPRF-PR,DEL04-PR,UOP03-DEL04-PR
707746.0,1576856.0,28/07/2025,segunda-feira,05:40:00,PR,369.0,481,CORBELIA,Não,Iluminação deficiente,2.0,Colisão com objeto,Com Vítimas Fatais,Plena Noite,Decrescente,Nublado,Simples,Reta;Aclive,Não,1258151.0,Automóvel,I/CITROEN C4 16GLX5P F,2011.0,Passageiro,Óbito,2.0,Feminino,0.0,0.0,0.0,1.0,"-24,76323549","-53,29366419",SPRF-PR,DEL04-PR,UOP03-DEL04-PR
707746.0,1576857.0,28/07/2025,segunda-feira,05:40:00,PR,369.0,481,CORBELIA,Não,Iluminação deficiente,2.0,Colisão com objeto,Com Vítimas Fatais,Plena Noite,Decrescente,Nublado,Simples,Reta;Aclive,Não,1258151.0,Automóvel,I/CITROEN C4 16GLX5P F,2011.0,Passageiro,Lesões Graves,5.0,Masculino,0.0,0.0,1.0,0.0,"-24,76323549","-53,29366419",SPRF-PR,DEL04-PR,UOP03-DEL04-PR
707746.0,1576855.0,28/07/2025,segunda-feira,05:40:00,PR,369.0,481,CORBELIA,Não,Iluminação deficiente,1.0,Colisão frontal,Com Vítimas Fatais,Plena Noite,Decrescente,Nublado,Simples,Reta;Aclive,Não,1258151.0,Automóvel,I/CITROEN C4 16GLX5P F,2011.0,Passageiro,Óbito,7.0,Masculino,0.0,0.0,0.0,1.0,"-24,76323549","-53,29366419",SPRF-PR,DEL04-PR,UOP03-DEL04-PR
707746.0,1576856.0,28/07/2025,segunda-feira,05:40:00,PR,369.0,481,CORBELIA,Não,Iluminação deficiente,1.0,Colisão frontal,Com Vítimas Fatais,Plena Noite,Decrescente,Nublado,Simples,Reta;Aclive,Não,1258151.0,Automóvel,I/CITROEN C4 16GLX5P F,2011.0,Passageiro,Óbito,2.0,Feminino,0.0,0.0,0.0,1.0,"-24,76323549","-53,29366419",SPRF-PR,DEL04-PR,UOP03-DEL04-PR
707746.0,1576857.0,28/07/2025,segunda-feira,05:40:00,PR,369.0,481,CORBELIA,Não,Iluminação deficiente,1.0,Colisão frontal,Com Vítimas Fatais,Plena Noite,Decrescente,Nublado,Simples,Reta;Aclive,Não,1258151.0,Automóvel,I/CITROEN C4 16GLX5P F,2011.0,Passageiro,Lesões Graves,5.0,Masculino,0.0,0.0,1.0,0.0,"-24,76323549","-53,29366419",SPRF-PR,DEL04-PR,UOP03-DEL04-PR
707746.0,1576855.0,28/07/2025,segunda-feira,05:40:00,PR,369.0,481,CORBELIA,Não,Manobra de mudança de faixa,3.0,Colisão com objeto,Com Vítimas Fatais,Plena Noite,Decrescente,Nublado,Simples,Reta;Aclive,Não,1258151.0,Automóvel,I/CITROEN C4 16GLX5P F,2011.0,Passageiro,Óbito,7.0,Masculino,0.0,0.0,0.0,1.0,"-24,76323549","-53,29366419",SPRF-PR,DEL04-PR,UOP03-DEL04-PR
707746.0,1576856.0,28/07/2025,segunda-feira,05:40:00,PR,369.0,481,CORBELIA,Não,Manobra de mudança de faixa,3.0,Colisão com objeto,Com Vítimas Fatais,Plena Noite,Decrescente,Nublado,Simples,Reta;Aclive,Não,1258151.0,Automóvel,I/CITROEN C4 16GLX5P F,2011.0,Passageiro,Óbito,2.0,Feminino,0.0,0.0,0.0,1.0,"-24,76323549","-53,29366419",SPRF-PR,DEL04-PR,UOP03-DEL04-PR
707746.0,1576857.0,28/07/2025,segunda-feira,05:40:00,PR,369.0,481,CORBELIA,Não,Manobra de mudança de faixa,3.0,Colisão com objeto,Com Vítimas Fatais,Plena Noite,Decrescente,Nublado,Simples,Reta;Aclive,Não,1258151.0,Automóvel,I/CITROEN C4 16GLX5P F,2011.0,Passageiro,Lesões Graves,5.0,Masculino,0.0,0.0,1.0,0.0,"-24,76323549","-53,29366419",SPRF-PR,DEL04-PR,UOP03-DEL04-PR
707746.0,1576855.0,28/07/2025,segunda-feira,05:40:00,PR,369.0,481,CORBELIA,Não,Manobra de mudança de faixa,2.0,Colisão com objeto,Com Vítimas Fatais,Plena Noite,Decrescente,Nublado,Simples,Reta;Aclive,Não,1258151.0,Automóvel,I/CITROEN C4 16GLX5P F,2011.0,Passageiro,Óbito,7.0,Masculino,0.0,0.0,0.0,1.0,"-24,76323549","-53,29366419",SPRF-PR,DEL04-PR,UOP03-DEL04-PR
707746.0,1576856.0,28/07/2025,segunda-feira,05:40:00,PR,369.0,481,CORBELIA,Não,Manobra de mudança de faixa,2.0,Colisão com objeto,Com Vítimas Fatais,Plena Noite,Decrescente,Nublado,Simples,Reta;Aclive,Não,1258151.0,Automóvel,I/CITROEN C4 16GLX5P F,2011.0,Passageiro,Óbito,2.0,Feminino,0.0,0.0,0.0,1.0,"-24,76323549","-53,29366419",SPRF-PR,DEL04-PR,UOP03-DEL04-PR
707746.0,1576857.0,28/07/2025,segunda-feira,05:40:00,PR,369.0,481,CORBELIA,Não,Manobra de mudança de faixa,2.0,Colisão com objeto,Com Vítimas Fatais,Plena Noite,Decrescente,Nublado,Simples,Reta;Aclive,Não,1258151.0,Automóvel,I/CITROEN C4 16GLX5P F,2011.0,Passageiro,Lesões Graves,5.0,Masculino,0.0,0.0,1.0,0.0,"-24,76323549","-53,29366419",SPRF-PR,DEL04-PR,UOP03-DEL04-PR
707746.0,1576855.0,28/07/2025,segunda-feira,05:40:00,PR,369.0,481,CORBELIA,Não,Manobra de mudança de faixa,1.0,Colisão frontal,Com Vítimas Fatais,Plena Noite,Decrescente,Nublado,Simples,Reta;Aclive,Não,1258151.0,Automóvel,I/CITROEN C4 16GLX5P F,2011.0,Passageiro,Óbito,7.0,Masculino,0.0,0.0,0.0,1.0,"-24,76323549","-53,29366419",SPRF-PR,DEL04-PR,UOP03-DEL04-PR
707746.0,1576856.0,28/07/2025,segunda-feira,05:40:00,PR,369.0,481,CORBELIA,Não,Manobra de mudança de faixa,1.0,Colisão frontal,Com Vítimas Fatais,Plena Noite,Decrescente,Nublado,Simples,Reta;Aclive,Não,1258151.0,Automóvel,I/CITROEN C4 16GLX5P F,2011.0,Passageiro,Óbito,2.0,Feminino,0.0,0.0,0.0,1.0,"-24,76323549","-53,29366419",SPRF-PR,DEL04-PR,UOP03-DEL04-PR
707746.0,1576857.0,28/07/2025,segunda-feira,05:40:00,PR,369.0,481,CORBELIA,Não,Manobra de mudança de faixa,1.0,Colisão frontal,Com Vítimas Fatais,Plena Noite,Decrescente,Nublado,Simples,Reta;Aclive,Não,1258151.0,Automóvel,I/CITROEN C4 16GLX5P F,2011.0,Passageiro,Lesões Graves,5.0,Masculino,0.0,0.0,1.0,0.0,"-24,76323549","-53,29366419",SPRF-PR,DEL04-PR,UOP03-DEL04-PR
707746.0,1576855.0,28/07/2025,segunda-feira,05:40:00,PR,369.0,481,CORBELIA,Sim,Transitar na contramão,3.0,Colisão com objeto,Com Vítimas Fatais,Plena Noite,Decrescente,Nublado,Simples,Reta;Aclive,Não,1258151.0,Automóvel,I/CITROEN C4 16GLX5P F,2011.0,Passageiro,Óbito,7.0,Masculino,0.0,0.0,0.0,1.0,"-24,76323549","-53,29366419",SPRF-PR,DEL04-PR,UOP03-DEL04-PR
707746.0,1576856.0,28/07/2025,segunda-feira,05:40:00,PR,369.0,481,CORBELIA,Sim,Transitar na contramão,3.0,Colisão com objeto,Com Vítimas Fatais,Plena Noite,Decrescente,Nublado,Simples,Reta;Aclive,Não,1258151.0,Automóvel,I/CITROEN C4 16GLX5P F,2011.0,Passageiro,Óbito,2.0,Feminino,0.0,0.0,0.0,1.0,"-24,76323549","-53,29366419",SPRF-PR,DEL04-PR,UOP03-DEL04-PR
707746.0,1576857.0,28/07/2025,segunda-feira,05:40:00,PR,369.0,481,CORBELIA,Sim,Transitar na contramão,3.0,Colisão com objeto,Com Vítimas Fatais,Plena Noite,Decrescente,Nublado,Simples,Reta;Aclive,Não,1258151.0,Automóvel,I/CITROEN C4 16GLX5P F,2011.0,Passageiro,Lesões Graves,5.0,Masculino,0.0,0.0,1.0,0.0,"-24,76323549","-53,29366419",SPRF-PR,DEL04-PR,UOP03-DEL04-PR
707746.0,1576855.0,28/07/2025,segunda-feira,05:40:00,PR,369.0,481,CORBELIA,Sim,Transitar na contramão,2.0,Colisão com objeto,Com Vítimas Fatais,Plena Noite,Decrescente,Nublado,Simples,Reta;Aclive,Não,1258151.0,Automóvel,I/CITROEN C4 16GLX5P F,2011.0,Passageiro,Óbito,7.0,Masculino,0.0,0.0,0.0,1.0,"-24,76323549","-53,29366419",SPRF-PR,DEL04-PR,UOP03-DEL04-PR
707746.0,1576856.0,28/07/2025,segunda-feira,05:40:00,PR,369.0,481,CORBELIA,Sim,Transitar na contramão,2.0,Colisão com objeto,Com Vítimas Fatais,Plena Noite,Decrescente,Nublado,Simples,Reta;Aclive,Não,1258151.0,Automóvel,I/CITROEN C4 16GLX5P F,2011.0,Passageiro,Óbito,2.0,Feminino,0.0,0.0,0.0,1.0,"-24,76323549","-53,29366419",SPRF-PR,DEL04-PR,UOP03-DEL04-PR
707746.0,1576857.0,28/07/2025,segunda-feira,05:40:00,PR,369.0,481,CORBELIA,Sim,Transitar na contramão,2.0,Colisão com objeto,Com Vítimas Fatais,Plena Noite,Decrescente,Nublado,Simples,Reta;Aclive,Não,1258151.0,Automóvel,I/CITROEN C4 16GLX5P F,2011.0,Passageiro,Lesões Graves,5.0,Masculino,0.0,0.0,1.0,0.0,"-24,76323549","-53,29366419",SPRF-PR,DEL04-PR,UOP03-DEL04-PR
707746.0,1576855.0,28/07/2025,segunda-feira,05:40:00,PR,369.0,481,CORBELIA,Sim,Transitar na contramão,1.0,Colisão frontal,Com Vítimas Fatais,Plena Noite,Decrescente,Nublado,Simples,Reta;Aclive,Não,1258151.0,Automóvel,I/CITROEN C4 16GLX5P F,2011.0,Passageiro,Óbito,7.0,Masculino,0.0,0.0,0.0,1.0,"-24,76323549","-53,29366419",SPRF-PR,DEL04-PR,UOP03-DEL04-PR
707746.0,1576856.0,28/07/2025,segunda-feira,05:40:00,PR,369.0,481,CORBELIA,Sim,Transitar na contramão,1.0,Colisão frontal,Com Vítimas Fatais,Plena Noite,Decrescente,Nublado,Simples,Reta;Aclive,Não,1258151.0,Automóvel,I/CITROEN C4 16GLX5P F,2011.0,Passageiro,Óbito,2.0,Feminino,0.0,0.0,0.0,1.0,"-24,76323549","-53,29366419",SPRF-PR,DEL04-PR,UOP03-DEL04-PR
707746.0,1576857.0,28/07/2025,segunda-feira,05:40:00,PR,369.0,481,CORBELIA,Sim,Transitar na contramão,1.0,Colisão frontal,Com Vítimas Fatais,Plena Noite,Decrescente,Nublado,Simples,Reta;Aclive,Não,1258151.0,Automóvel,I/CITROEN C4 16GLX5P F,2011.0,Passageiro,Lesões Graves,5.0,Masculino,0.0,0.0,1.0,0.0,"-24,76323549","-53,29366419",SPRF-PR,DEL04-PR,UOP03-DEL04-PR
708081.0,1577776.0,29/07/2025,terça-feira,16:50:00,PR,369.0,163,CAMBE,Sim,Manobra de mudança de faixa,1.0,Colisão lateral mesmo sentido,Com Vítimas Feridas,Pleno dia,Crescente,Céu Claro,Dupla,Declive;Reta,Sim,1258906.0,Automóvel,FIAT/PALIO EX,1999.0,Passageiro,Ileso,0.0,Masculino,1.0,0.0,0.0,0.0,"-23,29743639","-51,31975349",SPRF-PR,DEL07-PR,UOP01-DEL07-PR
708158.0,1577944.0,30/07/2025,quarta-feira,07:30:00,PR,369.0,183,ARAPONGAS,Sim,Acessar a via sem observar a presença dos outros veículos,1.0,Colisão transversal,Com Vítimas Feridas,Pleno dia,Decrescente,Sol,Simples,Reta;Interseção de Vias,Sim,1259002.0,Automóvel,GM/CORSA HATCH PREMIUM,2008.0,Passageiro,Ileso,0.0,Feminino,1.0,0.0,0.0,0.0,"-23,39259744","-51,42290827",SPRF-PR,DEL07-PR,UOP03-DEL07-PR
708255.0,1578076.0,30/07/2025,quarta-feira,17:00:00,PR,277.0,145,BALSA NOVA,Não,Reação tardia ou ineficiente do condutor,1.0,Colisão traseira,Sem Vítimas,Pleno dia,Crescente,Céu Claro,Dupla,Curva;Declive,Não,1259257.0,Ônibus,MARCOPOLO/VOLARE W-L ON,2021.0,Passageiro,Ileso,0.0,Feminino,1.0,0.0,0.0,0.0,"-25,4721809","-49,69639778",SPRF-PR,DEL03-PR,UOP03-DEL03-PR
708255.0,1578069.0,30/07/2025,quarta-feira,17:00:00,PR,277.0,145,BALSA NOVA,Não,Reação tardia ou ineficiente do condutor,1.0,Colisão traseira,Sem Vítimas,Pleno dia,Crescente,Céu Claro,Dupla,Curva;Declive,Não,1259257.0,Ônibus,MARCOPOLO/VOLARE W-L ON,2021.0,Passageiro,Ileso,15.0,Feminino,1.0,0.0,0.0,0.0,"-25,4721809","-49,69639778",SPRF-PR,DEL03-PR,UOP03-DEL03-PR
708255.0,1578078.0,30/07/2025,quarta-feira,17:00:00,PR,277.0,145,BALSA NOVA,Não,Reação tardia ou ineficiente do condutor,1.0,Colisão traseira,Sem Vítimas,Pleno dia,Crescente,Céu Claro,Dupla,Curva;Declive,Não,1259257.0,Ônibus,MARCOPOLO/VOLARE W-L ON,2021.0,Passageiro,Ileso,0.0,Masculino,1.0,0.0,0.0,0.0,"-25,4721809","-49,69639778",SPRF-PR,DEL03-PR,UOP03-DEL03-PR
708255.0,1578077.0,30/07/2025,quarta-feira,17:00:00,PR,277.0,145,BALSA NOVA,Não,Reação tardia ou ineficiente do condutor,1.0,Colisão traseira,Sem Vítimas,Pleno dia,Crescente,Céu Claro,Dupla,Curva;Declive,Não,1259257.0,Ônibus,MARCOPOLO/VOLARE W-L ON,2021.0,Passageiro,Ileso,0.0,Feminino,1.0,0.0,0.0,0.0,"-25,4721809","-49,69639778",SPRF-PR,DEL03-PR,UOP03-DEL03-PR
708255.0,1578076.0,30/07/2025,quarta-feira,17:00:00,PR,277.0,145,BALSA NOVA,Sim,Ausência de reação do condutor,1.0,Colisão traseira,Sem Vítimas,Pleno dia,Crescente,Céu Claro,Dupla,Curva;Declive,Não,1259257.0,Ônibus,MARCOPOLO/VOLARE W-L ON,2021.0,Passageiro,Ileso,0.0,Feminino,1.0,0.0,0.0,0.0,"-25,4721809","-49,69639778",SPRF-PR,DEL03-PR,UOP03-DEL03-PR
708255.0,1578069.0,30/07/2025,quarta-feira,17:00:00,PR,277.0,145,BALSA NOVA,Sim,Ausência de reação do condutor,1.0,Colisão traseira,Sem Vítimas,Pleno dia,Crescente,Céu Claro,Dupla,Curva;Declive,Não,1259257.0,Ônibus,MARCOPOLO/VOLARE W-L ON,2021.0,Passageiro,Ileso,15.0,Feminino,1.0,0.0,0.0,0.0,"-25,4721809","-49,69639778",SPRF-PR,DEL03-PR,UOP03-DEL03-PR
708255.0,1578078.0,30/07/2025,quarta-feira,17:00:00,PR,277.0,145,BALSA NOVA,Sim,Ausência de reação do condutor,1.0,Colisão traseira,Sem Vítimas,Pleno dia,Crescente,Céu Claro,Dupla,Curva;Declive,Não,1259257.0,Ônibus,MARCOPOLO/VOLARE W-L ON,2021.0,Passageiro,Ileso,0.0,Masculino,1.0,0.0,0.0,0.0,"-25,4721809","-49,69639778",SPRF-PR,DEL03-PR,UOP03-DEL03-PR
708255.0,1578077.0,30/07/2025,quarta-feira,17:00:00,PR,277.0,145,BALSA NOVA,Sim,Ausência de reação do condutor,1.0,Colisão traseira,Sem Vítimas,Pleno dia,Crescente,Céu Claro,Dupla,Curva;Declive,Não,1259257.0,Ônibus,MARCOPOLO/VOLARE W-L ON,2021.0,Passageiro,Ileso,0.0,Feminino,1.0,0.0,0.0,0.0,"-25,4721809","-49,69639778",SPRF-PR,DEL03-PR,UOP03-DEL03-PR
708556.0,1580842.0,01/08/2025,sexta-feira,06:00:00,PR,476.0,110,COLOMBO,Não,Ingestão de substâncias psicoativas pelo condutor,1.0,Colisão frontal,Com Vítimas Fatais,Amanhecer,Crescente,Céu Claro,Simples,Reta;Interseção de Vias,Sim,1261339.0,Automóvel,I/GM CLASSIC LIFE,2007.0,Passageiro,Lesões Graves,9.0,Masculino,0.0,0.0,1.0,0.0,"-25,3117789","-49,14537398",SPRF-PR,DEL01-PR,UOP01-DEL01-PR
708556.0,1580842.0,01/08/2025,sexta-feira,06:00:00,PR,476.0,110,COLOMBO,Não,Ingestão de álcool pelo condutor,1.0,Colisão frontal,Com Vítimas Fatais,Amanhecer,Crescente,Céu Claro,Simples,Reta;Interseção de Vias,Sim,1261339.0,Automóvel,I/GM CLASSIC LIFE,2007.0,Passageiro,Lesões Graves,9.0,Masculino,0.0,0.0,1.0,0.0,"-25,3117789","-49,14537398",SPRF-PR,DEL01-PR,UOP01-DEL01-PR