id,pesid,data_inversa,dia_semana,horario,uf,br,km,municipio,causa_principal,causa_acidente,ordem_tipo_acidente,tipo_acidente,classificacao_acidente,fase_dia,sentido_via,condicao_metereologica,tipo_pista,tracado_via,uso_solo,id_veiculo,tipo_veiculo,marca,ano_fabricacao_veiculo,tipo_envolvido,estado_fisico,idade,sexo,ilesos,feridos_leves,feridos_graves,mortos,latitude,longitude,regional,delegacia,uop
708556.0,1580842.0,01/08/2025,sexta-feira,06:00:00,PR,476.0,110,COLOMBO,Sim,Transitar na contramão,1.0,Colisão frontal,Com Vítimas Fatais,Amanhecer,Crescente,Céu Claro,Simples,Reta;Interseção de Vias,Sim,1261339.0,Automóvel,I/GM CLASSIC LIFE,2007.0,Passageiro,Lesões Graves,9.0,Masculino,0.0,0.0,1.0,0.0,"-25,3117789","-49,14537398",SPRF-PR,DEL01-PR,UOP01-DEL01-PR
708962.0,1579842.0,02/08/2025,sábado,21:20:00,PR,369.0,"132,5",IBIPORA,Não,Ingestão de álcool pelo condutor,2.0,Colisão com objeto,Com Vítimas Feridas,Plena Noite,Crescente,Céu Claro,Dupla,Aclive,Sim,1260680.0,Automóvel,FIAT/PALIO FIRE ECONOMY,2010.0,Passageiro,Lesões Leves,9.0,Feminino,0.0,1.0,0.0,0.0,"-23,260158","-51,006953",SPRF-PR,DEL07-PR,UOP01-DEL07-PR
708962.0,1579842.0,02/08/2025,sábado,21:20:00,PR,369.0,"132,5",IBIPORA,Não,Ingestão de álcool pelo condutor,1.0,Saída de leito carroçável,Com Vítimas Feridas,Plena Noite,Crescente,Céu Claro,Dupla,Aclive,Sim,1260680.0,Automóvel,FIAT/PALIO FIRE ECONOMY,2010.0,Passageiro,Lesões Leves,9.0,Feminino,0.0,1.0,0.0,0.0,"-23,260158","-51,006953",SPRF-PR,DEL07-PR,UOP01-DEL07-PR
708962.0,1579842.0,02/08/2025,sábado,21:20:00,PR,369.0,"132,5",IBIPORA,Não,Velocidade Incompatível,2.0,Colisão com objeto,Com Vítimas Feridas,Plena Noite,Crescente,Céu Claro,Dupla,Aclive,Sim,1260680.0,Automóvel,FIAT/PALIO FIRE ECONOMY,2010.0,Passageiro,Lesões Leves,9.0,Feminino,0.0,1.0,0.0,0.0,"-23,260158","-51,006953",SPRF-PR,DEL07-PR,UOP01-DEL07-PR
708962.0,1579842.0,02/08/2025,sábado,21:20:00,PR,369.0,"132,5",IBIPORA,Não,Velocidade Incompatível,1.0,Saída de leito carroçável,Com Vítimas Feridas,Plena Noite,Crescente,Céu Claro,Dupla,Aclive,Sim,1260680.0,Automóvel,FIAT/PALIO FIRE ECONOMY,2010.0,Passageiro,Lesões Leves,9.0,Feminino,0.0,1.0,0.0,0.0,"-23,260158","-51,006953",SPRF-PR,DEL07-PR,UOP01-DEL07-PR
708962.0,1579842.0,02/08/2025,sábado,21:20:00,PR,369.0,"132,5",IBIPORA,Sim,Reação tardia ou ineficiente do condutor,2.0,Colisão com objeto,Com Vítimas Feridas,Plena Noite,Crescente,Céu Claro,Dupla,Aclive,Sim,1260680.0,Automóvel,FIAT/PALIO FIRE ECONOMY,2010.0,Passageiro,Lesões Leves,9.0,Feminino,0.0,1.0,0.0,0.0,"-23,260158","-51,006953",SPRF-PR,DEL07-PR,UOP01-DEL07-PR
708962.0,1579842.0,02/08/2025,sábado,21:20:00,PR,369.0,"132,5",IBIPORA,Sim,Reação tardia ou ineficiente do condutor,1.0,Saída de leito carroçável,Com Vítimas Feridas,Plena Noite,Crescente,Céu Claro,Dupla,Aclive,Sim,1260680.0,Automóvel,FIAT/PALIO FIRE ECONOMY,2010.0,Passageiro,Lesões Leves,9.0,Feminino,0.0,1.0,0.0,0.0,"-23,260158","-51,006953",SPRF-PR,DEL07-PR,UOP01-DEL07-PR
709008.0,1579895.0,02/08/2025,sábado,23:10:00,PR,153.0,335,IRATI,Não,Velocidade Incompatível,3.0,Tombamento,Com Vítimas Feridas,Plena Noite,Decrescente,Nublado,Simples,Reta,Não,1260716.0,Automóvel,FIAT/UNO 1.5 R,1989.0,Passageiro,Ileso,3.0,Feminino,1.0,0.0,0.0,0.0,"-25,49347838","-50,64664006",SPRF-PR,DEL08-PR,UOP02-DEL08-PR
709008.0,1579895.0,02/08/2025,sábado,23:10:00,PR,153.0,335,IRATI,Não,Velocidade Incompatível,2.0,Queda de ocupante de veículo,Com Vítimas Feridas,Plena Noite,Decrescente,Nublado,Simples,Reta,Não,1260716.0,Automóvel,FIAT/UNO 1.5 R,1989.0,Passageiro,Ileso,3.0,Feminino,1.0,0.0,0.0,0.0,"-25,49347838","-50,64664006",SPRF-PR,DEL08-PR,UOP02-DEL08-PR
709008.0,1579895.0,02/08/2025,sábado,23:10:00,PR,153.0,335,IRATI,Não,Velocidade Incompatível,1.0,Colisão lateral mesmo sentido,Com Vítimas Feridas,Plena Noite,Decrescente,Nublado,Simples,Reta,Não,1260716.0,Automóvel,FIAT/UNO 1.5 R,1989.0,Passageiro,Ileso,3.0,Feminino,1.0,0.0,0.0,0.0,"-25,49347838","-50,64664006",SPRF-PR,DEL08-PR,UOP02-DEL08-PR
709008.0,1579895.0,02/08/2025,sábado,23:10:00,PR,153.0,335,IRATI,Não,Ingestão de álcool pelo condutor,3.0,Tombamento,Com Vítimas Feridas,Plena Noite,Decrescente,Nublado,Simples,Reta,Não,1260716.0,Automóvel,FIAT/UNO 1.5 R,1989.0,Passageiro,Ileso,3.0,Feminino,1.0,0.0,0.0,0.0,"-25,49347838","-50,64664006",SPRF-PR,DEL08-PR,UOP02-DEL08-PR
709008.0,1579895.0,02/08/2025,sábado,23:10:00,PR,153.0,335,IRATI,Não,Ingestão de álcool pelo condutor,2.0,Queda de ocupante de veículo,Com Vítimas Feridas,Plena Noite,Decrescente,Nublado,Simples,Reta,Não,1260716.0,Automóvel,FIAT/UNO 1.5 R,1989.0,Passageiro,Ileso,3.0,Feminino,1.0,0.0,0.0,0.0,"-25,49347838","-50,64664006",SPRF-PR,DEL08-PR,UOP02-DEL08-PR
709008.0,1579895.0,02/08/2025,sábado,23:10:00,PR,153.0,335,IRATI,Não,Ingestão de álcool pelo condutor,1.0,Colisão lateral mesmo sentido,Com Vítimas Feridas,Plena Noite,Decrescente,Nublado,Simples,Reta,Não,1260716.0,Automóvel,FIAT/UNO 1.5 R,1989.0,Passageiro,Ileso,3.0,Feminino,1.0,0.0,0.0,0.0,"-25,49347838","-50,64664006",SPRF-PR,DEL08-PR,UOP02-DEL08-PR
709008.0,1579895.0,02/08/2025,sábado,23:10:00,PR,153.0,335,IRATI,Não,Ausência de reação do condutor,3.0,Tombamento,Com Vítimas Feridas,Plena Noite,Decrescente,Nublado,Simples,Reta,Não,1260716.0,Automóvel,FIAT/UNO 1.5 R,1989.0,Passageiro,Ileso,3.0,Feminino,1.0,0.0,0.0,0.0,"-25,49347838","-50,64664006",SPRF-PR,DEL08-PR,UOP02-DEL08-PR
709008.0,1579895.0,02/08/2025,sábado,23:10:00,PR,153.0,335,IRATI,Não,Ausência de reação do condutor,2.0,Queda de ocupante de veículo,Com Vítimas Feridas,Plena Noite,Decrescente,Nublado,Simples,Reta,Não,1260716.0,Automóvel,FIAT/UNO 1.5 R,1989.0,Passageiro,Ileso,3.0,Feminino,1.0,0.0,0.0,0.0,"-25,49347838","-50,64664006",SPRF-PR,DEL08-PR,UOP02-DEL08-PR
709008.0,1579895.0,02/08/2025,sábado,23:10:00,PR,153.0,335,IRATI,Não,Ausência de reação do condutor,1.0,Colisão lateral mesmo sentido,Com Vítimas Feridas,Plena Noite,Decrescente,Nublado,Simples,Reta,Não,1260716.0,Automóvel,FIAT/UNO 1.5 R,1989.0,Passageiro,Ileso,3.0,Feminino,1.0,0.0,0.0,0.0,"-25,49347838","-50,64664006",SPRF-PR,DEL08-PR,UOP02-DEL08-PR
709008.0,1579895.0,02/08/2025,sábado,23:10:00,PR,153.0,335,IRATI,Sim,Ultrapassagem Indevida,3.0,Tombamento,Com Vítimas Feridas,Plena Noite,Decrescente,Nublado,Simples,Reta,Não,1260716.0,Automóvel,FIAT/UNO 1.5 R,1989.0,Passageiro,Ileso,3.0,Feminino,1.0,0.0,0.0,0.0,"-25,49347838","-50,64664006",SPRF-PR,DEL08-PR,UOP02-DEL08-PR
709008.0,1579895.0,02/08/2025,sábado,23:10:00,PR,153.0,335,IRATI,Sim,Ultrapassagem Indevida,2.0,Queda de ocupante de veículo,Com Vítimas Feridas,Plena Noite,Decrescente,Nublado,Simples,Reta,Não,1260716.0,Automóvel,FIAT/UNO 1.5 R,1989.0,Passageiro,Ileso,3.0,Feminino,1.0,0.0,0.0,0.0,"-25,49347838","-50,64664006",SPRF-PR,DEL08-PR,UOP02-DEL08-PR
709008.0,1579895.0,02/08/2025,sábado,23:10:00,PR,153.0,335,IRATI,Sim,Ultrapassagem Indevida,1.0,Colisão lateral mesmo sentido,Com Vítimas Feridas,Plena Noite,Decrescente,Nublado,Simples,Reta,Não,1260716.0,Automóvel,FIAT/UNO 1.5 R,1989.0,Passageiro,Ileso,3.0,Feminino,1.0,0.0,0.0,0.0,"-25,49347838","-50,64664006",SPRF-PR,DEL08-PR,UOP02-DEL08-PR
709190.0,1580488.0,03/08/2025,domingo,17:15:00,PR,376.0,"652,1",TIJUCAS DO SUL,Sim,Reação tardia ou ineficiente do condutor,2.0,Colisão traseira,Com Vítimas Feridas,Pleno dia,Crescente,Garoa/Chuvisco,Dupla,Curva;Declive,Não,1261149.0,Automóvel,VW/FUSCA 1300,1974.0,Passageiro,Lesões Leves,13.0,Feminino,0.0,1.0,0.0,0.0,"-25,845518","-49,061542",SPRF-PR,DEL01-PR,UOP04-DEL01-PR
709190.0,1580486.0,03/08/2025,domingo,17:15:00,PR,376.0,"652,1",TIJUCAS DO SUL,Sim,Reação tardia ou ineficiente do condutor,2.0,Colisão traseira,Com Vítimas Feridas,Pleno dia,Crescente,Garoa/Chuvisco,Dupla,Curva;Declive,Não,1261149.0,Automóvel,VW/FUSCA 1300,1974.0,Passageiro,Lesões Graves,11.0,Feminino,0.0,0.0,1.0,0.0,"-25,845518","-49,061542",SPRF-PR,DEL01-PR,UOP04-DEL01-PR
709190.0,1580488.0,03/08/2025,domingo,17:15:00,PR,376.0,"652,1",TIJUCAS DO SUL,Sim,Reação tardia ou ineficiente do condutor,1.0,Colisão com objeto,Com Vítimas Feridas,Pleno dia,Crescente,Garoa/Chuvisco,Dupla,Curva;Declive,Não,1261149.0,Automóvel,VW/FUSCA 1300,1974.0,Passageiro,Lesões Leves,13.0,Feminino,0.0,1.0,0.0,0.0,"-25,845518","-49,061542",SPRF-PR,DEL01-PR,UOP04-DEL01-PR
709190.0,1580486.0,03/08/2025,domingo,17:15:00,PR,376.0,"652,1",TIJUCAS DO SUL,Sim,Reação tardia ou ineficiente do condutor,1.0,Colisão com objeto,Com Vítimas Feridas,Pleno dia,Crescente,Garoa/Chuvisco,Dupla,Curva;Declive,Não,1261149.0,Automóvel,VW/FUSCA 1300,1974.0,Passageiro,Lesões Graves,11.0,Feminino,0.0,0.0,1.0,0.0,"-25,845518","-49,061542",SPRF-PR,DEL01-PR,UOP04-DEL01-PR
709387.0,1580888.0,04/08/2025,segunda-feira,14:49:00,PR,277.0,"4,3",PARANAGUA,Não,Reação tardia ou ineficiente do condutor,1.0,Atropelamento de Pedestre,Com Vítimas Feridas,Pleno dia,Decrescente,Nublado,Simples,Curva,Não,,,NA/NA,,Pedestre,Lesões Leves,9.0,Masculino,0.0,1.0,0.0,0.0,"-25,5533022","-48,5621251",SPRF-PR,DEL01-PR,UOP05-DEL01-PR
709387.0,1580888.0,04/08/2025,segunda-feira,14:49:00,PR,277.0,"4,3",PARANAGUA,Sim,Entrada inopinada do pedestre,1.0,Atropelamento de Pedestre,Com Vítimas Feridas,Pleno dia,Decrescente,Nublado,Simples,Curva,Não,,,NA/NA,,Pedestre,Lesões Leves,9.0,Masculino,0.0,1.0,0.0,0.0,"-25,5533022","-48,5621251",SPRF-PR,DEL01-PR,UOP05-DEL01-PR
709441.0,1583243.0,04/08/2025,segunda-feira,18:00:00,PR,153.0,"340,5",IRATI,Sim,Ausência de sinalização,1.0,Colisão lateral sentido oposto,Sem Vítimas,Plena Noite,Decrescente,Nublado,Simples,Reta;Aclive;Em Obras,Não,1261522.0,Caminhão,M.BENZ/L 1113,1978.0,Passageiro,Ileso,14.0,Masculino,1.0,0.0,0.0,0.0,"-25,539384","-50,6599",SPRF-PR,DEL08-PR,UOP02-DEL08-PR
709733.0,1581805.0,06/08/2025,quarta-feira,07:41:00,PR,116.0,"22,1",ANTONINA,Não,Avarias e/ou desgaste excessivo no pneu,3.0,Colisão com objeto,Com Vítimas Feridas,Pleno dia,Crescente,Chuva,Dupla,Curva,Não,1262199.0,Automóvel,HYUNDAI/HB20X 1.6A PREMI,2016.0,Passageiro,Ileso,6.0,Masculino,1.0,0.0,0.0,0.0,"-25,111015","-48,751935",SPRF-PR,DEL01-PR,UOP02-DEL01-PR
709733.0,1581805.0,06/08/2025,quarta-feira,07:41:00,PR,116.0,"22,1",ANTONINA,Não,Avarias e/ou desgaste excessivo no pneu,2.0,Capotamento,Com Vítimas Feridas,Pleno dia,Crescente,Chuva,Dupla,Curva,Não,1262199.0,Automóvel,HYUNDAI/HB20X 1.6A PREMI,2016.0,Passageiro,Ileso,6.0,Masculino,1.0,0.0,0.0,0.0,"-25,111015","-48,751935",SPRF-PR,DEL01-PR,UOP02-DEL01-PR
709733.0,1581805.0,06/08/2025,quarta-feira,07:41:00,PR,116.0,"22,1",ANTONINA,Não,Avarias e/ou desgaste excessivo no pneu,1.0,Saída de leito carroçável,Com Vítimas Feridas,Pleno dia,Crescente,Chuva,Dupla,Curva,Não,1262199.0,Automóvel,HYUNDAI/HB20X 1.6A PREMI,2016.0,Passageiro,Ileso,6.0,Masculino,1.0,0.0,0.0,0.0,"-25,111015","-48,751935",SPRF-PR,DEL01-PR,UOP02-DEL01-PR
709733.0,1581805.0,06/08/2025,quarta-feira,07:41:00,PR,116.0,"22,1",ANTONINA,Não,Curva acentuada,3.0,Colisão com objeto,Com Vítimas Feridas,Pleno dia,Crescente,Chuva,Dupla,Curva,Não,1262199.0,Automóvel,HYUNDAI/HB20X 1.6A PREMI,2016.0,Passageiro,Ileso,6.0,Masculino,1.0,0.0,0.0,0.0,"-25,111015","-48,751935",SPRF-PR,DEL01-PR,UOP02-DEL01-PR
709733.0,1581805.0,06/08/2025,quarta-feira,07:41:00,PR,116.0,"22,1",ANTONINA,Não,Curva acentuada,2.0,Capotamento,Com Vítimas Feridas,Pleno dia,Crescente,Chuva,Dupla,Curva,Não,1262199.0,Automóvel,HYUNDAI/HB20X 1.6A PREMI,2016.0,Passageiro,Ileso,6.0,Masculino,1.0,0.0,0.0,0.0,"-25,111015","-48,751935",SPRF-PR,DEL01-PR,UOP02-DEL01-PR
709733.0,1581805.0,06/08/2025,quarta-feira,07:41:00,PR,116.0,"22,1",ANTONINA,Não,Curva acentuada,1.0,Saída de leito carroçável,Com Vítimas Feridas,Pleno dia,Crescente,Chuva,Dupla,Curva,Não,1262199.0,Automóvel,HYUNDAI/HB20X 1.6A PREMI,2016.0,Passageiro,Ileso,6.0,Masculino,1.0,0.0,0.0,0.0,"-25,111015","-48,751935",SPRF-PR,DEL01-PR,UOP02-DEL01-PR
709733.0,1581805.0,06/08/2025,quarta-feira,07:41:00,PR,116.0,"22,1",ANTONINA,Sim,Chuva,3.0,Colisão com objeto,Com Vítimas Feridas,Pleno dia,Crescente,Chuva,Dupla,Curva,Não,1262199.0,Automóvel,HYUNDAI/HB20X 1.6A PREMI,2016.0,Passageiro,Ileso,6.0,Masculino,1.0,0.0,0.0,0.0,"-25,111015","-48,751935",SPRF-PR,DEL01-PR,UOP02-DEL01-PR
709733.0,1581805.0,06/08/2025,quarta-feira,07:41:00,PR,116.0,"22,1",ANTONINA,Sim,Chuva,2.0,Capotamento,Com Vítimas Feridas,Pleno dia,Crescente,Chuva,Dupla,Curva,Não,1262199.0,Automóvel,HYUNDAI/HB20X 1.6A PREMI,2016.0,Passageiro,Ileso,6.0,Masculino,1.0,0.0,0.0,0.0,"-25,111015","-48,751935",SPRF-PR,DEL01-PR,UOP02-DEL01-PR
709733.0,1581805.0,06/08/2025,quarta-feira,07:41:00,PR,116.0,"22,1",ANTONINA,Sim,Chuva,1.0,Saída de leito carroçável,Com Vítimas Feridas,Pleno dia,Crescente,Chuva,Dupla,Curva,Não,1262199.0,Automóvel,HYUNDAI/HB20X 1.6A PREMI,2016.0,Passageiro,Ileso,6.0,Masculino,1.0,0.0,0.0,0.0,"-25,111015","-48,751935",SPRF-PR,DEL01-PR,UOP02-DEL01-PR
709971.0,1584822.0,07/08/2025,quinta-feira,10:20:00,PR,376.0,"187,5",MARIALVA,Não,Velocidade Incompatível,1.0,Colisão traseira,Com Vítimas Feridas,Pleno dia,Decrescente,Céu Claro,Dupla,Reta,Sim,1262811.0,Caminhão-trator,IMP/SCANIA K124IB6X2 420,2009.0,Condutor,Ileso,3.0,Masculino,1.0,0.0,0.0,0.0,"-23,4599144","-51,83923451",SPRF-PR,DEL09-PR,UOP01-DEL09-PR
709971.0,1584822.0,07/08/2025,quinta-feira,10:20:00,PR,376.0,"187,5",MARIALVA,Sim,Condutor deixou de manter distância do veículo da frente,1.0,Colisão traseira,Com Vítimas Feridas,Pleno dia,Decrescente,Céu Claro,Dupla,Reta,Sim,1262811.0,Caminhão-trator,IMP/SCANIA K124IB6X2 420,2009.0,Condutor,Ileso,3.0,Masculino,1.0,0.0,0.0,0.0,"-23,4599144","-51,83923451",SPRF-PR,DEL09-PR,UOP01-DEL09-PR
710050.0,1582607.0,07/08/2025,quinta-feira,17:30:00,PR,277.0,"83,5",CURITIBA,Sim,Condutor deixou de manter distância do veículo da frente,3.0,Queda de ocupante de veículo,Com Vítimas Feridas,Anoitecer,Decrescente,Céu Claro,Dupla,Reta,Sim,1262910.0,Automóvel,GM/MERIVA MAXX,2011.0,Passageiro,Ileso,11.0,Masculino,1.0,0.0,0.0,0.0,"-25,446985","-49,230891",SPRF-PR,DEL01-PR,UOP07-DEL01-PR
710050.0,1582607.0,07/08/2025,quinta-feira,17:30:00,PR,277.0,"83,5",CURITIBA,Sim,Condutor deixou de manter distância do veículo da frente,2.0,Tombamento,Com Vítimas Feridas,Anoitecer,Decrescente,Céu Claro,Dupla,Reta,Sim,1262910.0,Automóvel,GM/MERIVA MAXX,2011.0,Passageiro,Ileso,11.0,Masculino,1.0,0.0,0.0,0.0,"-25,446985","-49,230891",SPRF-PR,DEL01-PR,UOP07-DEL01-PR
710050.0,1582607.0,07/08/2025,quinta-feira,17:30:00,PR,277.0,"83,5",CURITIBA,Sim,Condutor deixou de manter distância do veículo da frente,1.0,Colisão traseira,Com Vítimas Feridas,Anoitecer,Decrescente,Céu Claro,Dupla,Reta,Sim,1262910.0,Automóvel,GM/MERIVA MAXX,2011.0,Passageiro,Ileso,11.0,Masculino,1.0,0.0,0.0,0.0,"-25,446985","-49,230891",SPRF-PR,DEL01-PR,UOP07-DEL01-PR
710118.0,1582707.0,07/08/2025,quinta-feira,21:50:00,PR,116.0,"126,2",FAZENDA RIO GRANDE,Sim,Condutor desrespeitou a iluminação vermelha do semáforo,3.0,Colisão com objeto,Com Vítimas Fatais,Plena Noite,Decrescente,Nublado,Dupla,Interseção de Vias;Reta,Sim,1262981.0,Automóvel,I/AUDI A3 LM 122CV I,2014.0,Passageiro,Óbito,12.0,Masculino,0.0,0.0,0.0,1.0,"-25,640811","-49,312881",SPRF-PR,DEL01-PR,UOP03-DEL01-PR
710118.0,1582700.0,07/08/2025,quinta-feira,21:50:00,PR,116.0,"126,2",FAZENDA RIO GRANDE,Sim,Condutor desrespeitou a iluminação vermelha do semáforo,3.0,Colisão com objeto,Com Vítimas Fatais,Plena Noite,Decrescente,Nublado,Dupla,Interseção de Vias;Reta,Sim,1262981.0,Automóvel,I/AUDI A3 LM 122CV I,2014.0,Passageiro,Lesões Leves,4.0,Masculino,0.0,1.0,0.0,0.0,"-25,640811","-49,312881",SPRF-PR,DEL01-PR,UOP03-DEL01-PR
710118.0,1582698.0,07/08/2025,quinta-feira,21:50:00,PR,116.0,"126,2",FAZENDA RIO GRANDE,Sim,Condutor desrespeitou a iluminação vermelha do semáforo,3.0,Colisão com objeto,Com Vítimas Fatais,Plena Noite,Decrescente,Nublado,Dupla,Interseção de Vias;Reta,Sim,1262981.0,Automóvel,I/AUDI A3 LM 122CV I,2014.0,Passageiro,Lesões Leves,10.0,Feminino,0.0,1.0,0.0,0.0,"-25,640811","-49,312881",SPRF-PR,DEL01-PR,UOP03-DEL01-PR
710118.0,1582707.0,07/08/2025,quinta-feira,21:50:00,PR,116.0,"126,2",FAZENDA RIO GRANDE,Sim,Condutor desrespeitou a iluminação vermelha do semáforo,2.0,Saída de leito carroçável,Com Vítimas Fatais,Plena Noite,Decrescente,Nublado,Dupla,Interseção de Vias;Reta,Sim,1262981.0,Automóvel,I/AUDI A3 LM 122CV I,2014.0,Passageiro,Óbito,12.0,Masculino,0.0,0.0,0.0,1.0,"-25,640811","-49,312881",SPRF-PR,DEL01-PR,UOP03-DEL01-PR
710118.0,1582700.0,07/08/2025,quinta-feira,21:50:00,PR,116.0,"126,2",FAZENDA RIO GRANDE,Sim,Condutor desrespeitou a iluminação vermelha do semáforo,2.0,Saída de leito carroçável,Com Vítimas Fatais,Plena Noite,Decrescente,Nublado,Dupla,Interseção de Vias;Reta,Sim,1262981.0,Automóvel,I/AUDI A3 LM 122CV I,2014.0,Passageiro,Lesões Leves,4.0,Masculino,0.0,1.0,0.0,0.0,"-25,640811","-49,312881",SPRF-PR,DEL01-PR,UOP03-DEL01-PR
710118.0,1582698.0,07/08/2025,quinta-feira,21:50:00,PR,116.0,"126,2",FAZENDA RIO GRANDE,Sim,Condutor desrespeitou a iluminação vermelha do semáforo,2.0,Saída de leito carroçável,Com Vítimas Fatais,Plena Noite,Decrescente,Nublado,Dupla,Interseção de Vias;Reta,Sim,1262981.0,Automóvel,I/AUDI A3 LM 122CV I,2014.0,Passageiro,Lesões Leves,10.0,Feminino,0.0,1.0,0.0,0.0,"-25,640811","-49,312881",SPRF-PR,DEL01-PR,UOP03-DEL01-PR
710118.0,1582707.0,07/08/2025,quinta-feira,21:50:00,PR,116.0,"126,2",FAZENDA RIO GRANDE,Sim,Condutor desrespeitou a iluminação vermelha do semáforo,1.0,Colisão transversal,Com Vítimas Fatais,Plena Noite,Decrescente,Nublado,Dupla,Interseção de Vias;Reta,Sim,1262981.0,Automóvel,I/AUDI A3 LM 122CV I,2014.0,Passageiro,Óbito,12.0,Masculino,0.0,0.0,0.0,1.0,"-25,640811","-49,312881",SPRF-PR,DEL01-PR,UOP03-DEL01-PR
710118.0,1582700.0,07/08/2025,quinta-feira,21:50:00,PR,116.0,"126,2",FAZENDA RIO GRANDE,Sim,Condutor desrespeitou a iluminação vermelha do semáforo,1.0,Colisão transversal,Com Vítimas Fatais,Plena Noite,Decrescente,Nublado,Dupla,Interseção de Vias;Reta,Sim,1262981.0,Automóvel,I/AUDI A3 LM 122CV I,2014.0,Passageiro,Lesões Leves,4.0,Masculino,0.0,1.0,0.0,0.0,"-25,640811","-49,312881",SPRF-PR,DEL01-PR,UOP03-DEL01-PR
710118.0,1582698.0,07/08/2025,quinta-feira,21:50:00,PR,116.0,"126,2",FAZENDA RIO GRANDE,Sim,Condutor desrespeitou a iluminação vermelha do semáforo,1.0,Colisão transversal,Com Vítimas Fatais,Plena Noite,Decrescente,Nublado,Dupla,Interseção de Vias;Reta,Sim,1262981.0,Automóvel,I/AUDI A3 LM 122CV I,2014.0,Passageiro,Lesões Leves,10.0,Feminino,0.0,1.0,0.0,0.0,"-25,640811","-49,312881",SPRF-PR,DEL01-PR,UOP03-DEL01-PR
710262.0,1583046.0,08/08/2025,sexta-feira,14:50:00,PR,277.0,"14,5",PARANAGUA,Sim,Demais falhas mecânicas ou elétricas,1.0,Incêndio,Sem Vítimas,Pleno dia,Decrescente,Nublado,Dupla,Reta,Não,1263274.0,Automóvel,FIAT/PALIO 1.8 R FLEX,2006.0,Passageiro,Ileso,16.0,Masculino,1.0,0.0,0.0,0.0,"-25,55434579","-48,66093032",SPRF-PR,DEL01-PR,UOP05-DEL01-PR
710731.0,1584165.0,10/08/2025,domingo,10:00:00,PR,277.0,"652,8",MATELANDIA,Não,Condutor deixou de manter distância do veículo da frente,1.0,Engavetamento,Com Vítimas Feridas,Pleno dia,Decrescente,Céu Claro,Simples,Reta,Sim,1264161.0,Automóvel,CHEVROLET/CELTA 1.0L LT,2013.0,Passageiro,Ileso,13.0,Feminino,1.0,0.0,0.0,0.0,"-25,211469","-53,951246",SPRF-PR,DEL05-PR,UOP02-DEL05-PR
710731.0,1584165.0,10/08/2025,domingo,10:00:00,PR,277.0,"652,8",MATELANDIA,Não,Objeto estático sobre o leito carroçável,1.0,Engavetamento,Com Vítimas Feridas,Pleno dia,Decrescente,Céu Claro,Simples,Reta,Sim,1264161.0,Automóvel,CHEVROLET/CELTA 1.0L LT,2013.0,Passageiro,Ileso,13.0,Feminino,1.0,0.0,0.0,0.0,"-25,211469","-53,951246",SPRF-PR,DEL05-PR,UOP02-DEL05-PR
710731.0,1584165.0,10/08/2025,domingo,10:00:00,PR,277.0,"652,8",MATELANDIA,Não,Reação tardia ou ineficiente do condutor,1.0,Engavetamento,Com Vítimas Feridas,Pleno dia,Decrescente,Céu Claro,Simples,Reta,Sim,1264161.0,Automóvel,CHEVROLET/CELTA 1.0L LT,2013.0,Passageiro,Ileso,13.0,Feminino,1.0,0.0,0.0,0.0,"-25,211469","-53,951246",SPRF-PR,DEL05-PR,UOP02-DEL05-PR
710731.0,1584165.0,10/08/2025,domingo,10:00:00,PR,277.0,"652,8",MATELANDIA,Não,Ausência de reação do condutor,1.0,Engavetamento,Com Vítimas Feridas,Pleno dia,Decrescente,Céu Claro,Simples,Reta,Sim,1264161.0,Automóvel,CHEVROLET/CELTA 1.0L LT,2013.0,Passageiro,Ileso,13.0,Feminino,1.0,0.0,0.0,0.0,"-25,211469","-53,951246",SPRF-PR,DEL05-PR,UOP02-DEL05-PR
710731.0,1584165.0,10/08/2025,domingo,10:00:00,PR,277.0,"652,8",MATELANDIA,Sim,Demais falhas mecânicas ou elétricas,1.0,Engavetamento,Com Vítimas Feridas,Pleno dia,Decrescente,Céu Claro,Simples,Reta,Sim,1264161.0,Automóvel,CHEVROLET/CELTA 1.0L LT,2013.0,Passageiro,Ileso,13.0,Feminino,1.0,0.0,0.0,0.0,"-25,211469","-53,951246",SPRF-PR,DEL05-PR,UOP02-DEL05-PR
710764.0,1584205.0,10/08/2025,domingo,14:10:00,PR,369.0,"192,6",ARAPONGAS,Sim,Ingestão de álcool pelo condutor,2.0,Colisão com objeto,Com Vítimas Feridas,Pleno dia,Decrescente,Céu Claro,Dupla,Reta,Não,1264191.0,Caminhonete,GM/S10 2.2 D,1998.0,Passageiro,Lesões Leves,4.0,Masculino,0.0,1.0,0.0,0.0,"-23,472397","-51,423619",SPRF-PR,DEL07-PR,UOP03-DEL07-PR
710764.0,1584205.0,10/08/2025,domingo,14:10:00,PR,369.0,"192,6",ARAPONGAS,Sim,Ingestão de álcool pelo condutor,1.0,Saída de leito carroçável,Com Vítimas Feridas,Pleno dia,Decrescente,Céu Claro,Dupla,Reta,Não,1264191.0,Caminhonete,GM/S10 2.2 D,1998.0,Passageiro,Lesões Leves,4.0,Masculino,0.0,1.0,0.0,0.0,"-23,472397","-51,423619",SPRF-PR,DEL07-PR,UOP03-DEL07-PR