id,pesid,data_inversa,dia_semana,horario,uf,br,km,municipio,causa_principal,causa_acidente,ordem_tipo_acidente,tipo_acidente,classificacao_acidente,fase_dia,sentido_via,condicao_metereologica,tipo_pista,tracado_via,uso_solo,id_veiculo,tipo_veiculo,marca,ano_fabricacao_veiculo,tipo_envolvido,estado_fisico,idade,sexo,ilesos,feridos_leves,feridos_graves,mortos,latitude,longitude,regional,delegacia,uop
710829.0,1584487.0,10/08/2025,domingo,19:20:00,PR,116.0,145,MANDIRITUBA,Não,Transitar na contramão,3.0,Queda de ocupante de veículo,Com Vítimas Feridas,Plena Noite,Decrescente,Céu Claro,Simples,Reta,Sim,1264397.0,Automóvel,FORD/CORCEL,1976.0,Passageiro,Ileso,11.0,Masculino,1.0,0.0,0.0,0.0,"-25,812305","-49,32816",SPRF-PR,DEL01-PR,UOP03-DEL01-PR
710829.0,1584486.0,10/08/2025,domingo,19:20:00,PR,116.0,145,MANDIRITUBA,Não,Transitar na contramão,3.0,Queda de ocupante de veículo,Com Vítimas Feridas,Plena Noite,Decrescente,Céu Claro,Simples,Reta,Sim,1264397.0,Automóvel,FORD/CORCEL,1976.0,Passageiro,Ileso,6.0,Masculino,1.0,0.0,0.0,0.0,"-25,812305","-49,32816",SPRF-PR,DEL01-PR,UOP03-DEL01-PR
710829.0,1584485.0,10/08/2025,domingo,19:20:00,PR,116.0,145,MANDIRITUBA,Não,Transitar na contramão,3.0,Queda de ocupante de veículo,Com Vítimas Feridas,Plena Noite,Decrescente,Céu Claro,Simples,Reta,Sim,1264397.0,Automóvel,FORD/CORCEL,1976.0,Passageiro,Ileso,11.0,Masculino,1.0,0.0,0.0,0.0,"-25,812305","-49,32816",SPRF-PR,DEL01-PR,UOP03-DEL01-PR
710829.0,1584487.0,10/08/2025,domingo,19:20:00,PR,116.0,145,MANDIRITUBA,Não,Transitar na contramão,2.0,Tombamento,Com Vítimas Feridas,Plena Noite,Decrescente,Céu Claro,Simples,Reta,Sim,1264397.0,Automóvel,FORD/CORCEL,1976.0,Passageiro,Ileso,11.0,Masculino,1.0,0.0,0.0,0.0,"-25,812305","-49,32816",SPRF-PR,DEL01-PR,UOP03-DEL01-PR
710829.0,1584486.0,10/08/2025,domingo,19:20:00,PR,116.0,145,MANDIRITUBA,Não,Transitar na contramão,2.0,Tombamento,Com Vítimas Feridas,Plena Noite,Decrescente,Céu Claro,Simples,Reta,Sim,1264397.0,Automóvel,FORD/CORCEL,1976.0,Passageiro,Ileso,6.0,Masculino,1.0,0.0,0.0,0.0,"-25,812305","-49,32816",SPRF-PR,DEL01-PR,UOP03-DEL01-PR
710829.0,1584485.0,10/08/2025,domingo,19:20:00,PR,116.0,145,MANDIRITUBA,Não,Transitar na contramão,2.0,Tombamento,Com Vítimas Feridas,Plena Noite,Decrescente,Céu Claro,Simples,Reta,Sim,1264397.0,Automóvel,FORD/CORCEL,1976.0,Passageiro,Ileso,11.0,Masculino,1.0,0.0,0.0,0.0,"-25,812305","-49,32816",SPRF-PR,DEL01-PR,UOP03-DEL01-PR
710829.0,1584487.0,10/08/2025,domingo,19:20:00,PR,116.0,145,MANDIRITUBA,Não,Transitar na contramão,1.0,Colisão frontal,Com Vítimas Feridas,Plena Noite,Decrescente,Céu Claro,Simples,Reta,Sim,1264397.0,Automóvel,FORD/CORCEL,1976.0,Passageiro,Ileso,11.0,Masculino,1.0,0.0,0.0,0.0,"-25,812305","-49,32816",SPRF-PR,DEL01-PR,UOP03-DEL01-PR
710829.0,1584486.0,10/08/2025,domingo,19:20:00,PR,116.0,145,MANDIRITUBA,Não,Transitar na contramão,1.0,Colisão frontal,Com Vítimas Feridas,Plena Noite,Decrescente,Céu Claro,Simples,Reta,Sim,1264397.0,Automóvel,FORD/CORCEL,1976.0,Passageiro,Ileso,6.0,Masculino,1.0,0.0,0.0,0.0,"-25,812305","-49,32816",SPRF-PR,DEL01-PR,UOP03-DEL01-PR
710829.0,1584485.0,10/08/2025,domingo,19:20:00,PR,116.0,145,MANDIRITUBA,Não,Transitar na contramão,1.0,Colisão frontal,Com Vítimas Feridas,Plena Noite,Decrescente,Céu Claro,Simples,Reta,Sim,1264397.0,Automóvel,FORD/CORCEL,1976.0,Passageiro,Ileso,11.0,Masculino,1.0,0.0,0.0,0.0,"-25,812305","-49,32816",SPRF-PR,DEL01-PR,UOP03-DEL01-PR
710829.0,1584487.0,10/08/2025,domingo,19:20:00,PR,116.0,145,MANDIRITUBA,Sim,Conversão proibida,3.0,Queda de ocupante de veículo,Com Vítimas Feridas,Plena Noite,Decrescente,Céu Claro,Simples,Reta,Sim,1264397.0,Automóvel,FORD/CORCEL,1976.0,Passageiro,Ileso,11.0,Masculino,1.0,0.0,0.0,0.0,"-25,812305","-49,32816",SPRF-PR,DEL01-PR,UOP03-DEL01-PR
710829.0,1584486.0,10/08/2025,domingo,19:20:00,PR,116.0,145,MANDIRITUBA,Sim,Conversão proibida,3.0,Queda de ocupante de veículo,Com Vítimas Feridas,Plena Noite,Decrescente,Céu Claro,Simples,Reta,Sim,1264397.0,Automóvel,FORD/CORCEL,1976.0,Passageiro,Ileso,6.0,Masculino,1.0,0.0,0.0,0.0,"-25,812305","-49,32816",SPRF-PR,DEL01-PR,UOP03-DEL01-PR
710829.0,1584485.0,10/08/2025,domingo,19:20:00,PR,116.0,145,MANDIRITUBA,Sim,Conversão proibida,3.0,Queda de ocupante de veículo,Com Vítimas Feridas,Plena Noite,Decrescente,Céu Claro,Simples,Reta,Sim,1264397.0,Automóvel,FORD/CORCEL,1976.0,Passageiro,Ileso,11.0,Masculino,1.0,0.0,0.0,0.0,"-25,812305","-49,32816",SPRF-PR,DEL01-PR,UOP03-DEL01-PR
710829.0,1584487.0,10/08/2025,domingo,19:20:00,PR,116.0,145,MANDIRITUBA,Sim,Conversão proibida,2.0,Tombamento,Com Vítimas Feridas,Plena Noite,Decrescente,Céu Claro,Simples,Reta,Sim,1264397.0,Automóvel,FORD/CORCEL,1976.0,Passageiro,Ileso,11.0,Masculino,1.0,0.0,0.0,0.0,"-25,812305","-49,32816",SPRF-PR,DEL01-PR,UOP03-DEL01-PR
710829.0,1584486.0,10/08/2025,domingo,19:20:00,PR,116.0,145,MANDIRITUBA,Sim,Conversão proibida,2.0,Tombamento,Com Vítimas Feridas,Plena Noite,Decrescente,Céu Claro,Simples,Reta,Sim,1264397.0,Automóvel,FORD/CORCEL,1976.0,Passageiro,Ileso,6.0,Masculino,1.0,0.0,0.0,0.0,"-25,812305","-49,32816",SPRF-PR,DEL01-PR,UOP03-DEL01-PR
710829.0,1584485.0,10/08/2025,domingo,19:20:00,PR,116.0,145,MANDIRITUBA,Sim,Conversão proibida,2.0,Tombamento,Com Vítimas Feridas,Plena Noite,Decrescente,Céu Claro,Simples,Reta,Sim,1264397.0,Automóvel,FORD/CORCEL,1976.0,Passageiro,Ileso,11.0,Masculino,1.0,0.0,0.0,0.0,"-25,812305","-49,32816",SPRF-PR,DEL01-PR,UOP03-DEL01-PR
710829.0,1584487.0,10/08/2025,domingo,19:20:00,PR,116.0,145,MANDIRITUBA,Sim,Conversão proibida,1.0,Colisão frontal,Com Vítimas Feridas,Plena Noite,Decrescente,Céu Claro,Simples,Reta,Sim,1264397.0,Automóvel,FORD/CORCEL,1976.0,Passageiro,Ileso,11.0,Masculino,1.0,0.0,0.0,0.0,"-25,812305","-49,32816",SPRF-PR,DEL01-PR,UOP03-DEL01-PR
710829.0,1584486.0,10/08/2025,domingo,19:20:00,PR,116.0,145,MANDIRITUBA,Sim,Conversão proibida,1.0,Colisão frontal,Com Vítimas Feridas,Plena Noite,Decrescente,Céu Claro,Simples,Reta,Sim,1264397.0,Automóvel,FORD/CORCEL,1976.0,Passageiro,Ileso,6.0,Masculino,1.0,0.0,0.0,0.0,"-25,812305","-49,32816",SPRF-PR,DEL01-PR,UOP03-DEL01-PR
710829.0,1584485.0,10/08/2025,domingo,19:20:00,PR,116.0,145,MANDIRITUBA,Sim,Conversão proibida,1.0,Colisão frontal,Com Vítimas Feridas,Plena Noite,Decrescente,Céu Claro,Simples,Reta,Sim,1264397.0,Automóvel,FORD/CORCEL,1976.0,Passageiro,Ileso,11.0,Masculino,1.0,0.0,0.0,0.0,"-25,812305","-49,32816",SPRF-PR,DEL01-PR,UOP03-DEL01-PR
711041.0,1584911.0,11/08/2025,segunda-feira,15:00:00,PR,116.0,94,SAO JOSE DOS PINHAIS,Sim,Ausência de reação do condutor,1.0,Colisão traseira,Com Vítimas Feridas,Pleno dia,Decrescente,Sol,Múltipla,Aclive;Reta,Não,1264730.0,Automóvel,CHEV/SPIN 1.8L AT LT7,2023.0,Passageiro,Lesões Leves,0.0,Masculino,0.0,1.0,0.0,0.0,"-25,52385392","-49,13806915",SPRF-PR,DEL01-PR,UOP07-DEL01-PR
711201.0,1585488.0,12/08/2025,terça-feira,08:30:00,PR,277.0,"471,4",NOVA LARANJEIRAS,Sim,Desrespeitar a preferência no cruzamento,1.0,Colisão transversal,Com Vítimas Feridas,Pleno dia,Decrescente,Céu Claro,Simples,Interseção de Vias,Sim,1265190.0,Automóvel,FORD/FIESTA,2002.0,Passageiro,Lesões Leves,7.0,Feminino,0.0,1.0,0.0,0.0,"-25,3078987","-52,5390019",SPRF-PR,DEL04-PR,UOP02-DEL04-PR
711245.0,1585404.0,12/08/2025,terça-feira,15:30:00,PR,376.0,"603,7",CURITIBA,Não,Ultrapassagem Indevida,1.0,Colisão transversal,Com Vítimas Feridas,Pleno dia,Crescente,Céu Claro,Dupla,Reta,Não,1265140.0,Automóvel,RENAULT/LOGAN EXP 16,2007.0,Passageiro,Lesões Leves,3.0,Masculino,0.0,1.0,0.0,0.0,"-25,53068346","-49,32515526",SPRF-PR,DEL01-PR,UOP03-DEL01-PR
711245.0,1585404.0,12/08/2025,terça-feira,15:30:00,PR,376.0,"603,7",CURITIBA,Não,Ultrapassagem Indevida,3.0,Capotamento,Com Vítimas Feridas,Pleno dia,Crescente,Céu Claro,Dupla,Reta,Não,1265140.0,Automóvel,RENAULT/LOGAN EXP 16,2007.0,Passageiro,Lesões Leves,3.0,Masculino,0.0,1.0,0.0,0.0,"-25,53068346","-49,32515526",SPRF-PR,DEL01-PR,UOP03-DEL01-PR
711245.0,1585404.0,12/08/2025,terça-feira,15:30:00,PR,376.0,"603,7",CURITIBA,Não,Ultrapassagem Indevida,2.0,Saída de leito carroçável,Com Vítimas Feridas,Pleno dia,Crescente,Céu Claro,Dupla,Reta,Não,1265140.0,Automóvel,RENAULT/LOGAN EXP 16,2007.0,Passageiro,Lesões Leves,3.0,Masculino,0.0,1.0,0.0,0.0,"-25,53068346","-49,32515526",SPRF-PR,DEL01-PR,UOP03-DEL01-PR
711245.0,1585404.0,12/08/2025,terça-feira,15:30:00,PR,376.0,"603,7",CURITIBA,Sim,Reação tardia ou ineficiente do condutor,1.0,Colisão transversal,Com Vítimas Feridas,Pleno dia,Crescente,Céu Claro,Dupla,Reta,Não,1265140.0,Automóvel,RENAULT/LOGAN EXP 16,2007.0,Passageiro,Lesões Leves,3.0,Masculino,0.0,1.0,0.0,0.0,"-25,53068346","-49,32515526",SPRF-PR,DEL01-PR,UOP03-DEL01-PR
711245.0,1585404.0,12/08/2025,terça-feira,15:30:00,PR,376.0,"603,7",CURITIBA,Sim,Reação tardia ou ineficiente do condutor,3.0,Capotamento,Com Vítimas Feridas,Pleno dia,Crescente,Céu Claro,Dupla,Reta,Não,1265140.0,Automóvel,RENAULT/LOGAN EXP 16,2007.0,Passageiro,Lesões Leves,3.0,Masculino,0.0,1.0,0.0,0.0,"-25,53068346","-49,32515526",SPRF-PR,DEL01-PR,UOP03-DEL01-PR
711245.0,1585404.0,12/08/2025,terça-feira,15:30:00,PR,376.0,"603,7",CURITIBA,Sim,Reação tardia ou ineficiente do condutor,2.0,Saída de leito carroçável,Com Vítimas Feridas,Pleno dia,Crescente,Céu Claro,Dupla,Reta,Não,1265140.0,Automóvel,RENAULT/LOGAN EXP 16,2007.0,Passageiro,Lesões Leves,3.0,Masculino,0.0,1.0,0.0,0.0,"-25,53068346","-49,32515526",SPRF-PR,DEL01-PR,UOP03-DEL01-PR
711245.0,1585404.0,12/08/2025,terça-feira,15:30:00,PR,376.0,"603,7",CURITIBA,Não,Avarias e/ou desgaste excessivo no pneu,1.0,Colisão transversal,Com Vítimas Feridas,Pleno dia,Crescente,Céu Claro,Dupla,Reta,Não,1265140.0,Automóvel,RENAULT/LOGAN EXP 16,2007.0,Passageiro,Lesões Leves,3.0,Masculino,0.0,1.0,0.0,0.0,"-25,53068346","-49,32515526",SPRF-PR,DEL01-PR,UOP03-DEL01-PR
711245.0,1585404.0,12/08/2025,terça-feira,15:30:00,PR,376.0,"603,7",CURITIBA,Não,Avarias e/ou desgaste excessivo no pneu,3.0,Capotamento,Com Vítimas Feridas,Pleno dia,Crescente,Céu Claro,Dupla,Reta,Não,1265140.0,Automóvel,RENAULT/LOGAN EXP 16,2007.0,Passageiro,Lesões Leves,3.0,Masculino,0.0,1.0,0.0,0.0,"-25,53068346","-49,32515526",SPRF-PR,DEL01-PR,UOP03-DEL01-PR
711245.0,1585404.0,12/08/2025,terça-feira,15:30:00,PR,376.0,"603,7",CURITIBA,Não,Avarias e/ou desgaste excessivo no pneu,2.0,Saída de leito carroçável,Com Vítimas Feridas,Pleno dia,Crescente,Céu Claro,Dupla,Reta,Não,1265140.0,Automóvel,RENAULT/LOGAN EXP 16,2007.0,Passageiro,Lesões Leves,3.0,Masculino,0.0,1.0,0.0,0.0,"-25,53068346","-49,32515526",SPRF-PR,DEL01-PR,UOP03-DEL01-PR
711245.0,1585404.0,12/08/2025,terça-feira,15:30:00,PR,376.0,"603,7",CURITIBA,Não,Manobra de mudança de faixa,1.0,Colisão transversal,Com Vítimas Feridas,Pleno dia,Crescente,Céu Claro,Dupla,Reta,Não,1265140.0,Automóvel,RENAULT/LOGAN EXP 16,2007.0,Passageiro,Lesões Leves,3.0,Masculino,0.0,1.0,0.0,0.0,"-25,53068346","-49,32515526",SPRF-PR,DEL01-PR,UOP03-DEL01-PR
711245.0,1585404.0,12/08/2025,terça-feira,15:30:00,PR,376.0,"603,7",CURITIBA,Não,Manobra de mudança de faixa,3.0,Capotamento,Com Vítimas Feridas,Pleno dia,Crescente,Céu Claro,Dupla,Reta,Não,1265140.0,Automóvel,RENAULT/LOGAN EXP 16,2007.0,Passageiro,Lesões Leves,3.0,Masculino,0.0,1.0,0.0,0.0,"-25,53068346","-49,32515526",SPRF-PR,DEL01-PR,UOP03-DEL01-PR
711245.0,1585404.0,12/08/2025,terça-feira,15:30:00,PR,376.0,"603,7",CURITIBA,Não,Manobra de mudança de faixa,2.0,Saída de leito carroçável,Com Vítimas Feridas,Pleno dia,Crescente,Céu Claro,Dupla,Reta,Não,1265140.0,Automóvel,RENAULT/LOGAN EXP 16,2007.0,Passageiro,Lesões Leves,3.0,Masculino,0.0,1.0,0.0,0.0,"-25,53068346","-49,32515526",SPRF-PR,DEL01-PR,UOP03-DEL01-PR
711382.0,1585822.0,13/08/2025,quarta-feira,07:05:00,PR,369.0,"16,7",CAMBARA,Sim,Demais Fenômenos da natureza,4.0,Colisão traseira,Com Vítimas Feridas,Pleno dia,Decrescente,Sol,Simples,Aclive;Reta,Não,1265457.0,Automóvel,CHEV/ONIX JOY,2019.0,Passageiro,Ileso,10.0,Feminino,1.0,0.0,0.0,0.0,"-23,03048","-50,05005",SPRF-PR,DEL07-PR,UOP05-DEL07-PR
711382.0,1585822.0,13/08/2025,quarta-feira,07:05:00,PR,369.0,"16,7",CAMBARA,Sim,Demais Fenômenos da natureza,3.0,Colisão traseira,Com Vítimas Feridas,Pleno dia,Decrescente,Sol,Simples,Aclive;Reta,Não,1265457.0,Automóvel,CHEV/ONIX JOY,2019.0,Passageiro,Ileso,10.0,Feminino,1.0,0.0,0.0,0.0,"-23,03048","-50,05005",SPRF-PR,DEL07-PR,UOP05-DEL07-PR
711382.0,1585822.0,13/08/2025,quarta-feira,07:05:00,PR,369.0,"16,7",CAMBARA,Sim,Demais Fenômenos da natureza,2.0,Colisão com objeto,Com Vítimas Feridas,Pleno dia,Decrescente,Sol,Simples,Aclive;Reta,Não,1265457.0,Automóvel,CHEV/ONIX JOY,2019.0,Passageiro,Ileso,10.0,Feminino,1.0,0.0,0.0,0.0,"-23,03048","-50,05005",SPRF-PR,DEL07-PR,UOP05-DEL07-PR
711382.0,1585822.0,13/08/2025,quarta-feira,07:05:00,PR,369.0,"16,7",CAMBARA,Sim,Demais Fenômenos da natureza,1.0,Saída de leito carroçável,Com Vítimas Feridas,Pleno dia,Decrescente,Sol,Simples,Aclive;Reta,Não,1265457.0,Automóvel,CHEV/ONIX JOY,2019.0,Passageiro,Ileso,10.0,Feminino,1.0,0.0,0.0,0.0,"-23,03048","-50,05005",SPRF-PR,DEL07-PR,UOP05-DEL07-PR
711573.0,1586221.0,14/08/2025,quinta-feira,08:43:00,PR,163.0,248,TOLEDO,Sim,Ausência de reação do condutor,2.0,Capotamento,Com Vítimas Feridas,Pleno dia,Decrescente,Céu Claro,Dupla,Reta,Não,1265830.0,Automóvel,TOYOTA/ETIOS SD PLATINUM,2014.0,Passageiro,Ileso,2.0,Feminino,1.0,0.0,0.0,0.0,"-24,67867099","-53,79244745",SPRF-PR,DEL06-PR,UOP02-DEL06-PR
711573.0,1586221.0,14/08/2025,quinta-feira,08:43:00,PR,163.0,248,TOLEDO,Sim,Ausência de reação do condutor,1.0,Saída de leito carroçável,Com Vítimas Feridas,Pleno dia,Decrescente,Céu Claro,Dupla,Reta,Não,1265830.0,Automóvel,TOYOTA/ETIOS SD PLATINUM,2014.0,Passageiro,Ileso,2.0,Feminino,1.0,0.0,0.0,0.0,"-24,67867099","-53,79244745",SPRF-PR,DEL06-PR,UOP02-DEL06-PR
711588.0,1586415.0,14/08/2025,quinta-feira,12:30:00,PR,153.0,"24,6",JACAREZINHO,Sim,Acessar a via sem observar a presença dos outros veículos,1.0,Colisão transversal,Com Vítimas Feridas,Pleno dia,Crescente,Céu Claro,Simples,Interseção de Vias,Sim,1265864.0,Automóvel,FIAT/PALIO FIRE FLEX,2008.0,Passageiro,Lesões Leves,4.0,Feminino,0.0,1.0,0.0,0.0,"-23,18842573","-49,98590168",SPRF-PR,DEL07-PR,UOP04-DEL07-PR
711588.0,1586412.0,14/08/2025,quinta-feira,12:30:00,PR,153.0,"24,6",JACAREZINHO,Sim,Acessar a via sem observar a presença dos outros veículos,1.0,Colisão transversal,Com Vítimas Feridas,Pleno dia,Crescente,Céu Claro,Simples,Interseção de Vias,Sim,1265864.0,Automóvel,FIAT/PALIO FIRE FLEX,2008.0,Passageiro,Lesões Leves,9.0,Masculino,0.0,1.0,0.0,0.0,"-23,18842573","-49,98590168",SPRF-PR,DEL07-PR,UOP04-DEL07-PR
711601.0,1586356.0,14/08/2025,quinta-feira,13:15:00,PR,116.0,"145,9",MANDIRITUBA,Não,Reação tardia ou ineficiente do condutor,1.0,Colisão frontal,Com Vítimas Feridas,Pleno dia,Crescente,Nublado,Simples,Reta;Declive,Não,1265938.0,Automóvel,HONDA/CITY EXL CVT,2014.0,Passageiro,Lesões Leves,6.0,Masculino,0.0,1.0,0.0,0.0,"-25,814688","-49,330325",SPRF-PR,DEL01-PR,UOP03-DEL01-PR
711601.0,1586362.0,14/08/2025,quinta-feira,13:15:00,PR,116.0,"145,9",MANDIRITUBA,Não,Reação tardia ou ineficiente do condutor,1.0,Colisão frontal,Com Vítimas Feridas,Pleno dia,Crescente,Nublado,Simples,Reta;Declive,Não,1265939.0,Automóvel,RENAULT/KWID ZEN 2,2023.0,Passageiro,Lesões Graves,1.0,Feminino,0.0,0.0,1.0,0.0,"-25,814688","-49,330325",SPRF-PR,DEL01-PR,UOP03-DEL01-PR
711601.0,1586356.0,14/08/2025,quinta-feira,13:15:00,PR,116.0,"145,9",MANDIRITUBA,Sim,Transitar na contramão,1.0,Colisão frontal,Com Vítimas Feridas,Pleno dia,Crescente,Nublado,Simples,Reta;Declive,Não,1265938.0,Automóvel,HONDA/CITY EXL CVT,2014.0,Passageiro,Lesões Leves,6.0,Masculino,0.0,1.0,0.0,0.0,"-25,814688","-49,330325",SPRF-PR,DEL01-PR,UOP03-DEL01-PR
711601.0,1586362.0,14/08/2025,quinta-feira,13:15:00,PR,116.0,"145,9",MANDIRITUBA,Sim,Transitar na contramão,1.0,Colisão frontal,Com Vítimas Feridas,Pleno dia,Crescente,Nublado,Simples,Reta;Declive,Não,1265939.0,Automóvel,RENAULT/KWID ZEN 2,2023.0,Passageiro,Lesões Graves,1.0,Feminino,0.0,0.0,1.0,0.0,"-25,814688","-49,330325",SPRF-PR,DEL01-PR,UOP03-DEL01-PR
712028.0,1587369.0,16/08/2025,sábado,15:45:00,PR,116.0,129,FAZENDA RIO GRANDE,Sim,Reação tardia ou ineficiente do condutor,1.0,Colisão traseira,Sem Vítimas,Pleno dia,Crescente,Céu Claro,Dupla,Declive;Reta,Sim,1266720.0,Automóvel,I/VW JETTA TL MF,2016.0,Passageiro,Ileso,4.0,Masculino,1.0,0.0,0.0,0.0,"-25,69505994","-49,28964615",SPRF-PR,DEL01-PR,UOP03-DEL01-PR
712028.0,1587367.0,16/08/2025,sábado,15:45:00,PR,116.0,129,FAZENDA RIO GRANDE,Sim,Reação tardia ou ineficiente do condutor,1.0,Colisão traseira,Sem Vítimas,Pleno dia,Crescente,Céu Claro,Dupla,Declive;Reta,Sim,1266720.0,Automóvel,I/VW JETTA TL MF,2016.0,Passageiro,Ileso,10.0,Masculino,1.0,0.0,0.0,0.0,"-25,69505994","-49,28964615",SPRF-PR,DEL01-PR,UOP03-DEL01-PR
712053.0,1592046.0,16/08/2025,sábado,15:50:00,PR,153.0,"3,8",JACAREZINHO,Sim,Acessar a via sem observar a presença dos outros veículos,1.0,Colisão transversal,Com Vítimas Feridas,Pleno dia,Crescente,Céu Claro,Simples,Reta,Não,1266748.0,Caminhonete,FIAT/TORO VOLCANO AT D4,2018.0,Passageiro,Ileso,12.0,Masculino,1.0,0.0,0.0,0.0,"-23,02564902","-49,9145118",SPRF-PR,DEL07-PR,UOP04-DEL07-PR
712201.0,1588441.0,17/08/2025,domingo,08:20:00,PR,272.0,"564,9",GUAIRA,Sim,Ausência de reação do condutor,1.0,Engavetamento,Com Vítimas Feridas,Pleno dia,Crescente,Céu Claro,Simples,Reta,Não,1267482.0,Automóvel,CHEVROLET/CLASSIC LS,2011.0,Passageiro,Ileso,13.0,Masculino,1.0,0.0,0.0,0.0,"-24,09697119","-54,20950413",SPRF-PR,DEL06-PR,UOP01-DEL06-PR
712201.0,1588428.0,17/08/2025,domingo,08:20:00,PR,272.0,"564,9",GUAIRA,Sim,Ausência de reação do condutor,1.0,Engavetamento,Com Vítimas Feridas,Pleno dia,Crescente,Céu Claro,Simples,Reta,Não,1267479.0,Automóvel,CHEV/SPIN 1.8L AT ACT,2017.0,Passageiro,Ileso,13.0,Masculino,1.0,0.0,0.0,0.0,"-24,09697119","-54,20950413",SPRF-PR,DEL06-PR,UOP01-DEL06-PR
712273.0,1588010.0,17/08/2025,domingo,17:14:00,PR,277.0,121,CAMPO LARGO,Sim,Reação tardia ou ineficiente do condutor,1.0,Colisão traseira,Sem Vítimas,Pleno dia,Decrescente,Céu Claro,Dupla,Reta,Não,1267205.0,Automóvel,FIAT/IDEA ADVENTURE 1.8,2012.0,Passageiro,Ileso,16.0,Feminino,1.0,0.0,0.0,0.0,"-25,44468","-49,49815",SPRF-PR,DEL03-PR,UOP03-DEL03-PR
712301.0,1589864.0,17/08/2025,domingo,18:30:00,PR,376.0,188,MARIALVA,Sim,Ingestão de álcool pelo condutor,1.0,Engavetamento,Com Vítimas Feridas,Anoitecer,Crescente,Céu Claro,Dupla,Retorno Regulamentado;Reta,Não,1267349.0,Automóvel,FIAT/PALIO ED,1996.0,Passageiro,Ileso,8.0,Masculino,1.0,0.0,0.0,0.0,"-23,458322","-51,842075",SPRF-PR,DEL09-PR,UOP01-DEL09-PR
712301.0,1589857.0,17/08/2025,domingo,18:30:00,PR,376.0,188,MARIALVA,Sim,Ingestão de álcool pelo condutor,1.0,Engavetamento,Com Vítimas Feridas,Anoitecer,Crescente,Céu Claro,Dupla,Retorno Regulamentado;Reta,Não,1267349.0,Automóvel,FIAT/PALIO ED,1996.0,Passageiro,Ileso,14.0,Masculino,1.0,0.0,0.0,0.0,"-23,458322","-51,842075",SPRF-PR,DEL09-PR,UOP01-DEL09-PR
712453.0,1588467.0,18/08/2025,segunda-feira,11:00:00,PR,116.0,"16,8",CAMPINA GRANDE DO SUL,Sim,Ausência de reação do condutor,2.0,Capotamento,Com Vítimas Feridas,Pleno dia,Decrescente,Garoa/Chuvisco,Dupla,Curva,Não,1267514.0,Caminhonete,I/FORD RANGER XL CD4 22H,2015.0,Passageiro,Ileso,13.0,Feminino,1.0,0.0,0.0,0.0,"-25,1030812","-48,7007021",SPRF-PR,DEL01-PR,UOP02-DEL01-PR
712453.0,1588467.0,18/08/2025,segunda-feira,11:00:00,PR,116.0,"16,8",CAMPINA GRANDE DO SUL,Sim,Ausência de reação do condutor,1.0,Saída de leito carroçável,Com Vítimas Feridas,Pleno dia,Decrescente,Garoa/Chuvisco,Dupla,Curva,Não,1267514.0,Caminhonete,I/FORD RANGER XL CD4 22H,2015.0,Passageiro,Ileso,13.0,Feminino,1.0,0.0,0.0,0.0,"-25,1030812","-48,7007021",SPRF-PR,DEL01-PR,UOP02-DEL01-PR
712453.0,1588467.0,18/08/2025,segunda-feira,11:00:00,PR,116.0,"16,8",CAMPINA GRANDE DO SUL,Não,Pista Escorregadia,2.0,Capotamento,Com Vítimas Feridas,Pleno dia,Decrescente,Garoa/Chuvisco,Dupla,Curva,Não,1267514.0,Caminhonete,I/FORD RANGER XL CD4 22H,2015.0,Passageiro,Ileso,13.0,Feminino,1.0,0.0,0.0,0.0,"-25,1030812","-48,7007021",SPRF-PR,DEL01-PR,UOP02-DEL01-PR
712453.0,1588467.0,18/08/2025,segunda-feira,11:00:00,PR,116.0,"16,8",CAMPINA GRANDE DO SUL,Não,Pista Escorregadia,1.0,Saída de leito carroçável,Com Vítimas Feridas,Pleno dia,Decrescente,Garoa/Chuvisco,Dupla,Curva,Não,1267514.0,Caminhonete,I/FORD RANGER XL CD4 22H,2015.0,Passageiro,Ileso,13.0,Feminino,1.0,0.0,0.0,0.0,"-25,1030812","-48,7007021",SPRF-PR,DEL01-PR,UOP02-DEL01-PR
712547.0,1588797.0,18/08/2025,segunda-feira,20:50:00,PR,163.0,352,GUAIRA,Sim,Condutor deixou de manter distância do veículo da frente,1.0,Colisão traseira,Com Vítimas Feridas,Plena Noite,Decrescente,Ignorado,Simples,Ponte;Reta,Não,1267778.0,Camioneta,IMP/TOYOTA HILUX 4X4 CS,2024.0,Passageiro,Ileso,1.0,Feminino,1.0,0.0,0.0,0.0,"-24,06263642","-54,2549074",SPRF-PR,DEL06-PR,UOP01-DEL06-PR
712705.0,1589197.0,19/08/2025,terça-feira,17:25:00,PR,376.0,169,MARINGA,Sim,Ausência de reação do condutor,1.0,Engavetamento,Com Vítimas Feridas,Pleno dia,Decrescente,Céu Claro,Dupla,Aclive;Reta,Não,1268116.0,Automóvel,VW/GOL 1.0 GIV,2012.0,Passageiro,Lesões Leves,0.0,Masculino,0.0,1.0,0.0,0.0,"-23,40101042","-51,99931495",SPRF-PR,DEL09-PR,UOP01-DEL09-PR