id,pesid,data_inversa,dia_semana,horario,uf,br,km,municipio,causa_principal,causa_acidente,ordem_tipo_acidente,tipo_acidente,classificacao_acidente,fase_dia,sentido_via,condicao_metereologica,tipo_pista,tracado_via,uso_solo,id_veiculo,tipo_veiculo,marca,ano_fabricacao_veiculo,tipo_envolvido,estado_fisico,idade,sexo,ilesos,feridos_leves,feridos_graves,mortos,latitude,longitude,regional,delegacia,uop
712705.0,1589196.0,19/08/2025,terça-feira,17:25:00,PR,376.0,169,MARINGA,Sim,Ausência de reação do condutor,1.0,Engavetamento,Com Vítimas Feridas,Pleno dia,Decrescente,Céu Claro,Dupla,Aclive;Reta,Não,1268116.0,Automóvel,VW/GOL 1.0 GIV,2012.0,Passageiro,Lesões Leves,6.0,Feminino,0.0,1.0,0.0,0.0,"-23,40101042","-51,99931495",SPRF-PR,DEL09-PR,UOP01-DEL09-PR
713222.0,1590353.0,22/08/2025,sexta-feira,09:00:00,PR,376.0,634,SAO JOSE DOS PINHAIS,Sim,Acessar a via sem observar a presença dos outros veículos,2.0,Colisão lateral mesmo sentido,Sem Vítimas,Pleno dia,Decrescente,Nublado,Dupla,Reta,Não,1269081.0,Automóvel,CHEVROLET/CLASSIC LS,2012.0,Passageiro,Ileso,13.0,Feminino,1.0,0.0,0.0,0.0,"-25,72367351","-49,13549423",SPRF-PR,DEL01-PR,UOP04-DEL01-PR
713222.0,1590353.0,22/08/2025,sexta-feira,09:00:00,PR,376.0,634,SAO JOSE DOS PINHAIS,Sim,Acessar a via sem observar a presença dos outros veículos,1.0,Saída de leito carroçável,Sem Vítimas,Pleno dia,Decrescente,Nublado,Dupla,Reta,Não,1269081.0,Automóvel,CHEVROLET/CLASSIC LS,2012.0,Passageiro,Ileso,13.0,Feminino,1.0,0.0,0.0,0.0,"-25,72367351","-49,13549423",SPRF-PR,DEL01-PR,UOP04-DEL01-PR
713340.0,1592686.0,22/08/2025,sexta-feira,19:30:00,PR,373.0,415,FOZ DO JORDAO,Não,Velocidade Incompatível,2.0,Saída de leito carroçável,Com Vítimas Feridas,Plena Noite,Crescente,Céu Claro,Simples,Reta,Sim,1269328.0,Automóvel,PEUGEOT/206 14 PRESEN FX,2007.0,Passageiro,Ileso,14.0,Feminino,1.0,0.0,0.0,0.0,"-25,66990576","-52,12320535",SPRF-PR,DEL08-PR,UOP01-DEL08-PR
713340.0,1592686.0,22/08/2025,sexta-feira,19:30:00,PR,373.0,415,FOZ DO JORDAO,Não,Velocidade Incompatível,1.0,Colisão transversal,Com Vítimas Feridas,Plena Noite,Crescente,Céu Claro,Simples,Reta,Sim,1269328.0,Automóvel,PEUGEOT/206 14 PRESEN FX,2007.0,Passageiro,Ileso,14.0,Feminino,1.0,0.0,0.0,0.0,"-25,66990576","-52,12320535",SPRF-PR,DEL08-PR,UOP01-DEL08-PR
713340.0,1592686.0,22/08/2025,sexta-feira,19:30:00,PR,373.0,415,FOZ DO JORDAO,Sim,Condutor deixou de manter distância do veículo da frente,2.0,Saída de leito carroçável,Com Vítimas Feridas,Plena Noite,Crescente,Céu Claro,Simples,Reta,Sim,1269328.0,Automóvel,PEUGEOT/206 14 PRESEN FX,2007.0,Passageiro,Ileso,14.0,Feminino,1.0,0.0,0.0,0.0,"-25,66990576","-52,12320535",SPRF-PR,DEL08-PR,UOP01-DEL08-PR
713340.0,1592686.0,22/08/2025,sexta-feira,19:30:00,PR,373.0,415,FOZ DO JORDAO,Sim,Condutor deixou de manter distância do veículo da frente,1.0,Colisão transversal,Com Vítimas Feridas,Plena Noite,Crescente,Céu Claro,Simples,Reta,Sim,1269328.0,Automóvel,PEUGEOT/206 14 PRESEN FX,2007.0,Passageiro,Ileso,14.0,Feminino,1.0,0.0,0.0,0.0,"-25,66990576","-52,12320535",SPRF-PR,DEL08-PR,UOP01-DEL08-PR
713340.0,1592686.0,22/08/2025,sexta-feira,19:30:00,PR,373.0,415,FOZ DO JORDAO,Não,Reação tardia ou ineficiente do condutor,2.0,Saída de leito carroçável,Com Vítimas Feridas,Plena Noite,Crescente,Céu Claro,Simples,Reta,Sim,1269328.0,Automóvel,PEUGEOT/206 14 PRESEN FX,2007.0,Passageiro,Ileso,14.0,Feminino,1.0,0.0,0.0,0.0,"-25,66990576","-52,12320535",SPRF-PR,DEL08-PR,UOP01-DEL08-PR
713340.0,1592686.0,22/08/2025,sexta-feira,19:30:00,PR,373.0,415,FOZ DO JORDAO,Não,Reação tardia ou ineficiente do condutor,1.0,Colisão transversal,Com Vítimas Feridas,Plena Noite,Crescente,Céu Claro,Simples,Reta,Sim,1269328.0,Automóvel,PEUGEOT/206 14 PRESEN FX,2007.0,Passageiro,Ileso,14.0,Feminino,1.0,0.0,0.0,0.0,"-25,66990576","-52,12320535",SPRF-PR,DEL08-PR,UOP01-DEL08-PR
713446.0,1593106.0,23/08/2025,sábado,07:45:00,PR,277.0,45,MORRETES,Sim,Manobra de mudança de faixa,1.0,Capotamento,Com Vítimas Feridas,Pleno dia,Decrescente,Céu Claro,Dupla,Reta;Declive,Não,1269531.0,Automóvel,I/PEUGEOT 3008 GRIFFE AT,2019.0,Passageiro,Lesões Leves,9.0,Feminino,0.0,1.0,0.0,0.0,"-25,59608","-48,898937",SPRF-PR,DEL01-PR,UOP05-DEL01-PR
713558.0,1591276.0,23/08/2025,sábado,18:25:00,PR,158.0,"532,8",PATO BRANCO,Não,Reação tardia ou ineficiente do condutor,1.0,Colisão traseira,Sem Vítimas,Plena Noite,Decrescente,Chuva,Dupla,Interseção de Vias,Não,1269818.0,Utilitário,I/VW TIGUAN 2.0 TSI,2013.0,Passageiro,Ileso,5.0,Masculino,1.0,0.0,0.0,0.0,"-26,21949458","-52,68225281",SPRF-PR,DEL02-PR,UOP01-DEL02-PR
713558.0,1591276.0,23/08/2025,sábado,18:25:00,PR,158.0,"532,8",PATO BRANCO,Sim,Ingestão de álcool pelo condutor,1.0,Colisão traseira,Sem Vítimas,Plena Noite,Decrescente,Chuva,Dupla,Interseção de Vias,Não,1269818.0,Utilitário,I/VW TIGUAN 2.0 TSI,2013.0,Passageiro,Ileso,5.0,Masculino,1.0,0.0,0.0,0.0,"-26,21949458","-52,68225281",SPRF-PR,DEL02-PR,UOP01-DEL02-PR
713733.0,1592688.0,24/08/2025,domingo,10:50:00,PR,277.0,122,CAMPO LARGO,Sim,Demais falhas mecânicas ou elétricas,1.0,Queda de ocupante de veículo,Com Vítimas Feridas,Pleno dia,Decrescente,Céu Claro,Dupla,Reta,Sim,1270086.0,Caminhão,M.BENZ/L 1113,1977.0,Passageiro,Ileso,10.0,Masculino,1.0,0.0,0.0,0.0,"-25,44381715","-49,50501546",SPRF-PR,DEL03-PR,UOP03-DEL03-PR
713733.0,1591622.0,24/08/2025,domingo,10:50:00,PR,277.0,122,CAMPO LARGO,Sim,Demais falhas mecânicas ou elétricas,1.0,Queda de ocupante de veículo,Com Vítimas Feridas,Pleno dia,Decrescente,Céu Claro,Dupla,Reta,Sim,1270086.0,Caminhão,M.BENZ/L 1113,1977.0,Passageiro,Lesões Graves,9.0,Masculino,0.0,0.0,1.0,0.0,"-25,44381715","-49,50501546",SPRF-PR,DEL03-PR,UOP03-DEL03-PR
713734.0,1591607.0,24/08/2025,domingo,11:20:00,PR,116.0,9,CAMPINA GRANDE DO SUL,Sim,Ausência de reação do condutor,1.0,Capotamento,Com Vítimas Feridas,Pleno dia,Crescente,Chuva,Dupla,Curva,Não,1270077.0,Caminhonete,GM/S10 ADVANTAGE D,2010.0,Passageiro,Lesões Leves,0.0,Feminino,0.0,1.0,0.0,0.0,"-25,083","-48,638",SPRF-PR,DEL01-PR,UOP02-DEL01-PR
713764.0,1591669.0,24/08/2025,domingo,15:30:00,PR,163.0,177,LINDOESTE,Sim,Chuva,2.0,Saída de leito carroçável,Com Vítimas Feridas,Pleno dia,Crescente,Chuva,Dupla,Curva,Não,1270116.0,Automóvel,CHEV/PRISMA 1.4AT LT,2017.0,Passageiro,Lesões Leves,9.0,Feminino,0.0,1.0,0.0,0.0,"-25,173085","-53,603642",SPRF-PR,DEL05-PR,UOP05-DEL05-PR
713764.0,1591669.0,24/08/2025,domingo,15:30:00,PR,163.0,177,LINDOESTE,Sim,Chuva,1.0,Colisão lateral mesmo sentido,Com Vítimas Feridas,Pleno dia,Crescente,Chuva,Dupla,Curva,Não,1270116.0,Automóvel,CHEV/PRISMA 1.4AT LT,2017.0,Passageiro,Lesões Leves,9.0,Feminino,0.0,1.0,0.0,0.0,"-25,173085","-53,603642",SPRF-PR,DEL05-PR,UOP05-DEL05-PR
713837.0,1591809.0,24/08/2025,domingo,20:20:00,PR,116.0,"144,4",MANDIRITUBA,Sim,Pista Escorregadia,2.0,Queda de ocupante de veículo,Com Vítimas Feridas,Plena Noite,Decrescente,Chuva,Simples,Reta,Não,1270214.0,Motocicleta,HONDA/CG 160 FAN,2022.0,Passageiro,Lesões Leves,14.0,Feminino,0.0,1.0,0.0,0.0,"-25,802601","-49,328724",SPRF-PR,DEL01-PR,UOP03-DEL01-PR
713837.0,1591809.0,24/08/2025,domingo,20:20:00,PR,116.0,"144,4",MANDIRITUBA,Sim,Pista Escorregadia,1.0,Tombamento,Com Vítimas Feridas,Plena Noite,Decrescente,Chuva,Simples,Reta,Não,1270214.0,Motocicleta,HONDA/CG 160 FAN,2022.0,Passageiro,Lesões Leves,14.0,Feminino,0.0,1.0,0.0,0.0,"-25,802601","-49,328724",SPRF-PR,DEL01-PR,UOP03-DEL01-PR
713842.0,1595670.0,24/08/2025,domingo,20:45:00,PR,277.0,47,MORRETES,Sim,Demais falhas mecânicas ou elétricas,1.0,Incêndio,Sem Vítimas,Plena Noite,Crescente,Nublado,Múltipla,Reta;Aclive,Não,1270257.0,Automóvel,VW/GOL 1.0,2001.0,Passageiro,Ileso,6.0,Masculino,1.0,0.0,0.0,0.0,"-25,59656129","-48,90057564",SPRF-PR,DEL01-PR,UOP05-DEL01-PR
713842.0,1595667.0,24/08/2025,domingo,20:45:00,PR,277.0,47,MORRETES,Sim,Demais falhas mecânicas ou elétricas,1.0,Incêndio,Sem Vítimas,Plena Noite,Crescente,Nublado,Múltipla,Reta;Aclive,Não,1270257.0,Automóvel,VW/GOL 1.0,2001.0,Passageiro,Ileso,11.0,Feminino,1.0,0.0,0.0,0.0,"-25,59656129","-48,90057564",SPRF-PR,DEL01-PR,UOP05-DEL01-PR
713842.0,1595666.0,24/08/2025,domingo,20:45:00,PR,277.0,47,MORRETES,Sim,Demais falhas mecânicas ou elétricas,1.0,Incêndio,Sem Vítimas,Plena Noite,Crescente,Nublado,Múltipla,Reta;Aclive,Não,1270257.0,Automóvel,VW/GOL 1.0,2001.0,Passageiro,Ileso,15.0,Feminino,1.0,0.0,0.0,0.0,"-25,59656129","-48,90057564",SPRF-PR,DEL01-PR,UOP05-DEL01-PR
713842.0,1595665.0,24/08/2025,domingo,20:45:00,PR,277.0,47,MORRETES,Sim,Demais falhas mecânicas ou elétricas,1.0,Incêndio,Sem Vítimas,Plena Noite,Crescente,Nublado,Múltipla,Reta;Aclive,Não,1270257.0,Automóvel,VW/GOL 1.0,2001.0,Passageiro,Ileso,15.0,Masculino,1.0,0.0,0.0,0.0,"-25,59656129","-48,90057564",SPRF-PR,DEL01-PR,UOP05-DEL01-PR
713902.0,1593420.0,25/08/2025,segunda-feira,07:00:00,PR,116.0,166,QUITANDINHA,Não,Ausência de reação do condutor,1.0,Colisão transversal,Com Vítimas Feridas,Pleno dia,Crescente,Céu Claro,Simples,Reta,Não,1270629.0,Automóvel,FIAT/PALIO FIRE ECONOMY,2009.0,Passageiro,Lesões Leves,8.0,Masculino,0.0,1.0,0.0,0.0,"-25,874627","-49,480952",SPRF-PR,DEL01-PR,UOP03-DEL01-PR
713902.0,1593420.0,25/08/2025,segunda-feira,07:00:00,PR,116.0,166,QUITANDINHA,Sim,Acessar a via sem observar a presença dos outros veículos,1.0,Colisão transversal,Com Vítimas Feridas,Pleno dia,Crescente,Céu Claro,Simples,Reta,Não,1270629.0,Automóvel,FIAT/PALIO FIRE ECONOMY,2009.0,Passageiro,Lesões Leves,8.0,Masculino,0.0,1.0,0.0,0.0,"-25,874627","-49,480952",SPRF-PR,DEL01-PR,UOP03-DEL01-PR
713960.0,1594133.0,25/08/2025,segunda-feira,13:00:00,PR,277.0,"451,5",LARANJEIRAS DO SUL,Sim,Desrespeitar a preferência no cruzamento,1.0,Colisão transversal,Com Vítimas Feridas,Pleno dia,Crescente,Sol,Simples,Interseção de Vias,Não,1270461.0,Automóvel,HONDA/CIVIC LXS FLEX,2009.0,Passageiro,Lesões Leves,0.0,Feminino,0.0,1.0,0.0,0.0,"-25,37442958","-52,38870263",SPRF-PR,DEL04-PR,UOP02-DEL04-PR
714046.0,1592356.0,25/08/2025,segunda-feira,18:30:00,PR,373.0,"171,9",PONTA GROSSA,Sim,Condutor Dormindo,1.0,Colisão com objeto,Com Vítimas Feridas,Anoitecer,Decrescente,Céu Claro,Dupla,Curva,Sim,1270649.0,Automóvel,FIAT/PALIO ESSENC 1.6 DL,2012.0,Passageiro,Lesões Graves,5.0,Feminino,0.0,0.0,1.0,0.0,"-25,08168198","-50,19007123",SPRF-PR,DEL03-PR,UOP01-DEL03-PR
714084.0,1592455.0,26/08/2025,terça-feira,07:45:00,PR,163.0,"35,8",SANTO ANTONIO DO SUDOESTE,Sim,Acesso irregular,3.0,Queda de ocupante de veículo,Com Vítimas Feridas,Pleno dia,Decrescente,Nublado,Simples,Rotatória,Sim,1270744.0,Bicicleta,Não Informado/Não Informado,0.0,Condutor,Lesões Graves,15.0,Masculino,0.0,0.0,1.0,0.0,"-26,059422","-53,719712",SPRF-PR,DEL02-PR,UOP02-DEL02-PR
714084.0,1592455.0,26/08/2025,terça-feira,07:45:00,PR,163.0,"35,8",SANTO ANTONIO DO SUDOESTE,Sim,Acesso irregular,2.0,Tombamento,Com Vítimas Feridas,Pleno dia,Decrescente,Nublado,Simples,Rotatória,Sim,1270744.0,Bicicleta,Não Informado/Não Informado,0.0,Condutor,Lesões Graves,15.0,Masculino,0.0,0.0,1.0,0.0,"-26,059422","-53,719712",SPRF-PR,DEL02-PR,UOP02-DEL02-PR
714084.0,1592455.0,26/08/2025,terça-feira,07:45:00,PR,163.0,"35,8",SANTO ANTONIO DO SUDOESTE,Sim,Acesso irregular,1.0,Colisão frontal,Com Vítimas Feridas,Pleno dia,Decrescente,Nublado,Simples,Rotatória,Sim,1270744.0,Bicicleta,Não Informado/Não Informado,0.0,Condutor,Lesões Graves,15.0,Masculino,0.0,0.0,1.0,0.0,"-26,059422","-53,719712",SPRF-PR,DEL02-PR,UOP02-DEL02-PR
714157.0,1592584.0,26/08/2025,terça-feira,07:15:00,PR,376.0,501,PONTA GROSSA,Não,Chuva,3.0,Capotamento,Com Vítimas Feridas,Pleno dia,Decrescente,Chuva,Dupla,Reta;Ponte,Não,1270857.0,Automóvel,FIAT/ARGO DRIVE 1.0,2019.0,Passageiro,Lesões Leves,6.0,Masculino,0.0,1.0,0.0,0.0,"-25,1624679","-50,123107",SPRF-PR,DEL03-PR,UOP04-DEL03-PR
714157.0,1592584.0,26/08/2025,terça-feira,07:15:00,PR,376.0,501,PONTA GROSSA,Não,Chuva,2.0,Colisão com objeto,Com Vítimas Feridas,Pleno dia,Decrescente,Chuva,Dupla,Reta;Ponte,Não,1270857.0,Automóvel,FIAT/ARGO DRIVE 1.0,2019.0,Passageiro,Lesões Leves,6.0,Masculino,0.0,1.0,0.0,0.0,"-25,1624679","-50,123107",SPRF-PR,DEL03-PR,UOP04-DEL03-PR
714157.0,1592584.0,26/08/2025,terça-feira,07:15:00,PR,376.0,501,PONTA GROSSA,Não,Chuva,1.0,Saída de leito carroçável,Com Vítimas Feridas,Pleno dia,Decrescente,Chuva,Dupla,Reta;Ponte,Não,1270857.0,Automóvel,FIAT/ARGO DRIVE 1.0,2019.0,Passageiro,Lesões Leves,6.0,Masculino,0.0,1.0,0.0,0.0,"-25,1624679","-50,123107",SPRF-PR,DEL03-PR,UOP04-DEL03-PR
714157.0,1592584.0,26/08/2025,terça-feira,07:15:00,PR,376.0,501,PONTA GROSSA,Sim,Reação tardia ou ineficiente do condutor,3.0,Capotamento,Com Vítimas Feridas,Pleno dia,Decrescente,Chuva,Dupla,Reta;Ponte,Não,1270857.0,Automóvel,FIAT/ARGO DRIVE 1.0,2019.0,Passageiro,Lesões Leves,6.0,Masculino,0.0,1.0,0.0,0.0,"-25,1624679","-50,123107",SPRF-PR,DEL03-PR,UOP04-DEL03-PR
714157.0,1592584.0,26/08/2025,terça-feira,07:15:00,PR,376.0,501,PONTA GROSSA,Sim,Reação tardia ou ineficiente do condutor,2.0,Colisão com objeto,Com Vítimas Feridas,Pleno dia,Decrescente,Chuva,Dupla,Reta;Ponte,Não,1270857.0,Automóvel,FIAT/ARGO DRIVE 1.0,2019.0,Passageiro,Lesões Leves,6.0,Masculino,0.0,1.0,0.0,0.0,"-25,1624679","-50,123107",SPRF-PR,DEL03-PR,UOP04-DEL03-PR
714157.0,1592584.0,26/08/2025,terça-feira,07:15:00,PR,376.0,501,PONTA GROSSA,Sim,Reação tardia ou ineficiente do condutor,1.0,Saída de leito carroçável,Com Vítimas Feridas,Pleno dia,Decrescente,Chuva,Dupla,Reta;Ponte,Não,1270857.0,Automóvel,FIAT/ARGO DRIVE 1.0,2019.0,Passageiro,Lesões Leves,6.0,Masculino,0.0,1.0,0.0,0.0,"-25,1624679","-50,123107",SPRF-PR,DEL03-PR,UOP04-DEL03-PR
714194.0,1592702.0,26/08/2025,terça-feira,16:21:00,PR,116.0,"37,4",CAMPINA GRANDE DO SUL,Não,Falta de elemento de contenção que evite a saída do leito carroçável,3.0,Colisão transversal,Com Vítimas Feridas,Pleno dia,Decrescente,Chuva,Múltipla,Curva,Não,1270957.0,Automóvel,FIAT/SIENA 1.6,2015.0,Passageiro,Lesões Leves,3.0,Masculino,0.0,1.0,0.0,0.0,"-25,150487","-48,85911",SPRF-PR,DEL01-PR,UOP02-DEL01-PR
714194.0,1592699.0,26/08/2025,terça-feira,16:21:00,PR,116.0,"37,4",CAMPINA GRANDE DO SUL,Não,Falta de elemento de contenção que evite a saída do leito carroçável,3.0,Colisão transversal,Com Vítimas Feridas,Pleno dia,Decrescente,Chuva,Múltipla,Curva,Não,1270957.0,Automóvel,FIAT/SIENA 1.6,2015.0,Passageiro,Lesões Leves,11.0,Masculino,0.0,1.0,0.0,0.0,"-25,150487","-48,85911",SPRF-PR,DEL01-PR,UOP02-DEL01-PR
714194.0,1592702.0,26/08/2025,terça-feira,16:21:00,PR,116.0,"37,4",CAMPINA GRANDE DO SUL,Não,Falta de elemento de contenção que evite a saída do leito carroçável,2.0,Colisão com objeto,Com Vítimas Feridas,Pleno dia,Decrescente,Chuva,Múltipla,Curva,Não,1270957.0,Automóvel,FIAT/SIENA 1.6,2015.0,Passageiro,Lesões Leves,3.0,Masculino,0.0,1.0,0.0,0.0,"-25,150487","-48,85911",SPRF-PR,DEL01-PR,UOP02-DEL01-PR
714194.0,1592699.0,26/08/2025,terça-feira,16:21:00,PR,116.0,"37,4",CAMPINA GRANDE DO SUL,Não,Falta de elemento de contenção que evite a saída do leito carroçável,2.0,Colisão com objeto,Com Vítimas Feridas,Pleno dia,Decrescente,Chuva,Múltipla,Curva,Não,1270957.0,Automóvel,FIAT/SIENA 1.6,2015.0,Passageiro,Lesões Leves,11.0,Masculino,0.0,1.0,0.0,0.0,"-25,150487","-48,85911",SPRF-PR,DEL01-PR,UOP02-DEL01-PR
714194.0,1592702.0,26/08/2025,terça-feira,16:21:00,PR,116.0,"37,4",CAMPINA GRANDE DO SUL,Não,Falta de elemento de contenção que evite a saída do leito carroçável,1.0,Saída de leito carroçável,Com Vítimas Feridas,Pleno dia,Decrescente,Chuva,Múltipla,Curva,Não,1270957.0,Automóvel,FIAT/SIENA 1.6,2015.0,Passageiro,Lesões Leves,3.0,Masculino,0.0,1.0,0.0,0.0,"-25,150487","-48,85911",SPRF-PR,DEL01-PR,UOP02-DEL01-PR
714194.0,1592699.0,26/08/2025,terça-feira,16:21:00,PR,116.0,"37,4",CAMPINA GRANDE DO SUL,Não,Falta de elemento de contenção que evite a saída do leito carroçável,1.0,Saída de leito carroçável,Com Vítimas Feridas,Pleno dia,Decrescente,Chuva,Múltipla,Curva,Não,1270957.0,Automóvel,FIAT/SIENA 1.6,2015.0,Passageiro,Lesões Leves,11.0,Masculino,0.0,1.0,0.0,0.0,"-25,150487","-48,85911",SPRF-PR,DEL01-PR,UOP02-DEL01-PR
714194.0,1592702.0,26/08/2025,terça-feira,16:21:00,PR,116.0,"37,4",CAMPINA GRANDE DO SUL,Não,Chuva,3.0,Colisão transversal,Com Vítimas Feridas,Pleno dia,Decrescente,Chuva,Múltipla,Curva,Não,1270957.0,Automóvel,FIAT/SIENA 1.6,2015.0,Passageiro,Lesões Leves,3.0,Masculino,0.0,1.0,0.0,0.0,"-25,150487","-48,85911",SPRF-PR,DEL01-PR,UOP02-DEL01-PR
714194.0,1592699.0,26/08/2025,terça-feira,16:21:00,PR,116.0,"37,4",CAMPINA GRANDE DO SUL,Não,Chuva,3.0,Colisão transversal,Com Vítimas Feridas,Pleno dia,Decrescente,Chuva,Múltipla,Curva,Não,1270957.0,Automóvel,FIAT/SIENA 1.6,2015.0,Passageiro,Lesões Leves,11.0,Masculino,0.0,1.0,0.0,0.0,"-25,150487","-48,85911",SPRF-PR,DEL01-PR,UOP02-DEL01-PR
714194.0,1592702.0,26/08/2025,terça-feira,16:21:00,PR,116.0,"37,4",CAMPINA GRANDE DO SUL,Não,Chuva,2.0,Colisão com objeto,Com Vítimas Feridas,Pleno dia,Decrescente,Chuva,Múltipla,Curva,Não,1270957.0,Automóvel,FIAT/SIENA 1.6,2015.0,Passageiro,Lesões Leves,3.0,Masculino,0.0,1.0,0.0,0.0,"-25,150487","-48,85911",SPRF-PR,DEL01-PR,UOP02-DEL01-PR
714194.0,1592699.0,26/08/2025,terça-feira,16:21:00,PR,116.0,"37,4",CAMPINA GRANDE DO SUL,Não,Chuva,2.0,Colisão com objeto,Com Vítimas Feridas,Pleno dia,Decrescente,Chuva,Múltipla,Curva,Não,1270957.0,Automóvel,FIAT/SIENA 1.6,2015.0,Passageiro,Lesões Leves,11.0,Masculino,0.0,1.0,0.0,0.0,"-25,150487","-48,85911",SPRF-PR,DEL01-PR,UOP02-DEL01-PR
714194.0,1592702.0,26/08/2025,terça-feira,16:21:00,PR,116.0,"37,4",CAMPINA GRANDE DO SUL,Não,Chuva,1.0,Saída de leito carroçável,Com Vítimas Feridas,Pleno dia,Decrescente,Chuva,Múltipla,Curva,Não,1270957.0,Automóvel,FIAT/SIENA 1.6,2015.0,Passageiro,Lesões Leves,3.0,Masculino,0.0,1.0,0.0,0.0,"-25,150487","-48,85911",SPRF-PR,DEL01-PR,UOP02-DEL01-PR
714194.0,1592699.0,26/08/2025,terça-feira,16:21:00,PR,116.0,"37,4",CAMPINA GRANDE DO SUL,Não,Chuva,1.0,Saída de leito carroçável,Com Vítimas Feridas,Pleno dia,Decrescente,Chuva,Múltipla,Curva,Não,1270957.0,Automóvel,FIAT/SIENA 1.6,2015.0,Passageiro,Lesões Leves,11.0,Masculino,0.0,1.0,0.0,0.0,"-25,150487","-48,85911",SPRF-PR,DEL01-PR,UOP02-DEL01-PR
714194.0,1592702.0,26/08/2025,terça-feira,16:21:00,PR,116.0,"37,4",CAMPINA GRANDE DO SUL,Sim,Acumulo de água sobre o pavimento,3.0,Colisão transversal,Com Vítimas Feridas,Pleno dia,Decrescente,Chuva,Múltipla,Curva,Não,1270957.0,Automóvel,FIAT/SIENA 1.6,2015.0,Passageiro,Lesões Leves,3.0,Masculino,0.0,1.0,0.0,0.0,"-25,150487","-48,85911",SPRF-PR,DEL01-PR,UOP02-DEL01-PR
714194.0,1592699.0,26/08/2025,terça-feira,16:21:00,PR,116.0,"37,4",CAMPINA GRANDE DO SUL,Sim,Acumulo de água sobre o pavimento,3.0,Colisão transversal,Com Vítimas Feridas,Pleno dia,Decrescente,Chuva,Múltipla,Curva,Não,1270957.0,Automóvel,FIAT/SIENA 1.6,2015.0,Passageiro,Lesões Leves,11.0,Masculino,0.0,1.0,0.0,0.0,"-25,150487","-48,85911",SPRF-PR,DEL01-PR,UOP02-DEL01-PR
714194.0,1592702.0,26/08/2025,terça-feira,16:21:00,PR,116.0,"37,4",CAMPINA GRANDE DO SUL,Sim,Acumulo de água sobre o pavimento,2.0,Colisão com objeto,Com Vítimas Feridas,Pleno dia,Decrescente,Chuva,Múltipla,Curva,Não,1270957.0,Automóvel,FIAT/SIENA 1.6,2015.0,Passageiro,Lesões Leves,3.0,Masculino,0.0,1.0,0.0,0.0,"-25,150487","-48,85911",SPRF-PR,DEL01-PR,UOP02-DEL01-PR
714194.0,1592699.0,26/08/2025,terça-feira,16:21:00,PR,116.0,"37,4",CAMPINA GRANDE DO SUL,Sim,Acumulo de água sobre o pavimento,2.0,Colisão com objeto,Com Vítimas Feridas,Pleno dia,Decrescente,Chuva,Múltipla,Curva,Não,1270957.0,Automóvel,FIAT/SIENA 1.6,2015.0,Passageiro,Lesões Leves,11.0,Masculino,0.0,1.0,0.0,0.0,"-25,150487","-48,85911",SPRF-PR,DEL01-PR,UOP02-DEL01-PR
714194.0,1592702.0,26/08/2025,terça-feira,16:21:00,PR,116.0,"37,4",CAMPINA GRANDE DO SUL,Sim,Acumulo de água sobre o pavimento,1.0,Saída de leito carroçável,Com Vítimas Feridas,Pleno dia,Decrescente,Chuva,Múltipla,Curva,Não,1270957.0,Automóvel,FIAT/SIENA 1.6,2015.0,Passageiro,Lesões Leves,3.0,Masculino,0.0,1.0,0.0,0.0,"-25,150487","-48,85911",SPRF-PR,DEL01-PR,UOP02-DEL01-PR
714194.0,1592699.0,26/08/2025,terça-feira,16:21:00,PR,116.0,"37,4",CAMPINA GRANDE DO SUL,Sim,Acumulo de água sobre o pavimento,1.0,Saída de leito carroçável,Com Vítimas Feridas,Pleno dia,Decrescente,Chuva,Múltipla,Curva,Não,1270957.0,Automóvel,FIAT/SIENA 1.6,2015.0,Passageiro,Lesões Leves,11.0,Masculino,0.0,1.0,0.0,0.0,"-25,150487","-48,85911",SPRF-PR,DEL01-PR,UOP02-DEL01-PR
714304.0,1593372.0,27/08/2025,quarta-feira,06:50:00,PR,369.0,"470,8",CORBELIA,Sim,Condutor Dormindo,3.0,Colisão lateral sentido oposto,Com Vítimas Feridas,Amanhecer,Crescente,Céu Claro,Simples,Curva,Não,1271512.0,Automóvel,VW/VIRTUS MF,2019.0,Passageiro,Lesões Leves,8.0,Feminino,0.0,1.0,0.0,0.0,"-24,695729","-53,240061",SPRF-PR,DEL04-PR,UOP03-DEL04-PR
714304.0,1593372.0,27/08/2025,quarta-feira,06:50:00,PR,369.0,"470,8",CORBELIA,Sim,Condutor Dormindo,2.0,Colisão frontal,Com Vítimas Feridas,Amanhecer,Crescente,Céu Claro,Simples,Curva,Não,1271512.0,Automóvel,VW/VIRTUS MF,2019.0,Passageiro,Lesões Leves,8.0,Feminino,0.0,1.0,0.0,0.0,"-24,695729","-53,240061",SPRF-PR,DEL04-PR,UOP03-DEL04-PR
714304.0,1593372.0,27/08/2025,quarta-feira,06:50:00,PR,369.0,"470,8",CORBELIA,Sim,Condutor Dormindo,1.0,Colisão lateral sentido oposto,Com Vítimas Feridas,Amanhecer,Crescente,Céu Claro,Simples,Curva,Não,1271512.0,Automóvel,VW/VIRTUS MF,2019.0,Passageiro,Lesões Leves,8.0,Feminino,0.0,1.0,0.0,0.0,"-24,695729","-53,240061",SPRF-PR,DEL04-PR,UOP03-DEL04-PR