id,pesid,data_inversa,dia_semana,horario,uf,br,km,municipio,causa_principal,causa_acidente,ordem_tipo_acidente,tipo_acidente,classificacao_acidente,fase_dia,sentido_via,condicao_metereologica,tipo_pista,tracado_via,uso_solo,id_veiculo,tipo_veiculo,marca,ano_fabricacao_veiculo,tipo_envolvido,estado_fisico,idade,sexo,ilesos,feridos_leves,feridos_graves,mortos,latitude,longitude,regional,delegacia,uop
716493.0,1598141.0,20/07/2025,domingo,18:47:00,PR,476.0,"169,8",CONTENDA,Não,Ausência de reação do condutor,1.0,Colisão frontal,Com Vítimas Fatais,Plena Noite,Crescente,Céu Claro,Simples,Reta;Aclive,Sim,1275485.0,Automóvel,VW/GOL 1.0,2006.0,Passageiro,Óbito,2.0,Feminino,0.0,0.0,0.0,1.0,"-25,6709917","-49,50897751",SPRF-PR,DEL01-PR,UOP06-DEL01-PR
716493.0,1598141.0,20/07/2025,domingo,18:47:00,PR,476.0,"169,8",CONTENDA,Não,Ingestão de álcool pelo condutor,1.0,Colisão frontal,Com Vítimas Fatais,Plena Noite,Crescente,Céu Claro,Simples,Reta;Aclive,Sim,1275485.0,Automóvel,VW/GOL 1.0,2006.0,Passageiro,Óbito,2.0,Feminino,0.0,0.0,0.0,1.0,"-25,6709917","-49,50897751",SPRF-PR,DEL01-PR,UOP06-DEL01-PR
716810.0,1598952.0,07/09/2025,domingo,11:40:00,PR,163.0,284,MARECHAL CANDIDO RONDON,Sim,Acessar a via sem observar a presença dos outros veículos,2.0,Tombamento,Com Vítimas Feridas,Pleno dia,Decrescente,Céu Claro,Dupla,Reta;Interseção de Vias;Rotatória;Viaduto,Sim,1276118.0,Automóvel,VW/GOL 16V PLUS,2001.0,Passageiro,Ileso,9.0,Masculino,1.0,0.0,0.0,0.0,"-24,5457267","-54,04395517",SPRF-PR,DEL06-PR,UOP02-DEL06-PR
716810.0,1598952.0,07/09/2025,domingo,11:40:00,PR,163.0,284,MARECHAL CANDIDO RONDON,Sim,Acessar a via sem observar a presença dos outros veículos,1.0,Colisão transversal,Com Vítimas Feridas,Pleno dia,Decrescente,Céu Claro,Dupla,Reta;Interseção de Vias;Rotatória;Viaduto,Sim,1276118.0,Automóvel,VW/GOL 16V PLUS,2001.0,Passageiro,Ileso,9.0,Masculino,1.0,0.0,0.0,0.0,"-24,5457267","-54,04395517",SPRF-PR,DEL06-PR,UOP02-DEL06-PR
716815.0,1599043.0,07/09/2025,domingo,11:50:00,PR,376.0,330,ORTIGUEIRA,Sim,Acesso irregular,2.0,Tombamento,Sem Vítimas,Pleno dia,Decrescente,Céu Claro,Dupla,Retorno Regulamentado,Não,1276194.0,Automóvel,FIAT/MOBI WAY,2017.0,Passageiro,Ileso,11.0,Feminino,1.0,0.0,0.0,0.0,"-24,11276775","-51,03809237",SPRF-PR,DEL07-PR,UOP02-DEL07-PR
716815.0,1599043.0,07/09/2025,domingo,11:50:00,PR,376.0,330,ORTIGUEIRA,Sim,Acesso irregular,1.0,Colisão transversal,Sem Vítimas,Pleno dia,Decrescente,Céu Claro,Dupla,Retorno Regulamentado,Não,1276194.0,Automóvel,FIAT/MOBI WAY,2017.0,Passageiro,Ileso,11.0,Feminino,1.0,0.0,0.0,0.0,"-24,11276775","-51,03809237",SPRF-PR,DEL07-PR,UOP02-DEL07-PR
716829.0,1599009.0,07/09/2025,domingo,16:15:00,PR,277.0,633,CEU AZUL,Sim,Acessar a via sem observar a presença dos outros veículos,1.0,Colisão transversal,Com Vítimas Feridas,Pleno dia,Crescente,Garoa/Chuvisco,Simples,Interseção de Vias,Sim,1276172.0,Camioneta,RENAULT/DUSTER 16 D 4X2,2014.0,Passageiro,Lesões Leves,2.0,Masculino,0.0,1.0,0.0,0.0,"-25,1286078","-53,82378101",SPRF-PR,DEL05-PR,UOP02-DEL05-PR
717049.0,1599484.0,08/09/2025,segunda-feira,15:00:00,PR,277.0,"429,9",VIRMOND,Sim,Acessar a via sem observar a presença dos outros veículos,1.0,Colisão traseira,Com Vítimas Feridas,Pleno dia,Decrescente,Céu Claro,Simples,Reta;Aclive,Não,1276536.0,Automóvel,VW/T CROSS CL TSI,2022.0,Passageiro,Lesões Leves,1.0,Masculino,0.0,1.0,0.0,0.0,"-25,37899905","-52,18650699",SPRF-PR,DEL04-PR,UOP02-DEL04-PR
717050.0,1599480.0,08/09/2025,segunda-feira,14:00:00,PR,369.0,"482,1",CORBELIA,Não,Reação tardia ou ineficiente do condutor,1.0,Colisão traseira,Com Vítimas Feridas,Pleno dia,Crescente,Céu Claro,Simples,Reta;Aclive,Sim,1276534.0,Automóvel,CHEV/TRACKER T A LT,2024.0,Passageiro,Ileso,8.0,Feminino,1.0,0.0,0.0,0.0,"-24,77324433","-53,29302871",SPRF-PR,DEL04-PR,UOP03-DEL04-PR
717050.0,1599480.0,08/09/2025,segunda-feira,14:00:00,PR,369.0,"482,1",CORBELIA,Sim,Condutor deixou de manter distância do veículo da frente,1.0,Colisão traseira,Com Vítimas Feridas,Pleno dia,Crescente,Céu Claro,Simples,Reta;Aclive,Sim,1276534.0,Automóvel,CHEV/TRACKER T A LT,2024.0,Passageiro,Ileso,8.0,Feminino,1.0,0.0,0.0,0.0,"-24,77324433","-53,29302871",SPRF-PR,DEL04-PR,UOP03-DEL04-PR
717347.0,1600324.0,10/09/2025,quarta-feira,06:40:00,PR,369.0,351,CAMPO MOURAO,Sim,Acesso irregular,1.0,Colisão traseira,Sem Vítimas,Pleno dia,Decrescente,Céu Claro,Simples,Reta,Não,1277240.0,Ônibus,VW/MASCA ROMA,2017.0,Passageiro,Ileso,16.0,Masculino,1.0,0.0,0.0,0.0,"-24,1506561","-52,461935",SPRF-PR,DEL09-PR,UOP03-DEL09-PR
717347.0,1600367.0,10/09/2025,quarta-feira,06:40:00,PR,369.0,351,CAMPO MOURAO,Sim,Acesso irregular,1.0,Colisão traseira,Sem Vítimas,Pleno dia,Decrescente,Céu Claro,Simples,Reta,Não,1277240.0,Ônibus,VW/MASCA ROMA,2017.0,Passageiro,Ileso,15.0,Masculino,1.0,0.0,0.0,0.0,"-24,1506561","-52,461935",SPRF-PR,DEL09-PR,UOP03-DEL09-PR
717394.0,1600527.0,10/09/2025,quarta-feira,11:30:00,PR,277.0,312,GUARAPUAVA,Não,Reação tardia ou ineficiente do condutor,3.0,Colisão com objeto,Com Vítimas Feridas,Pleno dia,Decrescente,Céu Claro,Simples,Declive;Reta;Em Obras,Não,1277340.0,Ônibus,M.BENZ/O 400 RSL,1994.0,Passageiro,Ileso,9.0,Masculino,1.0,0.0,0.0,0.0,"-25,335094","-51,216647",SPRF-PR,DEL08-PR,UOP01-DEL08-PR
717394.0,1600527.0,10/09/2025,quarta-feira,11:30:00,PR,277.0,312,GUARAPUAVA,Não,Reação tardia ou ineficiente do condutor,2.0,Saída de leito carroçável,Com Vítimas Feridas,Pleno dia,Decrescente,Céu Claro,Simples,Declive;Reta;Em Obras,Não,1277340.0,Ônibus,M.BENZ/O 400 RSL,1994.0,Passageiro,Ileso,9.0,Masculino,1.0,0.0,0.0,0.0,"-25,335094","-51,216647",SPRF-PR,DEL08-PR,UOP01-DEL08-PR
717394.0,1600527.0,10/09/2025,quarta-feira,11:30:00,PR,277.0,312,GUARAPUAVA,Não,Reação tardia ou ineficiente do condutor,1.0,Colisão traseira,Com Vítimas Feridas,Pleno dia,Decrescente,Céu Claro,Simples,Declive;Reta;Em Obras,Não,1277340.0,Ônibus,M.BENZ/O 400 RSL,1994.0,Passageiro,Ileso,9.0,Masculino,1.0,0.0,0.0,0.0,"-25,335094","-51,216647",SPRF-PR,DEL08-PR,UOP01-DEL08-PR
717394.0,1600527.0,10/09/2025,quarta-feira,11:30:00,PR,277.0,312,GUARAPUAVA,Não,Condutor deixou de manter distância do veículo da frente,3.0,Colisão com objeto,Com Vítimas Feridas,Pleno dia,Decrescente,Céu Claro,Simples,Declive;Reta;Em Obras,Não,1277340.0,Ônibus,M.BENZ/O 400 RSL,1994.0,Passageiro,Ileso,9.0,Masculino,1.0,0.0,0.0,0.0,"-25,335094","-51,216647",SPRF-PR,DEL08-PR,UOP01-DEL08-PR
717394.0,1600527.0,10/09/2025,quarta-feira,11:30:00,PR,277.0,312,GUARAPUAVA,Não,Condutor deixou de manter distância do veículo da frente,2.0,Saída de leito carroçável,Com Vítimas Feridas,Pleno dia,Decrescente,Céu Claro,Simples,Declive;Reta;Em Obras,Não,1277340.0,Ônibus,M.BENZ/O 400 RSL,1994.0,Passageiro,Ileso,9.0,Masculino,1.0,0.0,0.0,0.0,"-25,335094","-51,216647",SPRF-PR,DEL08-PR,UOP01-DEL08-PR
717394.0,1600527.0,10/09/2025,quarta-feira,11:30:00,PR,277.0,312,GUARAPUAVA,Não,Condutor deixou de manter distância do veículo da frente,1.0,Colisão traseira,Com Vítimas Feridas,Pleno dia,Decrescente,Céu Claro,Simples,Declive;Reta;Em Obras,Não,1277340.0,Ônibus,M.BENZ/O 400 RSL,1994.0,Passageiro,Ileso,9.0,Masculino,1.0,0.0,0.0,0.0,"-25,335094","-51,216647",SPRF-PR,DEL08-PR,UOP01-DEL08-PR
717394.0,1600527.0,10/09/2025,quarta-feira,11:30:00,PR,277.0,312,GUARAPUAVA,Não,Problema com o freio,3.0,Colisão com objeto,Com Vítimas Feridas,Pleno dia,Decrescente,Céu Claro,Simples,Declive;Reta;Em Obras,Não,1277340.0,Ônibus,M.BENZ/O 400 RSL,1994.0,Passageiro,Ileso,9.0,Masculino,1.0,0.0,0.0,0.0,"-25,335094","-51,216647",SPRF-PR,DEL08-PR,UOP01-DEL08-PR
717394.0,1600527.0,10/09/2025,quarta-feira,11:30:00,PR,277.0,312,GUARAPUAVA,Não,Problema com o freio,2.0,Saída de leito carroçável,Com Vítimas Feridas,Pleno dia,Decrescente,Céu Claro,Simples,Declive;Reta;Em Obras,Não,1277340.0,Ônibus,M.BENZ/O 400 RSL,1994.0,Passageiro,Ileso,9.0,Masculino,1.0,0.0,0.0,0.0,"-25,335094","-51,216647",SPRF-PR,DEL08-PR,UOP01-DEL08-PR
717394.0,1600527.0,10/09/2025,quarta-feira,11:30:00,PR,277.0,312,GUARAPUAVA,Não,Problema com o freio,1.0,Colisão traseira,Com Vítimas Feridas,Pleno dia,Decrescente,Céu Claro,Simples,Declive;Reta;Em Obras,Não,1277340.0,Ônibus,M.BENZ/O 400 RSL,1994.0,Passageiro,Ileso,9.0,Masculino,1.0,0.0,0.0,0.0,"-25,335094","-51,216647",SPRF-PR,DEL08-PR,UOP01-DEL08-PR
717394.0,1600527.0,10/09/2025,quarta-feira,11:30:00,PR,277.0,312,GUARAPUAVA,Não,Demais falhas mecânicas ou elétricas,3.0,Colisão com objeto,Com Vítimas Feridas,Pleno dia,Decrescente,Céu Claro,Simples,Declive;Reta;Em Obras,Não,1277340.0,Ônibus,M.BENZ/O 400 RSL,1994.0,Passageiro,Ileso,9.0,Masculino,1.0,0.0,0.0,0.0,"-25,335094","-51,216647",SPRF-PR,DEL08-PR,UOP01-DEL08-PR
717394.0,1600527.0,10/09/2025,quarta-feira,11:30:00,PR,277.0,312,GUARAPUAVA,Não,Demais falhas mecânicas ou elétricas,2.0,Saída de leito carroçável,Com Vítimas Feridas,Pleno dia,Decrescente,Céu Claro,Simples,Declive;Reta;Em Obras,Não,1277340.0,Ônibus,M.BENZ/O 400 RSL,1994.0,Passageiro,Ileso,9.0,Masculino,1.0,0.0,0.0,0.0,"-25,335094","-51,216647",SPRF-PR,DEL08-PR,UOP01-DEL08-PR
717394.0,1600527.0,10/09/2025,quarta-feira,11:30:00,PR,277.0,312,GUARAPUAVA,Não,Demais falhas mecânicas ou elétricas,1.0,Colisão traseira,Com Vítimas Feridas,Pleno dia,Decrescente,Céu Claro,Simples,Declive;Reta;Em Obras,Não,1277340.0,Ônibus,M.BENZ/O 400 RSL,1994.0,Passageiro,Ileso,9.0,Masculino,1.0,0.0,0.0,0.0,"-25,335094","-51,216647",SPRF-PR,DEL08-PR,UOP01-DEL08-PR
717394.0,1600527.0,10/09/2025,quarta-feira,11:30:00,PR,277.0,312,GUARAPUAVA,Sim,Velocidade Incompatível,3.0,Colisão com objeto,Com Vítimas Feridas,Pleno dia,Decrescente,Céu Claro,Simples,Declive;Reta;Em Obras,Não,1277340.0,Ônibus,M.BENZ/O 400 RSL,1994.0,Passageiro,Ileso,9.0,Masculino,1.0,0.0,0.0,0.0,"-25,335094","-51,216647",SPRF-PR,DEL08-PR,UOP01-DEL08-PR
717394.0,1600527.0,10/09/2025,quarta-feira,11:30:00,PR,277.0,312,GUARAPUAVA,Sim,Velocidade Incompatível,2.0,Saída de leito carroçável,Com Vítimas Feridas,Pleno dia,Decrescente,Céu Claro,Simples,Declive;Reta;Em Obras,Não,1277340.0,Ônibus,M.BENZ/O 400 RSL,1994.0,Passageiro,Ileso,9.0,Masculino,1.0,0.0,0.0,0.0,"-25,335094","-51,216647",SPRF-PR,DEL08-PR,UOP01-DEL08-PR
717394.0,1600527.0,10/09/2025,quarta-feira,11:30:00,PR,277.0,312,GUARAPUAVA,Sim,Velocidade Incompatível,1.0,Colisão traseira,Com Vítimas Feridas,Pleno dia,Decrescente,Céu Claro,Simples,Declive;Reta;Em Obras,Não,1277340.0,Ônibus,M.BENZ/O 400 RSL,1994.0,Passageiro,Ileso,9.0,Masculino,1.0,0.0,0.0,0.0,"-25,335094","-51,216647",SPRF-PR,DEL08-PR,UOP01-DEL08-PR
717473.0,1600689.0,10/09/2025,quarta-feira,19:05:00,PR,277.0,"589,9",CASCAVEL,Não,Velocidade Incompatível,1.0,Colisão traseira,Com Vítimas Feridas,Plena Noite,Crescente,Céu Claro,Simples,Reta;Viaduto,Sim,1277499.0,Automóvel,CHEV/SPIN 18L AT PREMIER,2021.0,Passageiro,Ileso,10.0,Masculino,1.0,0.0,0.0,0.0,"-24,98","-53,453",SPRF-PR,DEL04-PR,UOP01-DEL04-PR
717473.0,1600690.0,10/09/2025,quarta-feira,19:05:00,PR,277.0,"589,9",CASCAVEL,Não,Velocidade Incompatível,1.0,Colisão traseira,Com Vítimas Feridas,Plena Noite,Crescente,Céu Claro,Simples,Reta;Viaduto,Sim,1277499.0,Automóvel,CHEV/SPIN 18L AT PREMIER,2021.0,Passageiro,Lesões Leves,12.0,Masculino,0.0,1.0,0.0,0.0,"-24,98","-53,453",SPRF-PR,DEL04-PR,UOP01-DEL04-PR
717473.0,1600691.0,10/09/2025,quarta-feira,19:05:00,PR,277.0,"589,9",CASCAVEL,Não,Velocidade Incompatível,1.0,Colisão traseira,Com Vítimas Feridas,Plena Noite,Crescente,Céu Claro,Simples,Reta;Viaduto,Sim,1277499.0,Automóvel,CHEV/SPIN 18L AT PREMIER,2021.0,Passageiro,Lesões Leves,12.0,Masculino,0.0,1.0,0.0,0.0,"-24,98","-53,453",SPRF-PR,DEL04-PR,UOP01-DEL04-PR
717473.0,1600689.0,10/09/2025,quarta-feira,19:05:00,PR,277.0,"589,9",CASCAVEL,Não,Ausência de reação do condutor,1.0,Colisão traseira,Com Vítimas Feridas,Plena Noite,Crescente,Céu Claro,Simples,Reta;Viaduto,Sim,1277499.0,Automóvel,CHEV/SPIN 18L AT PREMIER,2021.0,Passageiro,Ileso,10.0,Masculino,1.0,0.0,0.0,0.0,"-24,98","-53,453",SPRF-PR,DEL04-PR,UOP01-DEL04-PR
717473.0,1600690.0,10/09/2025,quarta-feira,19:05:00,PR,277.0,"589,9",CASCAVEL,Não,Ausência de reação do condutor,1.0,Colisão traseira,Com Vítimas Feridas,Plena Noite,Crescente,Céu Claro,Simples,Reta;Viaduto,Sim,1277499.0,Automóvel,CHEV/SPIN 18L AT PREMIER,2021.0,Passageiro,Lesões Leves,12.0,Masculino,0.0,1.0,0.0,0.0,"-24,98","-53,453",SPRF-PR,DEL04-PR,UOP01-DEL04-PR
717473.0,1600691.0,10/09/2025,quarta-feira,19:05:00,PR,277.0,"589,9",CASCAVEL,Não,Ausência de reação do condutor,1.0,Colisão traseira,Com Vítimas Feridas,Plena Noite,Crescente,Céu Claro,Simples,Reta;Viaduto,Sim,1277499.0,Automóvel,CHEV/SPIN 18L AT PREMIER,2021.0,Passageiro,Lesões Leves,12.0,Masculino,0.0,1.0,0.0,0.0,"-24,98","-53,453",SPRF-PR,DEL04-PR,UOP01-DEL04-PR
717473.0,1600689.0,10/09/2025,quarta-feira,19:05:00,PR,277.0,"589,9",CASCAVEL,Sim,Condutor deixou de manter distância do veículo da frente,1.0,Colisão traseira,Com Vítimas Feridas,Plena Noite,Crescente,Céu Claro,Simples,Reta;Viaduto,Sim,1277499.0,Automóvel,CHEV/SPIN 18L AT PREMIER,2021.0,Passageiro,Ileso,10.0,Masculino,1.0,0.0,0.0,0.0,"-24,98","-53,453",SPRF-PR,DEL04-PR,UOP01-DEL04-PR
717473.0,1600690.0,10/09/2025,quarta-feira,19:05:00,PR,277.0,"589,9",CASCAVEL,Sim,Condutor deixou de manter distância do veículo da frente,1.0,Colisão traseira,Com Vítimas Feridas,Plena Noite,Crescente,Céu Claro,Simples,Reta;Viaduto,Sim,1277499.0,Automóvel,CHEV/SPIN 18L AT PREMIER,2021.0,Passageiro,Lesões Leves,12.0,Masculino,0.0,1.0,0.0,0.0,"-24,98","-53,453",SPRF-PR,DEL04-PR,UOP01-DEL04-PR
717473.0,1600691.0,10/09/2025,quarta-feira,19:05:00,PR,277.0,"589,9",CASCAVEL,Sim,Condutor deixou de manter distância do veículo da frente,1.0,Colisão traseira,Com Vítimas Feridas,Plena Noite,Crescente,Céu Claro,Simples,Reta;Viaduto,Sim,1277499.0,Automóvel,CHEV/SPIN 18L AT PREMIER,2021.0,Passageiro,Lesões Leves,12.0,Masculino,0.0,1.0,0.0,0.0,"-24,98","-53,453",SPRF-PR,DEL04-PR,UOP01-DEL04-PR
717912.0,1601735.0,12/09/2025,sexta-feira,18:50:00,PR,116.0,210,RIO NEGRO,Sim,Ausência de reação do condutor,1.0,Queda de ocupante de veículo,Com Vítimas Feridas,Plena Noite,Decrescente,Céu Claro,Simples,Reta,Não,1278373.0,Bicicleta,Não Informado/Não Informado,0.0,Condutor,Lesões Leves,15.0,Feminino,0.0,1.0,0.0,0.0,"-26,10920376","-49,78351593",SPRF-SC,DEL06-SC,UOP01-DEL06-SC
717956.0,1602283.0,12/09/2025,sexta-feira,21:20:00,PR,153.0,99,JAPIRA,Sim,Desrespeitar a preferência no cruzamento,1.0,Colisão transversal,Com Vítimas Feridas,Plena Noite,Decrescente,Céu Claro,Simples,Interseção de Vias,Não,1278507.0,Automóvel,FIAT/PALIO ELX FLEX,2004.0,Passageiro,Lesões Leves,6.0,Feminino,0.0,1.0,0.0,0.0,"-23,76572784","-50,18769264",SPRF-PR,DEL07-PR,UOP04-DEL07-PR
718010.0,1603454.0,13/09/2025,sábado,04:30:00,PR,277.0,218,TEIXEIRA SOARES,Não,Reação tardia ou ineficiente do condutor,1.0,Capotamento,Com Vítimas Feridas,Plena Noite,Decrescente,Céu Claro,Simples,Reta,Não,1278810.0,Automóvel,VW/FOX CONNECT MB,2018.0,Passageiro,Ileso,1.0,Masculino,1.0,0.0,0.0,0.0,"-25,46218461","-50,42381287",SPRF-PR,DEL08-PR,UOP02-DEL08-PR
718010.0,1603453.0,13/09/2025,sábado,04:30:00,PR,277.0,218,TEIXEIRA SOARES,Não,Reação tardia ou ineficiente do condutor,1.0,Capotamento,Com Vítimas Feridas,Plena Noite,Decrescente,Céu Claro,Simples,Reta,Não,1278810.0,Automóvel,VW/FOX CONNECT MB,2018.0,Passageiro,Ileso,5.0,Masculino,1.0,0.0,0.0,0.0,"-25,46218461","-50,42381287",SPRF-PR,DEL08-PR,UOP02-DEL08-PR
718010.0,1603454.0,13/09/2025,sábado,04:30:00,PR,277.0,218,TEIXEIRA SOARES,Sim,Condutor Dormindo,1.0,Capotamento,Com Vítimas Feridas,Plena Noite,Decrescente,Céu Claro,Simples,Reta,Não,1278810.0,Automóvel,VW/FOX CONNECT MB,2018.0,Passageiro,Ileso,1.0,Masculino,1.0,0.0,0.0,0.0,"-25,46218461","-50,42381287",SPRF-PR,DEL08-PR,UOP02-DEL08-PR
718010.0,1603453.0,13/09/2025,sábado,04:30:00,PR,277.0,218,TEIXEIRA SOARES,Sim,Condutor Dormindo,1.0,Capotamento,Com Vítimas Feridas,Plena Noite,Decrescente,Céu Claro,Simples,Reta,Não,1278810.0,Automóvel,VW/FOX CONNECT MB,2018.0,Passageiro,Ileso,5.0,Masculino,1.0,0.0,0.0,0.0,"-25,46218461","-50,42381287",SPRF-PR,DEL08-PR,UOP02-DEL08-PR
718044.0,1602048.0,13/09/2025,sábado,07:50:00,PR,277.0,"398,8",CANDOI,Sim,Conversão proibida,1.0,Colisão transversal,Com Vítimas Feridas,Amanhecer,Crescente,Sol,Simples,Curva,Não,1278660.0,Caminhonete,FIAT/TORO VOLCANO AT D4,2018.0,Passageiro,Ileso,0.0,Feminino,1.0,0.0,0.0,0.0,"-25,46002883","-51,95816366",SPRF-PR,DEL08-PR,UOP01-DEL08-PR
718107.0,1602253.0,13/09/2025,sábado,13:30:00,PR,376.0,17,MARINGA,Não,Manobra de mudança de faixa,4.0,Capotamento,Com Vítimas Feridas,Pleno dia,Decrescente,Nublado,Dupla,Reta;Aclive,Sim,1278789.0,Automóvel,VW/GOL 1.0,2003.0,Passageiro,Ileso,3.0,Feminino,1.0,0.0,0.0,0.0,"-23,42682014","-51,88561678",SPRF-PR,DEL09-PR,UOP01-DEL09-PR
718107.0,1602253.0,13/09/2025,sábado,13:30:00,PR,376.0,17,MARINGA,Não,Manobra de mudança de faixa,3.0,Colisão com objeto,Com Vítimas Feridas,Pleno dia,Decrescente,Nublado,Dupla,Reta;Aclive,Sim,1278789.0,Automóvel,VW/GOL 1.0,2003.0,Passageiro,Ileso,3.0,Feminino,1.0,0.0,0.0,0.0,"-23,42682014","-51,88561678",SPRF-PR,DEL09-PR,UOP01-DEL09-PR
718107.0,1602253.0,13/09/2025,sábado,13:30:00,PR,376.0,17,MARINGA,Não,Manobra de mudança de faixa,2.0,Saída de leito carroçável,Com Vítimas Feridas,Pleno dia,Decrescente,Nublado,Dupla,Reta;Aclive,Sim,1278789.0,Automóvel,VW/GOL 1.0,2003.0,Passageiro,Ileso,3.0,Feminino,1.0,0.0,0.0,0.0,"-23,42682014","-51,88561678",SPRF-PR,DEL09-PR,UOP01-DEL09-PR
718107.0,1602253.0,13/09/2025,sábado,13:30:00,PR,376.0,17,MARINGA,Não,Manobra de mudança de faixa,1.0,Colisão lateral mesmo sentido,Com Vítimas Feridas,Pleno dia,Decrescente,Nublado,Dupla,Reta;Aclive,Sim,1278789.0,Automóvel,VW/GOL 1.0,2003.0,Passageiro,Ileso,3.0,Feminino,1.0,0.0,0.0,0.0,"-23,42682014","-51,88561678",SPRF-PR,DEL09-PR,UOP01-DEL09-PR
718107.0,1602253.0,13/09/2025,sábado,13:30:00,PR,376.0,17,MARINGA,Sim,Ausência de reação do condutor,4.0,Capotamento,Com Vítimas Feridas,Pleno dia,Decrescente,Nublado,Dupla,Reta;Aclive,Sim,1278789.0,Automóvel,VW/GOL 1.0,2003.0,Passageiro,Ileso,3.0,Feminino,1.0,0.0,0.0,0.0,"-23,42682014","-51,88561678",SPRF-PR,DEL09-PR,UOP01-DEL09-PR
718107.0,1602253.0,13/09/2025,sábado,13:30:00,PR,376.0,17,MARINGA,Sim,Ausência de reação do condutor,3.0,Colisão com objeto,Com Vítimas Feridas,Pleno dia,Decrescente,Nublado,Dupla,Reta;Aclive,Sim,1278789.0,Automóvel,VW/GOL 1.0,2003.0,Passageiro,Ileso,3.0,Feminino,1.0,0.0,0.0,0.0,"-23,42682014","-51,88561678",SPRF-PR,DEL09-PR,UOP01-DEL09-PR
718107.0,1602253.0,13/09/2025,sábado,13:30:00,PR,376.0,17,MARINGA,Sim,Ausência de reação do condutor,2.0,Saída de leito carroçável,Com Vítimas Feridas,Pleno dia,Decrescente,Nublado,Dupla,Reta;Aclive,Sim,1278789.0,Automóvel,VW/GOL 1.0,2003.0,Passageiro,Ileso,3.0,Feminino,1.0,0.0,0.0,0.0,"-23,42682014","-51,88561678",SPRF-PR,DEL09-PR,UOP01-DEL09-PR
718107.0,1602253.0,13/09/2025,sábado,13:30:00,PR,376.0,17,MARINGA,Sim,Ausência de reação do condutor,1.0,Colisão lateral mesmo sentido,Com Vítimas Feridas,Pleno dia,Decrescente,Nublado,Dupla,Reta;Aclive,Sim,1278789.0,Automóvel,VW/GOL 1.0,2003.0,Passageiro,Ileso,3.0,Feminino,1.0,0.0,0.0,0.0,"-23,42682014","-51,88561678",SPRF-PR,DEL09-PR,UOP01-DEL09-PR
718826.0,1605859.0,16/09/2025,terça-feira,16:30:00,PR,376.0,"486,9",PONTA GROSSA,Sim,Objeto estático sobre o leito carroçável,2.0,Saída de leito carroçável,Com Vítimas Feridas,Pleno dia,Decrescente,Céu Claro,Dupla,Reta,Sim,1280172.0,Ônibus,VOLVO/MPOLO PARADISO R,2019.0,Passageiro,Ileso,12.0,Feminino,1.0,0.0,0.0,0.0,"-25,119763","-50,18519",SPRF-PR,DEL03-PR,UOP04-DEL03-PR
718826.0,1605848.0,16/09/2025,terça-feira,16:30:00,PR,376.0,"486,9",PONTA GROSSA,Sim,Objeto estático sobre o leito carroçável,2.0,Saída de leito carroçável,Com Vítimas Feridas,Pleno dia,Decrescente,Céu Claro,Dupla,Reta,Sim,1280172.0,Ônibus,VOLVO/MPOLO PARADISO R,2019.0,Passageiro,Ileso,7.0,Masculino,1.0,0.0,0.0,0.0,"-25,119763","-50,18519",SPRF-PR,DEL03-PR,UOP04-DEL03-PR
718826.0,1605855.0,16/09/2025,terça-feira,16:30:00,PR,376.0,"486,9",PONTA GROSSA,Sim,Objeto estático sobre o leito carroçável,2.0,Saída de leito carroçável,Com Vítimas Feridas,Pleno dia,Decrescente,Céu Claro,Dupla,Reta,Sim,1280172.0,Ônibus,VOLVO/MPOLO PARADISO R,2019.0,Passageiro,Ileso,5.0,Masculino,1.0,0.0,0.0,0.0,"-25,119763","-50,18519",SPRF-PR,DEL03-PR,UOP04-DEL03-PR
718826.0,1605849.0,16/09/2025,terça-feira,16:30:00,PR,376.0,"486,9",PONTA GROSSA,Sim,Objeto estático sobre o leito carroçável,2.0,Saída de leito carroçável,Com Vítimas Feridas,Pleno dia,Decrescente,Céu Claro,Dupla,Reta,Sim,1280172.0,Ônibus,VOLVO/MPOLO PARADISO R,2019.0,Passageiro,Ileso,12.0,Feminino,1.0,0.0,0.0,0.0,"-25,119763","-50,18519",SPRF-PR,DEL03-PR,UOP04-DEL03-PR
718826.0,1605857.0,16/09/2025,terça-feira,16:30:00,PR,376.0,"486,9",PONTA GROSSA,Sim,Objeto estático sobre o leito carroçável,2.0,Saída de leito carroçável,Com Vítimas Feridas,Pleno dia,Decrescente,Céu Claro,Dupla,Reta,Sim,1280172.0,Ônibus,VOLVO/MPOLO PARADISO R,2019.0,Passageiro,Ileso,9.0,Feminino,1.0,0.0,0.0,0.0,"-25,119763","-50,18519",SPRF-PR,DEL03-PR,UOP04-DEL03-PR