id,pesid,data_inversa,dia_semana,horario,uf,br,km,municipio,causa_principal,causa_acidente,ordem_tipo_acidente,tipo_acidente,classificacao_acidente,fase_dia,sentido_via,condicao_metereologica,tipo_pista,tracado_via,uso_solo,id_veiculo,tipo_veiculo,marca,ano_fabricacao_veiculo,tipo_envolvido,estado_fisico,idade,sexo,ilesos,feridos_leves,feridos_graves,mortos,latitude,longitude,regional,delegacia,uop
718826.0,1605862.0,16/09/2025,terça-feira,16:30:00,PR,376.0,"486,9",PONTA GROSSA,Sim,Objeto estático sobre o leito carroçável,2.0,Saída de leito carroçável,Com Vítimas Feridas,Pleno dia,Decrescente,Céu Claro,Dupla,Reta,Sim,1280172.0,Ônibus,VOLVO/MPOLO PARADISO R,2019.0,Passageiro,Ileso,5.0,Feminino,1.0,0.0,0.0,0.0,"-25,119763","-50,18519",SPRF-PR,DEL03-PR,UOP04-DEL03-PR
718826.0,1605865.0,16/09/2025,terça-feira,16:30:00,PR,376.0,"486,9",PONTA GROSSA,Sim,Objeto estático sobre o leito carroçável,2.0,Saída de leito carroçável,Com Vítimas Feridas,Pleno dia,Decrescente,Céu Claro,Dupla,Reta,Sim,1280172.0,Ônibus,VOLVO/MPOLO PARADISO R,2019.0,Passageiro,Ileso,8.0,Feminino,1.0,0.0,0.0,0.0,"-25,119763","-50,18519",SPRF-PR,DEL03-PR,UOP04-DEL03-PR
718826.0,1605867.0,16/09/2025,terça-feira,16:30:00,PR,376.0,"486,9",PONTA GROSSA,Sim,Objeto estático sobre o leito carroçável,2.0,Saída de leito carroçável,Com Vítimas Feridas,Pleno dia,Decrescente,Céu Claro,Dupla,Reta,Sim,1280172.0,Ônibus,VOLVO/MPOLO PARADISO R,2019.0,Passageiro,Ileso,8.0,Feminino,1.0,0.0,0.0,0.0,"-25,119763","-50,18519",SPRF-PR,DEL03-PR,UOP04-DEL03-PR
718826.0,1605869.0,16/09/2025,terça-feira,16:30:00,PR,376.0,"486,9",PONTA GROSSA,Sim,Objeto estático sobre o leito carroçável,2.0,Saída de leito carroçável,Com Vítimas Feridas,Pleno dia,Decrescente,Céu Claro,Dupla,Reta,Sim,1280172.0,Ônibus,VOLVO/MPOLO PARADISO R,2019.0,Passageiro,Ileso,8.0,Masculino,1.0,0.0,0.0,0.0,"-25,119763","-50,18519",SPRF-PR,DEL03-PR,UOP04-DEL03-PR
718826.0,1605859.0,16/09/2025,terça-feira,16:30:00,PR,376.0,"486,9",PONTA GROSSA,Sim,Objeto estático sobre o leito carroçável,1.0,Colisão traseira,Com Vítimas Feridas,Pleno dia,Decrescente,Céu Claro,Dupla,Reta,Sim,1280172.0,Ônibus,VOLVO/MPOLO PARADISO R,2019.0,Passageiro,Ileso,12.0,Feminino,1.0,0.0,0.0,0.0,"-25,119763","-50,18519",SPRF-PR,DEL03-PR,UOP04-DEL03-PR
718826.0,1605848.0,16/09/2025,terça-feira,16:30:00,PR,376.0,"486,9",PONTA GROSSA,Sim,Objeto estático sobre o leito carroçável,1.0,Colisão traseira,Com Vítimas Feridas,Pleno dia,Decrescente,Céu Claro,Dupla,Reta,Sim,1280172.0,Ônibus,VOLVO/MPOLO PARADISO R,2019.0,Passageiro,Ileso,7.0,Masculino,1.0,0.0,0.0,0.0,"-25,119763","-50,18519",SPRF-PR,DEL03-PR,UOP04-DEL03-PR
718826.0,1605855.0,16/09/2025,terça-feira,16:30:00,PR,376.0,"486,9",PONTA GROSSA,Sim,Objeto estático sobre o leito carroçável,1.0,Colisão traseira,Com Vítimas Feridas,Pleno dia,Decrescente,Céu Claro,Dupla,Reta,Sim,1280172.0,Ônibus,VOLVO/MPOLO PARADISO R,2019.0,Passageiro,Ileso,5.0,Masculino,1.0,0.0,0.0,0.0,"-25,119763","-50,18519",SPRF-PR,DEL03-PR,UOP04-DEL03-PR
718826.0,1605849.0,16/09/2025,terça-feira,16:30:00,PR,376.0,"486,9",PONTA GROSSA,Sim,Objeto estático sobre o leito carroçável,1.0,Colisão traseira,Com Vítimas Feridas,Pleno dia,Decrescente,Céu Claro,Dupla,Reta,Sim,1280172.0,Ônibus,VOLVO/MPOLO PARADISO R,2019.0,Passageiro,Ileso,12.0,Feminino,1.0,0.0,0.0,0.0,"-25,119763","-50,18519",SPRF-PR,DEL03-PR,UOP04-DEL03-PR
718826.0,1605857.0,16/09/2025,terça-feira,16:30:00,PR,376.0,"486,9",PONTA GROSSA,Sim,Objeto estático sobre o leito carroçável,1.0,Colisão traseira,Com Vítimas Feridas,Pleno dia,Decrescente,Céu Claro,Dupla,Reta,Sim,1280172.0,Ônibus,VOLVO/MPOLO PARADISO R,2019.0,Passageiro,Ileso,9.0,Feminino,1.0,0.0,0.0,0.0,"-25,119763","-50,18519",SPRF-PR,DEL03-PR,UOP04-DEL03-PR
718826.0,1605862.0,16/09/2025,terça-feira,16:30:00,PR,376.0,"486,9",PONTA GROSSA,Sim,Objeto estático sobre o leito carroçável,1.0,Colisão traseira,Com Vítimas Feridas,Pleno dia,Decrescente,Céu Claro,Dupla,Reta,Sim,1280172.0,Ônibus,VOLVO/MPOLO PARADISO R,2019.0,Passageiro,Ileso,5.0,Feminino,1.0,0.0,0.0,0.0,"-25,119763","-50,18519",SPRF-PR,DEL03-PR,UOP04-DEL03-PR
718826.0,1605865.0,16/09/2025,terça-feira,16:30:00,PR,376.0,"486,9",PONTA GROSSA,Sim,Objeto estático sobre o leito carroçável,1.0,Colisão traseira,Com Vítimas Feridas,Pleno dia,Decrescente,Céu Claro,Dupla,Reta,Sim,1280172.0,Ônibus,VOLVO/MPOLO PARADISO R,2019.0,Passageiro,Ileso,8.0,Feminino,1.0,0.0,0.0,0.0,"-25,119763","-50,18519",SPRF-PR,DEL03-PR,UOP04-DEL03-PR
718826.0,1605867.0,16/09/2025,terça-feira,16:30:00,PR,376.0,"486,9",PONTA GROSSA,Sim,Objeto estático sobre o leito carroçável,1.0,Colisão traseira,Com Vítimas Feridas,Pleno dia,Decrescente,Céu Claro,Dupla,Reta,Sim,1280172.0,Ônibus,VOLVO/MPOLO PARADISO R,2019.0,Passageiro,Ileso,8.0,Feminino,1.0,0.0,0.0,0.0,"-25,119763","-50,18519",SPRF-PR,DEL03-PR,UOP04-DEL03-PR
718826.0,1605869.0,16/09/2025,terça-feira,16:30:00,PR,376.0,"486,9",PONTA GROSSA,Sim,Objeto estático sobre o leito carroçável,1.0,Colisão traseira,Com Vítimas Feridas,Pleno dia,Decrescente,Céu Claro,Dupla,Reta,Sim,1280172.0,Ônibus,VOLVO/MPOLO PARADISO R,2019.0,Passageiro,Ileso,8.0,Masculino,1.0,0.0,0.0,0.0,"-25,119763","-50,18519",SPRF-PR,DEL03-PR,UOP04-DEL03-PR
718984.0,1604446.0,17/09/2025,quarta-feira,13:50:00,PR,376.0,399,TIBAGI,Não,Ausência de reação do condutor,1.0,Capotamento,Com Vítimas Feridas,Pleno dia,Decrescente,Céu Claro,Dupla,Reta;Declive,Não,1280555.0,Camioneta,JEEP/COMPASS LONGITUDE F,2018.0,Passageiro,Ileso,9.0,Masculino,1.0,0.0,0.0,0.0,"-24,58102","-50,68156",SPRF-PR,DEL03-PR,UOP02-DEL03-PR
718984.0,1604443.0,17/09/2025,quarta-feira,13:50:00,PR,376.0,399,TIBAGI,Não,Ausência de reação do condutor,1.0,Capotamento,Com Vítimas Feridas,Pleno dia,Decrescente,Céu Claro,Dupla,Reta;Declive,Não,1280555.0,Camioneta,JEEP/COMPASS LONGITUDE F,2018.0,Passageiro,Lesões Leves,8.0,Feminino,0.0,1.0,0.0,0.0,"-24,58102","-50,68156",SPRF-PR,DEL03-PR,UOP02-DEL03-PR
718984.0,1604446.0,17/09/2025,quarta-feira,13:50:00,PR,376.0,399,TIBAGI,Sim,Velocidade Incompatível,1.0,Capotamento,Com Vítimas Feridas,Pleno dia,Decrescente,Céu Claro,Dupla,Reta;Declive,Não,1280555.0,Camioneta,JEEP/COMPASS LONGITUDE F,2018.0,Passageiro,Ileso,9.0,Masculino,1.0,0.0,0.0,0.0,"-24,58102","-50,68156",SPRF-PR,DEL03-PR,UOP02-DEL03-PR
718984.0,1604443.0,17/09/2025,quarta-feira,13:50:00,PR,376.0,399,TIBAGI,Sim,Velocidade Incompatível,1.0,Capotamento,Com Vítimas Feridas,Pleno dia,Decrescente,Céu Claro,Dupla,Reta;Declive,Não,1280555.0,Camioneta,JEEP/COMPASS LONGITUDE F,2018.0,Passageiro,Lesões Leves,8.0,Feminino,0.0,1.0,0.0,0.0,"-24,58102","-50,68156",SPRF-PR,DEL03-PR,UOP02-DEL03-PR
719080.0,1604561.0,17/09/2025,quarta-feira,20:15:00,PR,153.0,343,IRATI,Não,Iluminação deficiente,1.0,Saída de leito carroçável,Com Vítimas Feridas,Plena Noite,Crescente,Céu Claro,Simples,Reta,Não,1280699.0,Automóvel,CHEVROLET/CELTA 1.0L LT,2012.0,Passageiro,Lesões Leves,8.0,Feminino,0.0,1.0,0.0,0.0,"-25,56148","-50,67825",SPRF-PR,DEL08-PR,UOP02-DEL08-PR
719080.0,1604561.0,17/09/2025,quarta-feira,20:15:00,PR,153.0,343,IRATI,Não,Falta de acostamento,1.0,Saída de leito carroçável,Com Vítimas Feridas,Plena Noite,Crescente,Céu Claro,Simples,Reta,Não,1280699.0,Automóvel,CHEVROLET/CELTA 1.0L LT,2012.0,Passageiro,Lesões Leves,8.0,Feminino,0.0,1.0,0.0,0.0,"-25,56148","-50,67825",SPRF-PR,DEL08-PR,UOP02-DEL08-PR
719080.0,1604561.0,17/09/2025,quarta-feira,20:15:00,PR,153.0,343,IRATI,Sim,Reação tardia ou ineficiente do condutor,1.0,Saída de leito carroçável,Com Vítimas Feridas,Plena Noite,Crescente,Céu Claro,Simples,Reta,Não,1280699.0,Automóvel,CHEVROLET/CELTA 1.0L LT,2012.0,Passageiro,Lesões Leves,8.0,Feminino,0.0,1.0,0.0,0.0,"-25,56148","-50,67825",SPRF-PR,DEL08-PR,UOP02-DEL08-PR
719239.0,1605023.0,18/09/2025,quinta-feira,18:00:00,PR,277.0,720,FOZ DO IGUACU,Sim,Ultrapassagem Indevida,3.0,Queda de ocupante de veículo,Com Vítimas Feridas,Pleno dia,Decrescente,Nublado,Simples,Retorno Regulamentado,Sim,1281083.0,Caminhão-trator,I/SCANIA 113 360 TRATOR,1989.0,Condutor,Ileso,4.0,Masculino,1.0,0.0,0.0,0.0,"-25,48466542","-54,49625373",SPRF-PR,DEL05-PR,UOP03-DEL05-PR
719239.0,1605023.0,18/09/2025,quinta-feira,18:00:00,PR,277.0,720,FOZ DO IGUACU,Sim,Ultrapassagem Indevida,2.0,Tombamento,Com Vítimas Feridas,Pleno dia,Decrescente,Nublado,Simples,Retorno Regulamentado,Sim,1281083.0,Caminhão-trator,I/SCANIA 113 360 TRATOR,1989.0,Condutor,Ileso,4.0,Masculino,1.0,0.0,0.0,0.0,"-25,48466542","-54,49625373",SPRF-PR,DEL05-PR,UOP03-DEL05-PR
719239.0,1605023.0,18/09/2025,quinta-feira,18:00:00,PR,277.0,720,FOZ DO IGUACU,Sim,Ultrapassagem Indevida,1.0,Colisão lateral mesmo sentido,Com Vítimas Feridas,Pleno dia,Decrescente,Nublado,Simples,Retorno Regulamentado,Sim,1281083.0,Caminhão-trator,I/SCANIA 113 360 TRATOR,1989.0,Condutor,Ileso,4.0,Masculino,1.0,0.0,0.0,0.0,"-25,48466542","-54,49625373",SPRF-PR,DEL05-PR,UOP03-DEL05-PR
719252.0,1604978.0,18/09/2025,quinta-feira,19:00:00,PR,277.0,57,SAO JOSE DOS PINHAIS,Não,Reação tardia ou ineficiente do condutor,1.0,Atropelamento de Pedestre,Com Vítimas Feridas,Plena Noite,Crescente,Nublado,Dupla,Reta,Não,,,NA/NA,,Pedestre,Lesões Graves,12.0,Masculino,0.0,0.0,1.0,0.0,"-25,564403","-49,008908",SPRF-PR,DEL01-PR,UOP01-DEL01-PR
719252.0,1604978.0,18/09/2025,quinta-feira,19:00:00,PR,277.0,57,SAO JOSE DOS PINHAIS,Sim,Pedestre cruzava a pista fora da faixa,1.0,Atropelamento de Pedestre,Com Vítimas Feridas,Plena Noite,Crescente,Nublado,Dupla,Reta,Não,,,NA/NA,,Pedestre,Lesões Graves,12.0,Masculino,0.0,0.0,1.0,0.0,"-25,564403","-49,008908",SPRF-PR,DEL01-PR,UOP01-DEL01-PR
719399.0,1605330.0,19/09/2025,sexta-feira,10:45:00,PR,158.0,"400,5",LARANJEIRAS DO SUL,Sim,Ausência de reação do condutor,1.0,Colisão lateral mesmo sentido,Com Vítimas Feridas,Pleno dia,Decrescente,Céu Claro,Simples,Reta,Não,1281357.0,Automóvel,GM/CELTA 2P SPIRIT,2005.0,Passageiro,Lesões Leves,5.0,Feminino,0.0,1.0,0.0,0.0,"-25,334886","-52,359539",SPRF-PR,DEL04-PR,UOP02-DEL04-PR
719429.0,1608227.0,19/09/2025,sexta-feira,15:15:00,PR,476.0,278,SAO MATEUS DO SUL,Não,Reação tardia ou ineficiente do condutor,1.0,Colisão transversal,Com Vítimas Feridas,Pleno dia,Crescente,Céu Claro,Simples,Rotatória,Sim,1281581.0,Caminhonete,I/VW AMAROK CD 4X4 S,2013.0,Passageiro,Ileso,1.0,Masculino,1.0,0.0,0.0,0.0,"-25,86818567","-50,39518538",SPRF-PR,DEL02-PR,UOP03-DEL02-PR
719429.0,1608227.0,19/09/2025,sexta-feira,15:15:00,PR,476.0,278,SAO MATEUS DO SUL,Sim,Acessar a via sem observar a presença dos outros veículos,1.0,Colisão transversal,Com Vítimas Feridas,Pleno dia,Crescente,Céu Claro,Simples,Rotatória,Sim,1281581.0,Caminhonete,I/VW AMAROK CD 4X4 S,2013.0,Passageiro,Ileso,1.0,Masculino,1.0,0.0,0.0,0.0,"-25,86818567","-50,39518538",SPRF-PR,DEL02-PR,UOP03-DEL02-PR
719733.0,1606093.0,20/09/2025,sábado,19:46:00,PR,369.0,138,IBIPORA,Sim,Velocidade Incompatível,1.0,Atropelamento de Pedestre,Com Vítimas Feridas,Plena Noite,Crescente,Céu Claro,Simples,Reta,Sim,,,NA/NA,,Pedestre,Lesões Leves,7.0,Masculino,0.0,1.0,0.0,0.0,"-23,27367415","-51,05558608",SPRF-PR,DEL07-PR,UOP01-DEL07-PR
719778.0,1606160.0,20/09/2025,sábado,21:15:00,PR,376.0,168,MARINGA,Não,Acessar a via sem observar a presença dos outros veículos,2.0,Incêndio,Sem Vítimas,Anoitecer,Crescente,Céu Claro,Dupla,Declive,Não,1282073.0,Automóvel,GM/ASTRA SEDAN ELITE,2004.0,Passageiro,Ileso,15.0,Feminino,1.0,0.0,0.0,0.0,"-23,394046","-52,008242",SPRF-PR,DEL09-PR,UOP01-DEL09-PR
719778.0,1606160.0,20/09/2025,sábado,21:15:00,PR,376.0,168,MARINGA,Não,Acessar a via sem observar a presença dos outros veículos,1.0,Saída de leito carroçável,Sem Vítimas,Anoitecer,Crescente,Céu Claro,Dupla,Declive,Não,1282073.0,Automóvel,GM/ASTRA SEDAN ELITE,2004.0,Passageiro,Ileso,15.0,Feminino,1.0,0.0,0.0,0.0,"-23,394046","-52,008242",SPRF-PR,DEL09-PR,UOP01-DEL09-PR
719778.0,1606160.0,20/09/2025,sábado,21:15:00,PR,376.0,168,MARINGA,Sim,Manobra de mudança de faixa,2.0,Incêndio,Sem Vítimas,Anoitecer,Crescente,Céu Claro,Dupla,Declive,Não,1282073.0,Automóvel,GM/ASTRA SEDAN ELITE,2004.0,Passageiro,Ileso,15.0,Feminino,1.0,0.0,0.0,0.0,"-23,394046","-52,008242",SPRF-PR,DEL09-PR,UOP01-DEL09-PR
719778.0,1606160.0,20/09/2025,sábado,21:15:00,PR,376.0,168,MARINGA,Sim,Manobra de mudança de faixa,1.0,Saída de leito carroçável,Sem Vítimas,Anoitecer,Crescente,Céu Claro,Dupla,Declive,Não,1282073.0,Automóvel,GM/ASTRA SEDAN ELITE,2004.0,Passageiro,Ileso,15.0,Feminino,1.0,0.0,0.0,0.0,"-23,394046","-52,008242",SPRF-PR,DEL09-PR,UOP01-DEL09-PR
719788.0,1608114.0,20/09/2025,sábado,22:20:00,PR,369.0,"19,6",CAMBARA,Sim,Pedestre - Ingestão de álcool/ substâncias psicoativas,1.0,Atropelamento de Pedestre,Com Vítimas Feridas,Pleno dia,Crescente,Céu Claro,Simples,Reta;Interseção de Vias,Sim,1282125.0,Automóvel,CHEVROLET/ONIX 1.0MT LT,2016.0,Passageiro,Ileso,9.0,Feminino,1.0,0.0,0.0,0.0,"-23,036257","-50,077818",SPRF-PR,DEL07-PR,UOP05-DEL07-PR
719903.0,1606460.0,21/09/2025,domingo,09:50:00,PR,376.0,99,PARANAVAI,Sim,Ausência de reação do condutor,2.0,Capotamento,Com Vítimas Fatais,Pleno dia,Decrescente,Sol,Simples,Reta,Não,1282320.0,Utilitário,I/MMC PAJERO SP4X4 HPE D,2005.0,Passageiro,Óbito,3.0,Feminino,0.0,0.0,0.0,1.0,"-23,01968656","-52,50119582",SPRF-PR,DEL09-PR,UOP02-DEL09-PR
719903.0,1606459.0,21/09/2025,domingo,09:50:00,PR,376.0,99,PARANAVAI,Sim,Ausência de reação do condutor,2.0,Capotamento,Com Vítimas Fatais,Pleno dia,Decrescente,Sol,Simples,Reta,Não,1282320.0,Utilitário,I/MMC PAJERO SP4X4 HPE D,2005.0,Passageiro,Lesões Leves,5.0,Feminino,0.0,1.0,0.0,0.0,"-23,01968656","-52,50119582",SPRF-PR,DEL09-PR,UOP02-DEL09-PR
719903.0,1606460.0,21/09/2025,domingo,09:50:00,PR,376.0,99,CASCAVEL,Sim,Ausência de reação do condutor,1.0,Saída de leito carroçável,Com Vítimas Fatais,Pleno dia,Decrescente,Sol,Simples,Reta,Não,1282320.0,Utilitário,I/MMC PAJERO SP4X4 HPE D,2005.0,Passageiro,Óbito,3.0,Feminino,0.0,0.0,0.0,1.0,"-23,01968656","-52,50119582",SPRF-PR,DEL09-PR,UOP02-DEL09-PR
719903.0,1606459.0,21/09/2025,domingo,09:50:00,PR,376.0,99,PARANAVAI,Sim,Ausência de reação do condutor,1.0,Saída de leito carroçável,Com Vítimas Fatais,Pleno dia,Decrescente,Sol,Simples,Reta,Não,1282320.0,Utilitário,I/MMC PAJERO SP4X4 HPE D,2005.0,Passageiro,Lesões Leves,5.0,Feminino,0.0,1.0,0.0,0.0,"-23,01968656","-52,50119582",SPRF-PR,DEL09-PR,UOP02-DEL09-PR
719975.0,1606677.0,21/09/2025,domingo,12:50:00,PR,376.0,524,PALMEIRA,Não,Chuva,1.0,Colisão lateral mesmo sentido,Com Vítimas Feridas,Pleno dia,Crescente,Chuva,Dupla,Viaduto;Reta;Declive,Não,1282444.0,Automóvel,GM/CELTA 4P SPIRIT,2008.0,Passageiro,Ileso,4.0,Masculino,1.0,0.0,0.0,0.0,"-25,299419","-49,892136",SPRF-PR,DEL03-PR,UOP04-DEL03-PR
719975.0,1606677.0,21/09/2025,domingo,12:50:00,PR,376.0,524,PALMEIRA,Sim,Reação tardia ou ineficiente do condutor,1.0,Colisão lateral mesmo sentido,Com Vítimas Feridas,Pleno dia,Crescente,Chuva,Dupla,Viaduto;Reta;Declive,Não,1282444.0,Automóvel,GM/CELTA 4P SPIRIT,2008.0,Passageiro,Ileso,4.0,Masculino,1.0,0.0,0.0,0.0,"-25,299419","-49,892136",SPRF-PR,DEL03-PR,UOP04-DEL03-PR
720068.0,1606941.0,21/09/2025,domingo,20:40:00,PR,369.0,"178,6",ROLANDIA,Não,Chuva,2.0,Capotamento,Sem Vítimas,Plena Noite,Crescente,Chuva,Dupla,Retorno Regulamentado;Reta,Sim,1282582.0,Automóvel,CHEV/PRISMA 1.4AT LTZ,2013.0,Passageiro,Ileso,13.0,Masculino,1.0,0.0,0.0,0.0,"-23,3577235","-51,3959628",SPRF-PR,DEL07-PR,UOP01-DEL07-PR
720068.0,1606941.0,21/09/2025,domingo,20:40:00,PR,369.0,"178,6",ROLANDIA,Não,Chuva,1.0,Saída de leito carroçável,Sem Vítimas,Plena Noite,Crescente,Chuva,Dupla,Retorno Regulamentado;Reta,Sim,1282582.0,Automóvel,CHEV/PRISMA 1.4AT LTZ,2013.0,Passageiro,Ileso,13.0,Masculino,1.0,0.0,0.0,0.0,"-23,3577235","-51,3959628",SPRF-PR,DEL07-PR,UOP01-DEL07-PR
720068.0,1606941.0,21/09/2025,domingo,20:40:00,PR,369.0,"178,6",ROLANDIA,Não,Acumulo de água sobre o pavimento,2.0,Capotamento,Sem Vítimas,Plena Noite,Crescente,Chuva,Dupla,Retorno Regulamentado;Reta,Sim,1282582.0,Automóvel,CHEV/PRISMA 1.4AT LTZ,2013.0,Passageiro,Ileso,13.0,Masculino,1.0,0.0,0.0,0.0,"-23,3577235","-51,3959628",SPRF-PR,DEL07-PR,UOP01-DEL07-PR
720068.0,1606941.0,21/09/2025,domingo,20:40:00,PR,369.0,"178,6",ROLANDIA,Não,Acumulo de água sobre o pavimento,1.0,Saída de leito carroçável,Sem Vítimas,Plena Noite,Crescente,Chuva,Dupla,Retorno Regulamentado;Reta,Sim,1282582.0,Automóvel,CHEV/PRISMA 1.4AT LTZ,2013.0,Passageiro,Ileso,13.0,Masculino,1.0,0.0,0.0,0.0,"-23,3577235","-51,3959628",SPRF-PR,DEL07-PR,UOP01-DEL07-PR
720068.0,1606941.0,21/09/2025,domingo,20:40:00,PR,369.0,"178,6",ROLANDIA,Sim,Ingestão de álcool pelo condutor,2.0,Capotamento,Sem Vítimas,Plena Noite,Crescente,Chuva,Dupla,Retorno Regulamentado;Reta,Sim,1282582.0,Automóvel,CHEV/PRISMA 1.4AT LTZ,2013.0,Passageiro,Ileso,13.0,Masculino,1.0,0.0,0.0,0.0,"-23,3577235","-51,3959628",SPRF-PR,DEL07-PR,UOP01-DEL07-PR
720068.0,1606941.0,21/09/2025,domingo,20:40:00,PR,369.0,"178,6",ROLANDIA,Sim,Ingestão de álcool pelo condutor,1.0,Saída de leito carroçável,Sem Vítimas,Plena Noite,Crescente,Chuva,Dupla,Retorno Regulamentado;Reta,Sim,1282582.0,Automóvel,CHEV/PRISMA 1.4AT LTZ,2013.0,Passageiro,Ileso,13.0,Masculino,1.0,0.0,0.0,0.0,"-23,3577235","-51,3959628",SPRF-PR,DEL07-PR,UOP01-DEL07-PR
720233.0,1607329.0,22/09/2025,segunda-feira,12:00:00,PR,373.0,415,FOZ DO JORDAO,Não,Acessar a via sem observar a presença dos outros veículos,2.0,Saída de leito carroçável,Com Vítimas Feridas,Pleno dia,Crescente,Céu Claro,Simples,Declive;Reta,Sim,1282979.0,Automóvel,GM/KADETT GL,1994.0,Passageiro,Lesões Leves,16.0,Feminino,0.0,1.0,0.0,0.0,"-25,67284","-52,12472",SPRF-PR,DEL08-PR,UOP01-DEL08-PR
720233.0,1607336.0,22/09/2025,segunda-feira,12:00:00,PR,373.0,415,FOZ DO JORDAO,Não,Acessar a via sem observar a presença dos outros veículos,2.0,Saída de leito carroçável,Com Vítimas Feridas,Pleno dia,Crescente,Céu Claro,Simples,Declive;Reta,Sim,1282980.0,Automóvel,I/CITROEN C4L A THP FFEX,2015.0,Passageiro,Lesões Leves,14.0,Feminino,0.0,1.0,0.0,0.0,"-25,67284","-52,12472",SPRF-PR,DEL08-PR,UOP01-DEL08-PR
720233.0,1607329.0,22/09/2025,segunda-feira,12:00:00,PR,373.0,415,FOZ DO JORDAO,Não,Acessar a via sem observar a presença dos outros veículos,1.0,Colisão transversal,Com Vítimas Feridas,Pleno dia,Crescente,Céu Claro,Simples,Declive;Reta,Sim,1282979.0,Automóvel,GM/KADETT GL,1994.0,Passageiro,Lesões Leves,16.0,Feminino,0.0,1.0,0.0,0.0,"-25,67284","-52,12472",SPRF-PR,DEL08-PR,UOP01-DEL08-PR
720233.0,1607336.0,22/09/2025,segunda-feira,12:00:00,PR,373.0,415,FOZ DO JORDAO,Não,Acessar a via sem observar a presença dos outros veículos,1.0,Colisão transversal,Com Vítimas Feridas,Pleno dia,Crescente,Céu Claro,Simples,Declive;Reta,Sim,1282980.0,Automóvel,I/CITROEN C4L A THP FFEX,2015.0,Passageiro,Lesões Leves,14.0,Feminino,0.0,1.0,0.0,0.0,"-25,67284","-52,12472",SPRF-PR,DEL08-PR,UOP01-DEL08-PR
720233.0,1607329.0,22/09/2025,segunda-feira,12:00:00,PR,373.0,415,FOZ DO JORDAO,Sim,Desrespeitar a preferência no cruzamento,2.0,Saída de leito carroçável,Com Vítimas Feridas,Pleno dia,Crescente,Céu Claro,Simples,Declive;Reta,Sim,1282979.0,Automóvel,GM/KADETT GL,1994.0,Passageiro,Lesões Leves,16.0,Feminino,0.0,1.0,0.0,0.0,"-25,67284","-52,12472",SPRF-PR,DEL08-PR,UOP01-DEL08-PR
720233.0,1607336.0,22/09/2025,segunda-feira,12:00:00,PR,373.0,415,FOZ DO JORDAO,Sim,Desrespeitar a preferência no cruzamento,2.0,Saída de leito carroçável,Com Vítimas Feridas,Pleno dia,Crescente,Céu Claro,Simples,Declive;Reta,Sim,1282980.0,Automóvel,I/CITROEN C4L A THP FFEX,2015.0,Passageiro,Lesões Leves,14.0,Feminino,0.0,1.0,0.0,0.0,"-25,67284","-52,12472",SPRF-PR,DEL08-PR,UOP01-DEL08-PR
720233.0,1607329.0,22/09/2025,segunda-feira,12:00:00,PR,373.0,415,FOZ DO JORDAO,Sim,Desrespeitar a preferência no cruzamento,1.0,Colisão transversal,Com Vítimas Feridas,Pleno dia,Crescente,Céu Claro,Simples,Declive;Reta,Sim,1282979.0,Automóvel,GM/KADETT GL,1994.0,Passageiro,Lesões Leves,16.0,Feminino,0.0,1.0,0.0,0.0,"-25,67284","-52,12472",SPRF-PR,DEL08-PR,UOP01-DEL08-PR
720233.0,1607336.0,22/09/2025,segunda-feira,12:00:00,PR,373.0,415,FOZ DO JORDAO,Sim,Desrespeitar a preferência no cruzamento,1.0,Colisão transversal,Com Vítimas Feridas,Pleno dia,Crescente,Céu Claro,Simples,Declive;Reta,Sim,1282980.0,Automóvel,I/CITROEN C4L A THP FFEX,2015.0,Passageiro,Lesões Leves,14.0,Feminino,0.0,1.0,0.0,0.0,"-25,67284","-52,12472",SPRF-PR,DEL08-PR,UOP01-DEL08-PR
720266.0,1607355.0,22/09/2025,segunda-feira,10:30:00,PR,476.0,"75,9",RIO BRANCO DO SUL,Não,Ausência de reação do condutor,1.0,Colisão frontal,Com Vítimas Feridas,Pleno dia,Decrescente,Chuva,Simples,Declive;Curva,Não,1282923.0,Automóvel,FORD/FIESTA FLEX,2014.0,Passageiro,Lesões Leves,16.0,Feminino,0.0,1.0,0.0,0.0,"-25,1014213","-49,10862772",SPRF-PR,DEL01-PR,UOP01-DEL01-PR
720266.0,1607355.0,22/09/2025,segunda-feira,10:30:00,PR,476.0,"75,9",RIO BRANCO DO SUL,Não,Reação tardia ou ineficiente do condutor,1.0,Colisão frontal,Com Vítimas Feridas,Pleno dia,Decrescente,Chuva,Simples,Declive;Curva,Não,1282923.0,Automóvel,FORD/FIESTA FLEX,2014.0,Passageiro,Lesões Leves,16.0,Feminino,0.0,1.0,0.0,0.0,"-25,1014213","-49,10862772",SPRF-PR,DEL01-PR,UOP01-DEL01-PR
720266.0,1607355.0,22/09/2025,segunda-feira,10:30:00,PR,476.0,"75,9",RIO BRANCO DO SUL,Não,Avarias e/ou desgaste excessivo no pneu,1.0,Colisão frontal,Com Vítimas Feridas,Pleno dia,Decrescente,Chuva,Simples,Declive;Curva,Não,1282923.0,Automóvel,FORD/FIESTA FLEX,2014.0,Passageiro,Lesões Leves,16.0,Feminino,0.0,1.0,0.0,0.0,"-25,1014213","-49,10862772",SPRF-PR,DEL01-PR,UOP01-DEL01-PR