id,pesid,data_inversa,dia_semana,horario,uf,br,km,municipio,causa_principal,causa_acidente,ordem_tipo_acidente,tipo_acidente,classificacao_acidente,fase_dia,sentido_via,condicao_metereologica,tipo_pista,tracado_via,uso_solo,id_veiculo,tipo_veiculo,marca,ano_fabricacao_veiculo,tipo_envolvido,estado_fisico,idade,sexo,ilesos,feridos_leves,feridos_graves,mortos,latitude,longitude,regional,delegacia,uop
720266.0,1607355.0,22/09/2025,segunda-feira,10:30:00,PR,476.0,"75,9",RIO BRANCO DO SUL,Não,Chuva,1.0,Colisão frontal,Com Vítimas Feridas,Pleno dia,Decrescente,Chuva,Simples,Declive;Curva,Não,1282923.0,Automóvel,FORD/FIESTA FLEX,2014.0,Passageiro,Lesões Leves,16.0,Feminino,0.0,1.0,0.0,0.0,"-25,1014213","-49,10862772",SPRF-PR,DEL01-PR,UOP01-DEL01-PR
720266.0,1607355.0,22/09/2025,segunda-feira,10:30:00,PR,476.0,"75,9",RIO BRANCO DO SUL,Não,Acumulo de óleo sobre o pavimento,1.0,Colisão frontal,Com Vítimas Feridas,Pleno dia,Decrescente,Chuva,Simples,Declive;Curva,Não,1282923.0,Automóvel,FORD/FIESTA FLEX,2014.0,Passageiro,Lesões Leves,16.0,Feminino,0.0,1.0,0.0,0.0,"-25,1014213","-49,10862772",SPRF-PR,DEL01-PR,UOP01-DEL01-PR
720266.0,1607355.0,22/09/2025,segunda-feira,10:30:00,PR,476.0,"75,9",RIO BRANCO DO SUL,Não,Acumulo de água sobre o pavimento,1.0,Colisão frontal,Com Vítimas Feridas,Pleno dia,Decrescente,Chuva,Simples,Declive;Curva,Não,1282923.0,Automóvel,FORD/FIESTA FLEX,2014.0,Passageiro,Lesões Leves,16.0,Feminino,0.0,1.0,0.0,0.0,"-25,1014213","-49,10862772",SPRF-PR,DEL01-PR,UOP01-DEL01-PR
720266.0,1607355.0,22/09/2025,segunda-feira,10:30:00,PR,476.0,"75,9",RIO BRANCO DO SUL,Sim,Velocidade Incompatível,1.0,Colisão frontal,Com Vítimas Feridas,Pleno dia,Decrescente,Chuva,Simples,Declive;Curva,Não,1282923.0,Automóvel,FORD/FIESTA FLEX,2014.0,Passageiro,Lesões Leves,16.0,Feminino,0.0,1.0,0.0,0.0,"-25,1014213","-49,10862772",SPRF-PR,DEL01-PR,UOP01-DEL01-PR
720310.0,1607383.0,10/09/2025,quarta-feira,10:30:00,PR,153.0,308,IMBITUVA,Sim,Ausência de reação do condutor,2.0,Saída de leito carroçável,Com Vítimas Fatais,Pleno dia,Decrescente,Céu Claro,Simples,Reta,Não,1283022.0,Automóvel,VW/GOL 1.6 POWER,2007.0,Passageiro,Lesões Graves,0.0,Masculino,0.0,0.0,1.0,0.0,"-25,27966","-50,639812",SPRF-PR,DEL08-PR,UOP02-DEL08-PR
720310.0,1607383.0,10/09/2025,quarta-feira,10:30:00,PR,153.0,308,IMBITUVA,Sim,Ausência de reação do condutor,1.0,Colisão frontal,Com Vítimas Fatais,Pleno dia,Decrescente,Céu Claro,Simples,Reta,Não,1283022.0,Automóvel,VW/GOL 1.6 POWER,2007.0,Passageiro,Lesões Graves,0.0,Masculino,0.0,0.0,1.0,0.0,"-25,27966","-50,639812",SPRF-PR,DEL08-PR,UOP02-DEL08-PR
720326.0,1607454.0,22/09/2025,segunda-feira,17:45:00,PR,369.0,"504,9",CASCAVEL,Sim,Entrada inopinada do pedestre,1.0,Atropelamento de Pedestre,Com Vítimas Fatais,Pleno dia,Crescente,Céu Claro,Simples,Reta,Sim,,,NA/NA,,Pedestre,Óbito,16.0,Feminino,0.0,0.0,0.0,1.0,"-24,94","-53,397",SPRF-PR,DEL04-PR,UOP01-DEL04-PR
720326.0,1607452.0,22/09/2025,segunda-feira,17:45:00,PR,369.0,"504,9",CASCAVEL,Sim,Entrada inopinada do pedestre,1.0,Atropelamento de Pedestre,Com Vítimas Fatais,Pleno dia,Crescente,Céu Claro,Simples,Reta,Sim,,,NA/NA,,Pedestre,Óbito,15.0,Feminino,0.0,0.0,0.0,1.0,"-24,94","-53,397",SPRF-PR,DEL04-PR,UOP01-DEL04-PR
720326.0,1607454.0,22/09/2025,segunda-feira,17:45:00,PR,369.0,"504,9",CASCAVEL,Não,Ausência de reação do condutor,1.0,Atropelamento de Pedestre,Com Vítimas Fatais,Pleno dia,Crescente,Céu Claro,Simples,Reta,Sim,,,NA/NA,,Pedestre,Óbito,16.0,Feminino,0.0,0.0,0.0,1.0,"-24,94","-53,397",SPRF-PR,DEL04-PR,UOP01-DEL04-PR
720326.0,1607452.0,22/09/2025,segunda-feira,17:45:00,PR,369.0,"504,9",CASCAVEL,Não,Ausência de reação do condutor,1.0,Atropelamento de Pedestre,Com Vítimas Fatais,Pleno dia,Crescente,Céu Claro,Simples,Reta,Sim,,,NA/NA,,Pedestre,Óbito,15.0,Feminino,0.0,0.0,0.0,1.0,"-24,94","-53,397",SPRF-PR,DEL04-PR,UOP01-DEL04-PR
720326.0,1607454.0,22/09/2025,segunda-feira,17:45:00,PR,369.0,"504,9",CASCAVEL,Não,Área urbana sem a presença de local apropriado para a travessia de pedestres,1.0,Atropelamento de Pedestre,Com Vítimas Fatais,Pleno dia,Crescente,Céu Claro,Simples,Reta,Sim,,,NA/NA,,Pedestre,Óbito,16.0,Feminino,0.0,0.0,0.0,1.0,"-24,94","-53,397",SPRF-PR,DEL04-PR,UOP01-DEL04-PR
720326.0,1607452.0,22/09/2025,segunda-feira,17:45:00,PR,369.0,"504,9",CASCAVEL,Não,Área urbana sem a presença de local apropriado para a travessia de pedestres,1.0,Atropelamento de Pedestre,Com Vítimas Fatais,Pleno dia,Crescente,Céu Claro,Simples,Reta,Sim,,,NA/NA,,Pedestre,Óbito,15.0,Feminino,0.0,0.0,0.0,1.0,"-24,94","-53,397",SPRF-PR,DEL04-PR,UOP01-DEL04-PR
720358.0,1609138.0,22/09/2025,segunda-feira,21:40:00,PR,116.0,"14,8",CAMPINA GRANDE DO SUL,Não,Chuva,2.0,Capotamento,Com Vítimas Fatais,Plena Noite,Crescente,Garoa/Chuvisco,Dupla,Curva,Não,1283136.0,Caminhonete,I/TOYOTA HILUX CD4X2 SR,2008.0,Passageiro,Lesões Graves,2.0,Masculino,0.0,0.0,1.0,0.0,"-25,098325","-48,68105",SPRF-PR,DEL01-PR,UOP02-DEL01-PR
720358.0,1609138.0,22/09/2025,segunda-feira,21:40:00,PR,116.0,"14,8",CAMPINA GRANDE DO SUL,Não,Chuva,1.0,Saída de leito carroçável,Com Vítimas Fatais,Plena Noite,Crescente,Garoa/Chuvisco,Dupla,Curva,Não,1283136.0,Caminhonete,I/TOYOTA HILUX CD4X2 SR,2008.0,Passageiro,Lesões Graves,2.0,Masculino,0.0,0.0,1.0,0.0,"-25,098325","-48,68105",SPRF-PR,DEL01-PR,UOP02-DEL01-PR
720358.0,1609138.0,22/09/2025,segunda-feira,21:40:00,PR,116.0,"14,8",CAMPINA GRANDE DO SUL,Sim,Velocidade Incompatível,2.0,Capotamento,Com Vítimas Fatais,Plena Noite,Crescente,Garoa/Chuvisco,Dupla,Curva,Não,1283136.0,Caminhonete,I/TOYOTA HILUX CD4X2 SR,2008.0,Passageiro,Lesões Graves,2.0,Masculino,0.0,0.0,1.0,0.0,"-25,098325","-48,68105",SPRF-PR,DEL01-PR,UOP02-DEL01-PR
720358.0,1609138.0,22/09/2025,segunda-feira,21:40:00,PR,116.0,"14,8",CAMPINA GRANDE DO SUL,Sim,Velocidade Incompatível,1.0,Saída de leito carroçável,Com Vítimas Fatais,Plena Noite,Crescente,Garoa/Chuvisco,Dupla,Curva,Não,1283136.0,Caminhonete,I/TOYOTA HILUX CD4X2 SR,2008.0,Passageiro,Lesões Graves,2.0,Masculino,0.0,0.0,1.0,0.0,"-25,098325","-48,68105",SPRF-PR,DEL01-PR,UOP02-DEL01-PR
720418.0,1607727.0,06/07/2025,domingo,20:50:00,PR,376.0,186,SARANDI,Sim,Manobra de mudança de faixa,2.0,Capotamento,Com Vítimas Feridas,Plena Noite,Decrescente,Céu Claro,Dupla,Reta,Sim,1283259.0,Caminhonete,I/FORD RANGER XLT CD4 32,2014.0,Passageiro,Ileso,7.0,Feminino,1.0,0.0,0.0,0.0,"-23,447166","-51,860702",SPRF-PR,DEL09-PR,UOP01-DEL09-PR
720418.0,1607726.0,06/07/2025,domingo,20:50:00,PR,376.0,186,SARANDI,Sim,Manobra de mudança de faixa,2.0,Capotamento,Com Vítimas Feridas,Plena Noite,Decrescente,Céu Claro,Dupla,Reta,Sim,1283259.0,Caminhonete,I/FORD RANGER XLT CD4 32,2014.0,Passageiro,Ileso,6.0,Masculino,1.0,0.0,0.0,0.0,"-23,447166","-51,860702",SPRF-PR,DEL09-PR,UOP01-DEL09-PR
720418.0,1607727.0,06/07/2025,domingo,20:50:00,PR,376.0,186,SARANDI,Sim,Manobra de mudança de faixa,1.0,Colisão traseira,Com Vítimas Feridas,Plena Noite,Decrescente,Céu Claro,Dupla,Reta,Sim,1283259.0,Caminhonete,I/FORD RANGER XLT CD4 32,2014.0,Passageiro,Ileso,7.0,Feminino,1.0,0.0,0.0,0.0,"-23,447166","-51,860702",SPRF-PR,DEL09-PR,UOP01-DEL09-PR
720418.0,1607726.0,06/07/2025,domingo,20:50:00,PR,376.0,186,SARANDI,Sim,Manobra de mudança de faixa,1.0,Colisão traseira,Com Vítimas Feridas,Plena Noite,Decrescente,Céu Claro,Dupla,Reta,Sim,1283259.0,Caminhonete,I/FORD RANGER XLT CD4 32,2014.0,Passageiro,Ileso,6.0,Masculino,1.0,0.0,0.0,0.0,"-23,447166","-51,860702",SPRF-PR,DEL09-PR,UOP01-DEL09-PR
720418.0,1607727.0,06/07/2025,domingo,20:50:00,PR,376.0,186,SARANDI,Não,Frear bruscamente,2.0,Capotamento,Com Vítimas Feridas,Plena Noite,Decrescente,Céu Claro,Dupla,Reta,Sim,1283259.0,Caminhonete,I/FORD RANGER XLT CD4 32,2014.0,Passageiro,Ileso,7.0,Feminino,1.0,0.0,0.0,0.0,"-23,447166","-51,860702",SPRF-PR,DEL09-PR,UOP01-DEL09-PR
720418.0,1607726.0,06/07/2025,domingo,20:50:00,PR,376.0,186,SARANDI,Não,Frear bruscamente,2.0,Capotamento,Com Vítimas Feridas,Plena Noite,Decrescente,Céu Claro,Dupla,Reta,Sim,1283259.0,Caminhonete,I/FORD RANGER XLT CD4 32,2014.0,Passageiro,Ileso,6.0,Masculino,1.0,0.0,0.0,0.0,"-23,447166","-51,860702",SPRF-PR,DEL09-PR,UOP01-DEL09-PR
720418.0,1607727.0,06/07/2025,domingo,20:50:00,PR,376.0,186,SARANDI,Não,Frear bruscamente,1.0,Colisão traseira,Com Vítimas Feridas,Plena Noite,Decrescente,Céu Claro,Dupla,Reta,Sim,1283259.0,Caminhonete,I/FORD RANGER XLT CD4 32,2014.0,Passageiro,Ileso,7.0,Feminino,1.0,0.0,0.0,0.0,"-23,447166","-51,860702",SPRF-PR,DEL09-PR,UOP01-DEL09-PR
720418.0,1607726.0,06/07/2025,domingo,20:50:00,PR,376.0,186,SARANDI,Não,Frear bruscamente,1.0,Colisão traseira,Com Vítimas Feridas,Plena Noite,Decrescente,Céu Claro,Dupla,Reta,Sim,1283259.0,Caminhonete,I/FORD RANGER XLT CD4 32,2014.0,Passageiro,Ileso,6.0,Masculino,1.0,0.0,0.0,0.0,"-23,447166","-51,860702",SPRF-PR,DEL09-PR,UOP01-DEL09-PR
720515.0,1608098.0,23/09/2025,terça-feira,19:15:00,PR,163.0,11,BARRACAO,Sim,Ausência de reação do condutor,1.0,Saída de leito carroçável,Com Vítimas Feridas,Plena Noite,Crescente,Céu Claro,Simples,Reta,Sim,1283554.0,Automóvel,VW/GOL SPECIAL,1999.0,Passageiro,Lesões Leves,5.0,Feminino,0.0,1.0,0.0,0.0,"-26,24062","-53,635243",SPRF-PR,DEL02-PR,UOP02-DEL02-PR
720522.0,1608001.0,23/09/2025,terça-feira,20:00:00,PR,469.0,"0,2",FOZ DO IGUACU,Sim,Ausência de reação do condutor,2.0,Queda de ocupante de veículo,Com Vítimas Feridas,Pleno dia,Decrescente,Céu Claro,Dupla,Curva;Rotatória,Sim,1283477.0,Motocicleta,Não Informado/Não Informado,2018.0,Condutor,Lesões Leves,16.0,Masculino,0.0,1.0,0.0,0.0,"-25,57716923","-54,55502629",SPRF-PR,DEL05-PR,UOP04-DEL05-PR
720522.0,1608001.0,23/09/2025,terça-feira,20:00:00,PR,469.0,"0,2",FOZ DO IGUACU,Sim,Ausência de reação do condutor,1.0,Tombamento,Com Vítimas Feridas,Pleno dia,Decrescente,Céu Claro,Dupla,Curva;Rotatória,Sim,1283477.0,Motocicleta,Não Informado/Não Informado,2018.0,Condutor,Lesões Leves,16.0,Masculino,0.0,1.0,0.0,0.0,"-25,57716923","-54,55502629",SPRF-PR,DEL05-PR,UOP04-DEL05-PR
720539.0,1608054.0,23/09/2025,terça-feira,23:57:00,PR,277.0,694,SAO MIGUEL DO IGUACU,Sim,Acessar a via sem observar a presença dos outros veículos,1.0,Colisão lateral mesmo sentido,Com Vítimas Feridas,Plena Noite,Crescente,Céu Claro,Dupla,Reta;Interseção de Vias,Não,1283516.0,Automóvel,I/FIAT SIENA ELX FLEX,2009.0,Passageiro,Ileso,7.0,Feminino,1.0,0.0,0.0,0.0,"-25,3729326","-54,2731461",SPRF-PR,DEL05-PR,UOP01-DEL05-PR
720573.0,1608275.0,24/09/2025,quarta-feira,07:50:00,PR,277.0,"650,6",MATELANDIA,Sim,Desrespeitar a preferência no cruzamento,1.0,Colisão transversal,Com Vítimas Feridas,Pleno dia,Crescente,Céu Claro,Simples,Rotatória;Reta;Interseção de Vias,Sim,1283705.0,Automóvel,TOYOTA/COROLLA SEG18VVT,2006.0,Passageiro,Lesões Graves,11.0,Masculino,0.0,0.0,1.0,0.0,"-25,194885","-53,941252",SPRF-PR,DEL05-PR,UOP02-DEL05-PR
720573.0,1608276.0,24/09/2025,quarta-feira,07:50:00,PR,277.0,"650,6",MATELANDIA,Sim,Desrespeitar a preferência no cruzamento,1.0,Colisão transversal,Com Vítimas Feridas,Pleno dia,Crescente,Céu Claro,Simples,Rotatória;Reta;Interseção de Vias,Sim,1283705.0,Automóvel,TOYOTA/COROLLA SEG18VVT,2006.0,Passageiro,Lesões Graves,13.0,Masculino,0.0,0.0,1.0,0.0,"-25,194885","-53,941252",SPRF-PR,DEL05-PR,UOP02-DEL05-PR
720573.0,1608277.0,24/09/2025,quarta-feira,07:50:00,PR,277.0,"650,6",MATELANDIA,Sim,Desrespeitar a preferência no cruzamento,1.0,Colisão transversal,Com Vítimas Feridas,Pleno dia,Crescente,Céu Claro,Simples,Rotatória;Reta;Interseção de Vias,Sim,1283705.0,Automóvel,TOYOTA/COROLLA SEG18VVT,2006.0,Passageiro,Lesões Leves,5.0,Feminino,0.0,1.0,0.0,0.0,"-25,194885","-53,941252",SPRF-PR,DEL05-PR,UOP02-DEL05-PR
720762.0,1609581.0,25/09/2025,quinta-feira,07:00:00,PR,476.0,277,SAO MATEUS DO SUL,Sim,Ultrapassagem Indevida,1.0,Colisão frontal,Com Vítimas Feridas,Pleno dia,Decrescente,Céu Claro,Simples,Reta,Sim,1284851.0,Automóvel,FIAT/SIENA ATTRACT 1.0,2019.0,Passageiro,Lesões Graves,1.0,Feminino,0.0,0.0,1.0,0.0,"-25,87967783","-50,42803252",SPRF-PR,DEL02-PR,UOP03-DEL02-PR
720762.0,1609577.0,25/09/2025,quinta-feira,07:00:00,PR,476.0,277,SAO MATEUS DO SUL,Sim,Ultrapassagem Indevida,1.0,Colisão frontal,Com Vítimas Feridas,Pleno dia,Decrescente,Céu Claro,Simples,Reta,Sim,1284851.0,Automóvel,FIAT/SIENA ATTRACT 1.0,2019.0,Passageiro,Lesões Graves,4.0,Feminino,0.0,0.0,1.0,0.0,"-25,87967783","-50,42803252",SPRF-PR,DEL02-PR,UOP03-DEL02-PR
721086.0,1611135.0,26/09/2025,sexta-feira,20:45:00,PR,277.0,143,BALSA NOVA,Sim,Demais falhas mecânicas ou elétricas,1.0,Incêndio,Sem Vítimas,Plena Noite,Crescente,Céu Claro,Dupla,Curva,Não,1284645.0,Automóvel,RENAULT/MEGANEGT DYN 16,2011.0,Passageiro,Ileso,7.0,Masculino,1.0,0.0,0.0,0.0,"-25,47","-49,69",SPRF-PR,DEL03-PR,UOP03-DEL03-PR
721086.0,1611134.0,26/09/2025,sexta-feira,20:45:00,PR,277.0,143,BALSA NOVA,Sim,Demais falhas mecânicas ou elétricas,1.0,Incêndio,Sem Vítimas,Plena Noite,Crescente,Céu Claro,Dupla,Curva,Não,1284645.0,Automóvel,RENAULT/MEGANEGT DYN 16,2011.0,Passageiro,Ileso,11.0,Masculino,1.0,0.0,0.0,0.0,"-25,47","-49,69",SPRF-PR,DEL03-PR,UOP03-DEL03-PR
721086.0,1611132.0,26/09/2025,sexta-feira,20:45:00,PR,277.0,143,BALSA NOVA,Sim,Demais falhas mecânicas ou elétricas,1.0,Incêndio,Sem Vítimas,Plena Noite,Crescente,Céu Claro,Dupla,Curva,Não,1284645.0,Automóvel,RENAULT/MEGANEGT DYN 16,2011.0,Passageiro,Ileso,12.0,Feminino,1.0,0.0,0.0,0.0,"-25,47","-49,69",SPRF-PR,DEL03-PR,UOP03-DEL03-PR
721163.0,1618928.0,27/09/2025,sábado,04:30:00,PR,376.0,521,PONTA GROSSA,Sim,Condutor Dormindo,1.0,Saída de leito carroçável,Sem Vítimas,Plena Noite,Crescente,Ignorado,Dupla,Reta,Não,1284780.0,Camioneta,JEEP/RENEGADE LNGTD AT,2017.0,Passageiro,Ileso,12.0,Masculino,1.0,0.0,0.0,0.0,"-25,26092907","-49,97815651",SPRF-PR,DEL03-PR,UOP04-DEL03-PR
721163.0,1618927.0,27/09/2025,sábado,04:30:00,PR,376.0,521,PONTA GROSSA,Sim,Condutor Dormindo,1.0,Saída de leito carroçável,Sem Vítimas,Plena Noite,Crescente,Ignorado,Dupla,Reta,Não,1284780.0,Camioneta,JEEP/RENEGADE LNGTD AT,2017.0,Passageiro,Ileso,4.0,Masculino,1.0,0.0,0.0,0.0,"-25,26092907","-49,97815651",SPRF-PR,DEL03-PR,UOP04-DEL03-PR
721197.0,1609604.0,27/09/2025,sábado,10:40:00,PR,153.0,335,IRATI,Não,Condutor deixou de manter distância do veículo da frente,2.0,Colisão traseira,Com Vítimas Feridas,Pleno dia,Decrescente,Céu Claro,Simples,Reta,Sim,1284875.0,Automóvel,TOYOTA/COROLLA XEI20FLEX,2015.0,Passageiro,Ileso,3.0,Feminino,1.0,0.0,0.0,0.0,"-25,49731327","-50,64797044",SPRF-PR,DEL08-PR,UOP02-DEL08-PR
721197.0,1609584.0,27/09/2025,sábado,10:40:00,PR,153.0,335,IRATI,Não,Condutor deixou de manter distância do veículo da frente,2.0,Colisão traseira,Com Vítimas Feridas,Pleno dia,Decrescente,Céu Claro,Simples,Reta,Sim,1284854.0,Automóvel,VW/GOL 1.0,2007.0,Passageiro,Lesões Leves,13.0,Feminino,0.0,1.0,0.0,0.0,"-25,49731327","-50,64797044",SPRF-PR,DEL08-PR,UOP02-DEL08-PR
721197.0,1609604.0,27/09/2025,sábado,10:40:00,PR,153.0,335,IRATI,Não,Condutor deixou de manter distância do veículo da frente,1.0,Colisão traseira,Com Vítimas Feridas,Pleno dia,Decrescente,Céu Claro,Simples,Reta,Sim,1284875.0,Automóvel,TOYOTA/COROLLA XEI20FLEX,2015.0,Passageiro,Ileso,3.0,Feminino,1.0,0.0,0.0,0.0,"-25,49731327","-50,64797044",SPRF-PR,DEL08-PR,UOP02-DEL08-PR
721197.0,1609584.0,27/09/2025,sábado,10:40:00,PR,153.0,335,IRATI,Não,Condutor deixou de manter distância do veículo da frente,1.0,Colisão traseira,Com Vítimas Feridas,Pleno dia,Decrescente,Céu Claro,Simples,Reta,Sim,1284854.0,Automóvel,VW/GOL 1.0,2007.0,Passageiro,Lesões Leves,13.0,Feminino,0.0,1.0,0.0,0.0,"-25,49731327","-50,64797044",SPRF-PR,DEL08-PR,UOP02-DEL08-PR
721197.0,1609604.0,27/09/2025,sábado,10:40:00,PR,153.0,335,IRATI,Sim,Reação tardia ou ineficiente do condutor,2.0,Colisão traseira,Com Vítimas Feridas,Pleno dia,Decrescente,Céu Claro,Simples,Reta,Sim,1284875.0,Automóvel,TOYOTA/COROLLA XEI20FLEX,2015.0,Passageiro,Ileso,3.0,Feminino,1.0,0.0,0.0,0.0,"-25,49731327","-50,64797044",SPRF-PR,DEL08-PR,UOP02-DEL08-PR
721197.0,1609584.0,27/09/2025,sábado,10:40:00,PR,153.0,335,IRATI,Sim,Reação tardia ou ineficiente do condutor,2.0,Colisão traseira,Com Vítimas Feridas,Pleno dia,Decrescente,Céu Claro,Simples,Reta,Sim,1284854.0,Automóvel,VW/GOL 1.0,2007.0,Passageiro,Lesões Leves,13.0,Feminino,0.0,1.0,0.0,0.0,"-25,49731327","-50,64797044",SPRF-PR,DEL08-PR,UOP02-DEL08-PR
721197.0,1609604.0,27/09/2025,sábado,10:40:00,PR,153.0,335,IRATI,Sim,Reação tardia ou ineficiente do condutor,1.0,Colisão traseira,Com Vítimas Feridas,Pleno dia,Decrescente,Céu Claro,Simples,Reta,Sim,1284875.0,Automóvel,TOYOTA/COROLLA XEI20FLEX,2015.0,Passageiro,Ileso,3.0,Feminino,1.0,0.0,0.0,0.0,"-25,49731327","-50,64797044",SPRF-PR,DEL08-PR,UOP02-DEL08-PR
721197.0,1609584.0,27/09/2025,sábado,10:40:00,PR,153.0,335,IRATI,Sim,Reação tardia ou ineficiente do condutor,1.0,Colisão traseira,Com Vítimas Feridas,Pleno dia,Decrescente,Céu Claro,Simples,Reta,Sim,1284854.0,Automóvel,VW/GOL 1.0,2007.0,Passageiro,Lesões Leves,13.0,Feminino,0.0,1.0,0.0,0.0,"-25,49731327","-50,64797044",SPRF-PR,DEL08-PR,UOP02-DEL08-PR
721256.0,1609884.0,27/09/2025,sábado,15:10:00,PR,116.0,15,COLOMBO,Não,Reação tardia ou ineficiente do condutor,1.0,Colisão traseira,Com Vítimas Feridas,Pleno dia,Decrescente,Céu Claro,Dupla,Reta,Sim,1285091.0,Automóvel,FORD/KA SE AT 1.5 HA C,2019.0,Passageiro,Ileso,8.0,Masculino,1.0,0.0,0.0,0.0,"-25,38235883","-49,16535258",SPRF-PR,DEL01-PR,UOP02-DEL01-PR
721256.0,1609884.0,27/09/2025,sábado,15:10:00,PR,116.0,15,COLOMBO,Sim,Condutor deixou de manter distância do veículo da frente,1.0,Colisão traseira,Com Vítimas Feridas,Pleno dia,Decrescente,Céu Claro,Dupla,Reta,Sim,1285091.0,Automóvel,FORD/KA SE AT 1.5 HA C,2019.0,Passageiro,Ileso,8.0,Masculino,1.0,0.0,0.0,0.0,"-25,38235883","-49,16535258",SPRF-PR,DEL01-PR,UOP02-DEL01-PR
721265.0,1609862.0,27/09/2025,sábado,15:45:00,PR,277.0,"221,4",TEIXEIRA SOARES,Não,Demais Fenômenos da natureza,3.0,Tombamento,Com Vítimas Fatais,Pleno dia,Decrescente,Céu Claro,Simples,Reta;Declive,Não,1284977.0,Caminhonete,FIAT/TORO FREEDOM AT,2018.0,Passageiro,Lesões Leves,13.0,Masculino,0.0,1.0,0.0,0.0,"-25,468471","-50,403049",SPRF-PR,DEL08-PR,UOP02-DEL08-PR
721265.0,1609862.0,27/09/2025,sábado,15:45:00,PR,277.0,"221,4",TEIXEIRA SOARES,Não,Demais Fenômenos da natureza,2.0,Capotamento,Com Vítimas Fatais,Pleno dia,Decrescente,Céu Claro,Simples,Reta;Declive,Não,1284977.0,Caminhonete,FIAT/TORO FREEDOM AT,2018.0,Passageiro,Lesões Leves,13.0,Masculino,0.0,1.0,0.0,0.0,"-25,468471","-50,403049",SPRF-PR,DEL08-PR,UOP02-DEL08-PR
721265.0,1609862.0,27/09/2025,sábado,15:45:00,PR,277.0,"221,4",TEIXEIRA SOARES,Não,Demais Fenômenos da natureza,1.0,Colisão frontal,Com Vítimas Fatais,Pleno dia,Decrescente,Céu Claro,Simples,Reta;Declive,Não,1284977.0,Caminhonete,FIAT/TORO FREEDOM AT,2018.0,Passageiro,Lesões Leves,13.0,Masculino,0.0,1.0,0.0,0.0,"-25,468471","-50,403049",SPRF-PR,DEL08-PR,UOP02-DEL08-PR
721265.0,1609862.0,27/09/2025,sábado,15:45:00,PR,277.0,"221,4",TEIXEIRA SOARES,Sim,Transitar na contramão,3.0,Tombamento,Com Vítimas Fatais,Pleno dia,Decrescente,Céu Claro,Simples,Reta;Declive,Não,1284977.0,Caminhonete,FIAT/TORO FREEDOM AT,2018.0,Passageiro,Lesões Leves,13.0,Masculino,0.0,1.0,0.0,0.0,"-25,468471","-50,403049",SPRF-PR,DEL08-PR,UOP02-DEL08-PR
721265.0,1609862.0,27/09/2025,sábado,15:45:00,PR,277.0,"221,4",TEIXEIRA SOARES,Sim,Transitar na contramão,2.0,Capotamento,Com Vítimas Fatais,Pleno dia,Decrescente,Céu Claro,Simples,Reta;Declive,Não,1284977.0,Caminhonete,FIAT/TORO FREEDOM AT,2018.0,Passageiro,Lesões Leves,13.0,Masculino,0.0,1.0,0.0,0.0,"-25,468471","-50,403049",SPRF-PR,DEL08-PR,UOP02-DEL08-PR
721265.0,1609862.0,27/09/2025,sábado,15:45:00,PR,277.0,"221,4",TEIXEIRA SOARES,Sim,Transitar na contramão,1.0,Colisão frontal,Com Vítimas Fatais,Pleno dia,Decrescente,Céu Claro,Simples,Reta;Declive,Não,1284977.0,Caminhonete,FIAT/TORO FREEDOM AT,2018.0,Passageiro,Lesões Leves,13.0,Masculino,0.0,1.0,0.0,0.0,"-25,468471","-50,403049",SPRF-PR,DEL08-PR,UOP02-DEL08-PR
721601.0,1610575.0,28/09/2025,domingo,20:30:00,PR,163.0,250,TOLEDO,Não,Ingestão de álcool pelo condutor,3.0,Queda de ocupante de veículo,Com Vítimas Fatais,Plena Noite,Crescente,Céu Claro,Dupla,Reta,Não,1285600.0,Automóvel,VW/NOVO GOL TL MCV,2017.0,Passageiro,Ileso,8.0,Masculino,1.0,0.0,0.0,0.0,"-24,68546336","-53,77358884",SPRF-PR,DEL06-PR,UOP02-DEL06-PR
721601.0,1610575.0,28/09/2025,domingo,20:30:00,PR,163.0,250,TOLEDO,Não,Ingestão de álcool pelo condutor,2.0,Tombamento,Com Vítimas Fatais,Plena Noite,Crescente,Céu Claro,Dupla,Reta,Não,1285600.0,Automóvel,VW/NOVO GOL TL MCV,2017.0,Passageiro,Ileso,8.0,Masculino,1.0,0.0,0.0,0.0,"-24,68546336","-53,77358884",SPRF-PR,DEL06-PR,UOP02-DEL06-PR
721601.0,1610575.0,28/09/2025,domingo,20:30:00,PR,163.0,250,TOLEDO,Não,Ingestão de álcool pelo condutor,1.0,Colisão frontal,Com Vítimas Fatais,Plena Noite,Crescente,Céu Claro,Dupla,Reta,Não,1285600.0,Automóvel,VW/NOVO GOL TL MCV,2017.0,Passageiro,Ileso,8.0,Masculino,1.0,0.0,0.0,0.0,"-24,68546336","-53,77358884",SPRF-PR,DEL06-PR,UOP02-DEL06-PR