id,pesid,data_inversa,dia_semana,horario,uf,br,km,municipio,causa_principal,causa_acidente,ordem_tipo_acidente,tipo_acidente,classificacao_acidente,fase_dia,sentido_via,condicao_metereologica,tipo_pista,tracado_via,uso_solo,id_veiculo,tipo_veiculo,marca,ano_fabricacao_veiculo,tipo_envolvido,estado_fisico,idade,sexo,ilesos,feridos_leves,feridos_graves,mortos,latitude,longitude,regional,delegacia,uop
725191.0,1619253.0,15/10/2025,quarta-feira,14:03:00,PR,369.0,84,CORNELIO PROCOPIO,Não,Velocidade Incompatível,1.0,Colisão transversal,Com Vítimas Feridas,Pleno dia,Crescente,Céu Claro,Simples,Reta,Sim,1292567.0,Automóvel,I/NISSAN SENTRA S,2007.0,Passageiro,Lesões Leves,3.0,Feminino,0.0,1.0,0.0,0.0,"-23,1592","-50,6079",SPRF-PR,DEL07-PR,UOP05-DEL07-PR
725191.0,1619253.0,15/10/2025,quarta-feira,14:03:00,PR,369.0,84,CORNELIO PROCOPIO,Sim,Acessar a via sem observar a presença dos outros veículos,2.0,Capotamento,Com Vítimas Feridas,Pleno dia,Crescente,Céu Claro,Simples,Reta,Sim,1292567.0,Automóvel,I/NISSAN SENTRA S,2007.0,Passageiro,Lesões Leves,3.0,Feminino,0.0,1.0,0.0,0.0,"-23,1592","-50,6079",SPRF-PR,DEL07-PR,UOP05-DEL07-PR
725191.0,1619253.0,15/10/2025,quarta-feira,14:03:00,PR,369.0,84,CORNELIO PROCOPIO,Sim,Acessar a via sem observar a presença dos outros veículos,1.0,Colisão transversal,Com Vítimas Feridas,Pleno dia,Crescente,Céu Claro,Simples,Reta,Sim,1292567.0,Automóvel,I/NISSAN SENTRA S,2007.0,Passageiro,Lesões Leves,3.0,Feminino,0.0,1.0,0.0,0.0,"-23,1592","-50,6079",SPRF-PR,DEL07-PR,UOP05-DEL07-PR
725254.0,1619447.0,15/10/2025,quarta-feira,20:00:00,PR,277.0,"30,1",MORRETES,Sim,Entrada inopinada do pedestre,1.0,Atropelamento de Pedestre,Com Vítimas Fatais,Plena Noite,Crescente,Céu Claro,Dupla,Curva,Sim,,,NA/NA,,Pedestre,Óbito,11.0,Feminino,0.0,0.0,0.0,1.0,"-25,55313988","-48,80066796",SPRF-PR,DEL01-PR,UOP05-DEL01-PR
725254.0,1619447.0,15/10/2025,quarta-feira,20:00:00,PR,277.0,"30,1",MORRETES,Não,Iluminação deficiente,1.0,Atropelamento de Pedestre,Com Vítimas Fatais,Plena Noite,Crescente,Céu Claro,Dupla,Curva,Sim,,,NA/NA,,Pedestre,Óbito,11.0,Feminino,0.0,0.0,0.0,1.0,"-25,55313988","-48,80066796",SPRF-PR,DEL01-PR,UOP05-DEL01-PR
725254.0,1619447.0,15/10/2025,quarta-feira,20:00:00,PR,277.0,"30,1",MORRETES,Não,Área urbana sem a presença de local apropriado para a travessia de pedestres,1.0,Atropelamento de Pedestre,Com Vítimas Fatais,Plena Noite,Crescente,Céu Claro,Dupla,Curva,Sim,,,NA/NA,,Pedestre,Óbito,11.0,Feminino,0.0,0.0,0.0,1.0,"-25,55313988","-48,80066796",SPRF-PR,DEL01-PR,UOP05-DEL01-PR
725355.0,1619599.0,10/08/2025,domingo,18:30:00,PR,277.0,119,CAMPO LARGO,Sim,Reação tardia ou ineficiente do condutor,1.0,Colisão traseira,Sem Vítimas,Plena Noite,Decrescente,Céu Claro,Dupla,Reta,Não,1292876.0,Automóvel,I/RENAULT SYMBOL EX1616V,2012.0,Passageiro,Ileso,12.0,Masculino,1.0,0.0,0.0,0.0,"-25,44674","-49,47281",SPRF-PR,DEL03-PR,UOP03-DEL03-PR
725355.0,1619597.0,10/08/2025,domingo,18:30:00,PR,277.0,119,CAMPO LARGO,Sim,Reação tardia ou ineficiente do condutor,1.0,Colisão traseira,Sem Vítimas,Plena Noite,Decrescente,Céu Claro,Dupla,Reta,Não,1292876.0,Automóvel,I/RENAULT SYMBOL EX1616V,2012.0,Passageiro,Ileso,6.0,Masculino,1.0,0.0,0.0,0.0,"-25,44674","-49,47281",SPRF-PR,DEL03-PR,UOP03-DEL03-PR
725456.0,1619904.0,16/10/2025,quinta-feira,18:40:00,PR,369.0,"154,6",LONDRINA,Sim,Ausência de reação do condutor,2.0,Tombamento,Com Vítimas Feridas,Anoitecer,Decrescente,Céu Claro,Dupla,Reta,Sim,1293109.0,Automóvel,HYUNDAI/HB20S 1.0M COMF,2014.0,Passageiro,Ileso,14.0,Masculino,1.0,0.0,0.0,0.0,"-23,29698849","-51,20363681",SPRF-PR,DEL07-PR,UOP01-DEL07-PR
725456.0,1619904.0,16/10/2025,quinta-feira,18:40:00,PR,369.0,"154,6",LONDRINA,Sim,Ausência de reação do condutor,1.0,Colisão traseira,Com Vítimas Feridas,Anoitecer,Decrescente,Céu Claro,Dupla,Reta,Sim,1293109.0,Automóvel,HYUNDAI/HB20S 1.0M COMF,2014.0,Passageiro,Ileso,14.0,Masculino,1.0,0.0,0.0,0.0,"-23,29698849","-51,20363681",SPRF-PR,DEL07-PR,UOP01-DEL07-PR
725477.0,1620020.0,16/10/2025,quinta-feira,18:30:00,PR,153.0,"208,1",TIBAGI,Não,Transitar no Acostamento,1.0,Colisão frontal,Com Vítimas Feridas,Pleno dia,Crescente,Nublado,Simples,Reta,Não,1293209.0,Automóvel,RENAULT/LOGAN AUT 1016V,2012.0,Passageiro,Lesões Graves,15.0,Feminino,0.0,0.0,1.0,0.0,"-24,53908333","-50,44675",SPRF-PR,DEL03-PR,UOP02-DEL03-PR
725477.0,1620020.0,16/10/2025,quinta-feira,18:30:00,PR,153.0,"208,1",TIBAGI,Não,Velocidade Incompatível,1.0,Colisão frontal,Com Vítimas Feridas,Pleno dia,Crescente,Nublado,Simples,Reta,Não,1293209.0,Automóvel,RENAULT/LOGAN AUT 1016V,2012.0,Passageiro,Lesões Graves,15.0,Feminino,0.0,0.0,1.0,0.0,"-24,53908333","-50,44675",SPRF-PR,DEL03-PR,UOP02-DEL03-PR
725477.0,1620020.0,16/10/2025,quinta-feira,18:30:00,PR,153.0,"208,1",TIBAGI,Não,Ultrapassagem Indevida,1.0,Colisão frontal,Com Vítimas Feridas,Pleno dia,Crescente,Nublado,Simples,Reta,Não,1293209.0,Automóvel,RENAULT/LOGAN AUT 1016V,2012.0,Passageiro,Lesões Graves,15.0,Feminino,0.0,0.0,1.0,0.0,"-24,53908333","-50,44675",SPRF-PR,DEL03-PR,UOP02-DEL03-PR
725477.0,1620020.0,16/10/2025,quinta-feira,18:30:00,PR,153.0,"208,1",TIBAGI,Sim,Reação tardia ou ineficiente do condutor,1.0,Colisão frontal,Com Vítimas Feridas,Pleno dia,Crescente,Nublado,Simples,Reta,Não,1293209.0,Automóvel,RENAULT/LOGAN AUT 1016V,2012.0,Passageiro,Lesões Graves,15.0,Feminino,0.0,0.0,1.0,0.0,"-24,53908333","-50,44675",SPRF-PR,DEL03-PR,UOP02-DEL03-PR
725652.0,1620369.0,17/10/2025,sexta-feira,17:15:00,PR,277.0,31,MORRETES,Não,Ausência de reação do condutor,1.0,Atropelamento de Pedestre,Com Vítimas Feridas,Anoitecer,Decrescente,Nublado,Simples,Reta,Sim,,,NA/NA,,Pedestre,Lesões Leves,14.0,Feminino,0.0,1.0,0.0,0.0,"-25,557477","-48,804003",SPRF-PR,DEL01-PR,UOP05-DEL01-PR
725652.0,1620369.0,17/10/2025,sexta-feira,17:15:00,PR,277.0,31,MORRETES,Sim,Entrada inopinada do pedestre,1.0,Atropelamento de Pedestre,Com Vítimas Feridas,Anoitecer,Decrescente,Nublado,Simples,Reta,Sim,,,NA/NA,,Pedestre,Lesões Leves,14.0,Feminino,0.0,1.0,0.0,0.0,"-25,557477","-48,804003",SPRF-PR,DEL01-PR,UOP05-DEL01-PR
725661.0,1621366.0,17/10/2025,sexta-feira,17:10:00,PR,163.0,"238,2",TOLEDO,Não,Reação tardia ou ineficiente do condutor,3.0,Tombamento,Com Vítimas Feridas,Pleno dia,Decrescente,Nublado,Dupla,Aclive;Reta,Não,1293634.0,Camioneta,VW/KOMBI,2013.0,Passageiro,Lesões Leves,11.0,Masculino,0.0,1.0,0.0,0.0,"-24,7376537","-53,6958658",SPRF-PR,DEL04-PR,UOP01-DEL04-PR
725661.0,1621366.0,17/10/2025,sexta-feira,17:10:00,PR,163.0,"238,2",TOLEDO,Não,Reação tardia ou ineficiente do condutor,2.0,Saída de leito carroçável,Com Vítimas Feridas,Pleno dia,Decrescente,Nublado,Dupla,Aclive;Reta,Não,1293634.0,Camioneta,VW/KOMBI,2013.0,Passageiro,Lesões Leves,11.0,Masculino,0.0,1.0,0.0,0.0,"-24,7376537","-53,6958658",SPRF-PR,DEL04-PR,UOP01-DEL04-PR
725661.0,1621366.0,17/10/2025,sexta-feira,17:10:00,PR,163.0,"238,2",TOLEDO,Não,Reação tardia ou ineficiente do condutor,1.0,Colisão traseira,Com Vítimas Feridas,Pleno dia,Decrescente,Nublado,Dupla,Aclive;Reta,Não,1293634.0,Camioneta,VW/KOMBI,2013.0,Passageiro,Lesões Leves,11.0,Masculino,0.0,1.0,0.0,0.0,"-24,7376537","-53,6958658",SPRF-PR,DEL04-PR,UOP01-DEL04-PR
725661.0,1621366.0,17/10/2025,sexta-feira,17:10:00,PR,163.0,"238,2",TOLEDO,Sim,Velocidade Incompatível,3.0,Tombamento,Com Vítimas Feridas,Pleno dia,Decrescente,Nublado,Dupla,Aclive;Reta,Não,1293634.0,Camioneta,VW/KOMBI,2013.0,Passageiro,Lesões Leves,11.0,Masculino,0.0,1.0,0.0,0.0,"-24,7376537","-53,6958658",SPRF-PR,DEL04-PR,UOP01-DEL04-PR
725661.0,1621366.0,17/10/2025,sexta-feira,17:10:00,PR,163.0,"238,2",TOLEDO,Sim,Velocidade Incompatível,2.0,Saída de leito carroçável,Com Vítimas Feridas,Pleno dia,Decrescente,Nublado,Dupla,Aclive;Reta,Não,1293634.0,Camioneta,VW/KOMBI,2013.0,Passageiro,Lesões Leves,11.0,Masculino,0.0,1.0,0.0,0.0,"-24,7376537","-53,6958658",SPRF-PR,DEL04-PR,UOP01-DEL04-PR
725661.0,1621366.0,17/10/2025,sexta-feira,17:10:00,PR,163.0,"238,2",TOLEDO,Sim,Velocidade Incompatível,1.0,Colisão traseira,Com Vítimas Feridas,Pleno dia,Decrescente,Nublado,Dupla,Aclive;Reta,Não,1293634.0,Camioneta,VW/KOMBI,2013.0,Passageiro,Lesões Leves,11.0,Masculino,0.0,1.0,0.0,0.0,"-24,7376537","-53,6958658",SPRF-PR,DEL04-PR,UOP01-DEL04-PR
725733.0,1620539.0,17/10/2025,sexta-feira,18:45:00,PR,376.0,258,CALIFORNIA,Sim,Avarias e/ou desgaste excessivo no pneu,2.0,Colisão com objeto,Com Vítimas Feridas,Plena Noite,Decrescente,Chuva,Simples,Curva,Não,1293651.0,Automóvel,I/RENAULT CLIO CAM1016VH,2008.0,Passageiro,Lesões Graves,0.0,Feminino,0.0,0.0,1.0,0.0,"-23,682876","-51,350355",SPRF-PR,DEL07-PR,UOP03-DEL07-PR
725733.0,1620533.0,17/10/2025,sexta-feira,18:45:00,PR,376.0,258,CALIFORNIA,Sim,Avarias e/ou desgaste excessivo no pneu,2.0,Colisão com objeto,Com Vítimas Feridas,Plena Noite,Decrescente,Chuva,Simples,Curva,Não,1293651.0,Automóvel,I/RENAULT CLIO CAM1016VH,2008.0,Passageiro,Lesões Leves,15.0,Masculino,0.0,1.0,0.0,0.0,"-23,682876","-51,350355",SPRF-PR,DEL07-PR,UOP03-DEL07-PR
725733.0,1620539.0,17/10/2025,sexta-feira,18:45:00,PR,376.0,258,CALIFORNIA,Sim,Avarias e/ou desgaste excessivo no pneu,1.0,Saída de leito carroçável,Com Vítimas Feridas,Plena Noite,Decrescente,Chuva,Simples,Curva,Não,1293651.0,Automóvel,I/RENAULT CLIO CAM1016VH,2008.0,Passageiro,Lesões Graves,0.0,Feminino,0.0,0.0,1.0,0.0,"-23,682876","-51,350355",SPRF-PR,DEL07-PR,UOP03-DEL07-PR
725733.0,1620533.0,17/10/2025,sexta-feira,18:45:00,PR,376.0,258,CALIFORNIA,Sim,Avarias e/ou desgaste excessivo no pneu,1.0,Saída de leito carroçável,Com Vítimas Feridas,Plena Noite,Decrescente,Chuva,Simples,Curva,Não,1293651.0,Automóvel,I/RENAULT CLIO CAM1016VH,2008.0,Passageiro,Lesões Leves,15.0,Masculino,0.0,1.0,0.0,0.0,"-23,682876","-51,350355",SPRF-PR,DEL07-PR,UOP03-DEL07-PR
725738.0,1622483.0,17/10/2025,sexta-feira,20:20:00,PR,376.0,"96,8",PARANAVAI,Sim,Ultrapassagem Indevida,1.0,Capotamento,Com Vítimas Feridas,Plena Noite,Crescente,Nublado,Simples,Curva,Não,1293699.0,Automóvel,VW/GOL 1.0 GIV,2011.0,Passageiro,Lesões Leves,6.0,Masculino,0.0,1.0,0.0,0.0,"-23,015158","-52,511806",SPRF-PR,DEL09-PR,UOP02-DEL09-PR
725738.0,1622480.0,17/10/2025,sexta-feira,20:20:00,PR,376.0,"96,8",PARANAVAI,Sim,Ultrapassagem Indevida,1.0,Capotamento,Com Vítimas Feridas,Plena Noite,Crescente,Nublado,Simples,Curva,Não,1293699.0,Automóvel,VW/GOL 1.0 GIV,2011.0,Passageiro,Ileso,8.0,Feminino,1.0,0.0,0.0,0.0,"-23,015158","-52,511806",SPRF-PR,DEL09-PR,UOP02-DEL09-PR
725774.0,1620626.0,18/10/2025,sábado,01:50:00,PR,376.0,228,APUCARANA,Sim,Ingestão de álcool pelo condutor,1.0,Saída de leito carroçável,Com Vítimas Feridas,Plena Noite,Decrescente,Nublado,Dupla,Reta,Não,1293733.0,Automóvel,FORD/FIESTA SUPERCHARGER,2004.0,Passageiro,Lesões Leves,12.0,Masculino,0.0,1.0,0.0,0.0,"-23,574581","-51,551147",SPRF-PR,DEL07-PR,UOP03-DEL07-PR
725864.0,1621029.0,18/10/2025,sábado,12:00:00,PR,116.0,127,FAZENDA RIO GRANDE,Não,Ausência de reação do condutor,3.0,Colisão com objeto,Com Vítimas Feridas,Pleno dia,Decrescente,Céu Claro,Dupla,Reta,Sim,1294014.0,Automóvel,RENAULT/KWID INTENS 10MT,2018.0,Passageiro,Lesões Leves,12.0,Feminino,0.0,1.0,0.0,0.0,"-25,656408","-49,311955",SPRF-PR,DEL01-PR,UOP03-DEL01-PR
725864.0,1621028.0,18/10/2025,sábado,12:00:00,PR,116.0,127,FAZENDA RIO GRANDE,Não,Ausência de reação do condutor,3.0,Colisão com objeto,Com Vítimas Feridas,Pleno dia,Decrescente,Céu Claro,Dupla,Reta,Sim,1294014.0,Automóvel,RENAULT/KWID INTENS 10MT,2018.0,Passageiro,Ileso,15.0,Masculino,1.0,0.0,0.0,0.0,"-25,656408","-49,311955",SPRF-PR,DEL01-PR,UOP03-DEL01-PR
725864.0,1621027.0,18/10/2025,sábado,12:00:00,PR,116.0,127,FAZENDA RIO GRANDE,Não,Ausência de reação do condutor,3.0,Colisão com objeto,Com Vítimas Feridas,Pleno dia,Decrescente,Céu Claro,Dupla,Reta,Sim,1294014.0,Automóvel,RENAULT/KWID INTENS 10MT,2018.0,Passageiro,Lesões Leves,7.0,Masculino,0.0,1.0,0.0,0.0,"-25,656408","-49,311955",SPRF-PR,DEL01-PR,UOP03-DEL01-PR
725864.0,1621029.0,18/10/2025,sábado,12:00:00,PR,116.0,127,FAZENDA RIO GRANDE,Não,Ausência de reação do condutor,2.0,Capotamento,Com Vítimas Feridas,Pleno dia,Decrescente,Céu Claro,Dupla,Reta,Sim,1294014.0,Automóvel,RENAULT/KWID INTENS 10MT,2018.0,Passageiro,Lesões Leves,12.0,Feminino,0.0,1.0,0.0,0.0,"-25,656408","-49,311955",SPRF-PR,DEL01-PR,UOP03-DEL01-PR
725864.0,1621028.0,18/10/2025,sábado,12:00:00,PR,116.0,127,FAZENDA RIO GRANDE,Não,Ausência de reação do condutor,2.0,Capotamento,Com Vítimas Feridas,Pleno dia,Decrescente,Céu Claro,Dupla,Reta,Sim,1294014.0,Automóvel,RENAULT/KWID INTENS 10MT,2018.0,Passageiro,Ileso,15.0,Masculino,1.0,0.0,0.0,0.0,"-25,656408","-49,311955",SPRF-PR,DEL01-PR,UOP03-DEL01-PR
725864.0,1621027.0,18/10/2025,sábado,12:00:00,PR,116.0,127,FAZENDA RIO GRANDE,Não,Ausência de reação do condutor,2.0,Capotamento,Com Vítimas Feridas,Pleno dia,Decrescente,Céu Claro,Dupla,Reta,Sim,1294014.0,Automóvel,RENAULT/KWID INTENS 10MT,2018.0,Passageiro,Lesões Leves,7.0,Masculino,0.0,1.0,0.0,0.0,"-25,656408","-49,311955",SPRF-PR,DEL01-PR,UOP03-DEL01-PR
725864.0,1621029.0,18/10/2025,sábado,12:00:00,PR,116.0,127,FAZENDA RIO GRANDE,Não,Ausência de reação do condutor,1.0,Saída de leito carroçável,Com Vítimas Feridas,Pleno dia,Decrescente,Céu Claro,Dupla,Reta,Sim,1294014.0,Automóvel,RENAULT/KWID INTENS 10MT,2018.0,Passageiro,Lesões Leves,12.0,Feminino,0.0,1.0,0.0,0.0,"-25,656408","-49,311955",SPRF-PR,DEL01-PR,UOP03-DEL01-PR
725864.0,1621028.0,18/10/2025,sábado,12:00:00,PR,116.0,127,FAZENDA RIO GRANDE,Não,Ausência de reação do condutor,1.0,Saída de leito carroçável,Com Vítimas Feridas,Pleno dia,Decrescente,Céu Claro,Dupla,Reta,Sim,1294014.0,Automóvel,RENAULT/KWID INTENS 10MT,2018.0,Passageiro,Ileso,15.0,Masculino,1.0,0.0,0.0,0.0,"-25,656408","-49,311955",SPRF-PR,DEL01-PR,UOP03-DEL01-PR
725864.0,1621027.0,18/10/2025,sábado,12:00:00,PR,116.0,127,FAZENDA RIO GRANDE,Não,Ausência de reação do condutor,1.0,Saída de leito carroçável,Com Vítimas Feridas,Pleno dia,Decrescente,Céu Claro,Dupla,Reta,Sim,1294014.0,Automóvel,RENAULT/KWID INTENS 10MT,2018.0,Passageiro,Lesões Leves,7.0,Masculino,0.0,1.0,0.0,0.0,"-25,656408","-49,311955",SPRF-PR,DEL01-PR,UOP03-DEL01-PR
725864.0,1621029.0,18/10/2025,sábado,12:00:00,PR,116.0,127,FAZENDA RIO GRANDE,Sim,Condutor Dormindo,3.0,Colisão com objeto,Com Vítimas Feridas,Pleno dia,Decrescente,Céu Claro,Dupla,Reta,Sim,1294014.0,Automóvel,RENAULT/KWID INTENS 10MT,2018.0,Passageiro,Lesões Leves,12.0,Feminino,0.0,1.0,0.0,0.0,"-25,656408","-49,311955",SPRF-PR,DEL01-PR,UOP03-DEL01-PR
725864.0,1621028.0,18/10/2025,sábado,12:00:00,PR,116.0,127,FAZENDA RIO GRANDE,Sim,Condutor Dormindo,3.0,Colisão com objeto,Com Vítimas Feridas,Pleno dia,Decrescente,Céu Claro,Dupla,Reta,Sim,1294014.0,Automóvel,RENAULT/KWID INTENS 10MT,2018.0,Passageiro,Ileso,15.0,Masculino,1.0,0.0,0.0,0.0,"-25,656408","-49,311955",SPRF-PR,DEL01-PR,UOP03-DEL01-PR
725864.0,1621027.0,18/10/2025,sábado,12:00:00,PR,116.0,127,FAZENDA RIO GRANDE,Sim,Condutor Dormindo,3.0,Colisão com objeto,Com Vítimas Feridas,Pleno dia,Decrescente,Céu Claro,Dupla,Reta,Sim,1294014.0,Automóvel,RENAULT/KWID INTENS 10MT,2018.0,Passageiro,Lesões Leves,7.0,Masculino,0.0,1.0,0.0,0.0,"-25,656408","-49,311955",SPRF-PR,DEL01-PR,UOP03-DEL01-PR
725864.0,1621029.0,18/10/2025,sábado,12:00:00,PR,116.0,127,FAZENDA RIO GRANDE,Sim,Condutor Dormindo,2.0,Capotamento,Com Vítimas Feridas,Pleno dia,Decrescente,Céu Claro,Dupla,Reta,Sim,1294014.0,Automóvel,RENAULT/KWID INTENS 10MT,2018.0,Passageiro,Lesões Leves,12.0,Feminino,0.0,1.0,0.0,0.0,"-25,656408","-49,311955",SPRF-PR,DEL01-PR,UOP03-DEL01-PR
725864.0,1621028.0,18/10/2025,sábado,12:00:00,PR,116.0,127,FAZENDA RIO GRANDE,Sim,Condutor Dormindo,2.0,Capotamento,Com Vítimas Feridas,Pleno dia,Decrescente,Céu Claro,Dupla,Reta,Sim,1294014.0,Automóvel,RENAULT/KWID INTENS 10MT,2018.0,Passageiro,Ileso,15.0,Masculino,1.0,0.0,0.0,0.0,"-25,656408","-49,311955",SPRF-PR,DEL01-PR,UOP03-DEL01-PR
725864.0,1621027.0,18/10/2025,sábado,12:00:00,PR,116.0,127,FAZENDA RIO GRANDE,Sim,Condutor Dormindo,2.0,Capotamento,Com Vítimas Feridas,Pleno dia,Decrescente,Céu Claro,Dupla,Reta,Sim,1294014.0,Automóvel,RENAULT/KWID INTENS 10MT,2018.0,Passageiro,Lesões Leves,7.0,Masculino,0.0,1.0,0.0,0.0,"-25,656408","-49,311955",SPRF-PR,DEL01-PR,UOP03-DEL01-PR
725864.0,1621029.0,18/10/2025,sábado,12:00:00,PR,116.0,127,FAZENDA RIO GRANDE,Sim,Condutor Dormindo,1.0,Saída de leito carroçável,Com Vítimas Feridas,Pleno dia,Decrescente,Céu Claro,Dupla,Reta,Sim,1294014.0,Automóvel,RENAULT/KWID INTENS 10MT,2018.0,Passageiro,Lesões Leves,12.0,Feminino,0.0,1.0,0.0,0.0,"-25,656408","-49,311955",SPRF-PR,DEL01-PR,UOP03-DEL01-PR
725864.0,1621028.0,18/10/2025,sábado,12:00:00,PR,116.0,127,FAZENDA RIO GRANDE,Sim,Condutor Dormindo,1.0,Saída de leito carroçável,Com Vítimas Feridas,Pleno dia,Decrescente,Céu Claro,Dupla,Reta,Sim,1294014.0,Automóvel,RENAULT/KWID INTENS 10MT,2018.0,Passageiro,Ileso,15.0,Masculino,1.0,0.0,0.0,0.0,"-25,656408","-49,311955",SPRF-PR,DEL01-PR,UOP03-DEL01-PR
725864.0,1621027.0,18/10/2025,sábado,12:00:00,PR,116.0,127,FAZENDA RIO GRANDE,Sim,Condutor Dormindo,1.0,Saída de leito carroçável,Com Vítimas Feridas,Pleno dia,Decrescente,Céu Claro,Dupla,Reta,Sim,1294014.0,Automóvel,RENAULT/KWID INTENS 10MT,2018.0,Passageiro,Lesões Leves,7.0,Masculino,0.0,1.0,0.0,0.0,"-25,656408","-49,311955",SPRF-PR,DEL01-PR,UOP03-DEL01-PR
725985.0,1621123.0,18/10/2025,sábado,22:50:00,PR,116.0,126,FAZENDA RIO GRANDE,Não,Reação tardia ou ineficiente do condutor,1.0,Capotamento,Com Vítimas Feridas,Plena Noite,Crescente,Céu Claro,Dupla,Reta,Sim,1294124.0,Automóvel,GM/CORSA GL,1995.0,Passageiro,Lesões Leves,8.0,Masculino,0.0,1.0,0.0,0.0,"-25,6489909","-49,3135191",SPRF-PR,DEL01-PR,UOP03-DEL01-PR
725985.0,1621123.0,18/10/2025,sábado,22:50:00,PR,116.0,126,FAZENDA RIO GRANDE,Sim,Ingestão de álcool pelo condutor,1.0,Capotamento,Com Vítimas Feridas,Plena Noite,Crescente,Céu Claro,Dupla,Reta,Sim,1294124.0,Automóvel,GM/CORSA GL,1995.0,Passageiro,Lesões Leves,8.0,Masculino,0.0,1.0,0.0,0.0,"-25,6489909","-49,3135191",SPRF-PR,DEL01-PR,UOP03-DEL01-PR
726123.0,1628033.0,19/10/2025,domingo,15:50:00,PR,153.0,26,JACAREZINHO,Sim,Condutor deixou de manter distância do veículo da frente,1.0,Colisão traseira,Sem Vítimas,Pleno dia,Decrescente,Céu Claro,Simples,Reta;Aclive,Não,1294440.0,Automóvel,CITROEN/C3 AIRCROSS GLXM,2011.0,Passageiro,Ileso,5.0,Masculino,1.0,0.0,0.0,0.0,"-23,20309968","-49,9851687",SPRF-PR,DEL07-PR,UOP04-DEL07-PR
726153.0,1623650.0,19/10/2025,domingo,18:55:00,PR,369.0,188,ARAPONGAS,Não,Reação tardia ou ineficiente do condutor,1.0,Colisão traseira,Com Vítimas Feridas,Plena Noite,Decrescente,Céu Claro,Simples,Reta,Sim,1294503.0,Automóvel,FIAT/PUNTO ATTRACTIVE,2011.0,Passageiro,Ileso,16.0,Masculino,1.0,0.0,0.0,0.0,"-23,421426","-51,424644",SPRF-PR,DEL07-PR,UOP03-DEL07-PR
726153.0,1623650.0,19/10/2025,domingo,18:55:00,PR,369.0,188,ARAPONGAS,Sim,Transitar no Acostamento,1.0,Colisão traseira,Com Vítimas Feridas,Plena Noite,Decrescente,Céu Claro,Simples,Reta,Sim,1294503.0,Automóvel,FIAT/PUNTO ATTRACTIVE,2011.0,Passageiro,Ileso,16.0,Masculino,1.0,0.0,0.0,0.0,"-23,421426","-51,424644",SPRF-PR,DEL07-PR,UOP03-DEL07-PR
726195.0,1623804.0,19/10/2025,domingo,21:20:00,PR,277.0,60,SAO JOSE DOS PINHAIS,Não,Ausência de reação do condutor,1.0,Colisão traseira,Com Vítimas Feridas,Plena Noite,Crescente,Nublado,Dupla,Reta,Não,1294559.0,Automóvel,VW/GOL SPECIAL,1999.0,Passageiro,Lesões Leves,8.0,Masculino,0.0,1.0,0.0,0.0,"-25,55226563","-49,03620657",SPRF-PR,DEL01-PR,UOP01-DEL01-PR
726195.0,1623801.0,19/10/2025,domingo,21:20:00,PR,277.0,60,SAO JOSE DOS PINHAIS,Não,Ausência de reação do condutor,1.0,Colisão traseira,Com Vítimas Feridas,Plena Noite,Crescente,Nublado,Dupla,Reta,Não,1294559.0,Automóvel,VW/GOL SPECIAL,1999.0,Passageiro,Lesões Leves,13.0,Feminino,0.0,1.0,0.0,0.0,"-25,55226563","-49,03620657",SPRF-PR,DEL01-PR,UOP01-DEL01-PR
726195.0,1623800.0,19/10/2025,domingo,21:20:00,PR,277.0,60,SAO JOSE DOS PINHAIS,Não,Ausência de reação do condutor,1.0,Colisão traseira,Com Vítimas Feridas,Plena Noite,Crescente,Nublado,Dupla,Reta,Não,1294559.0,Automóvel,VW/GOL SPECIAL,1999.0,Passageiro,Lesões Leves,10.0,Feminino,0.0,1.0,0.0,0.0,"-25,55226563","-49,03620657",SPRF-PR,DEL01-PR,UOP01-DEL01-PR
726195.0,1623799.0,19/10/2025,domingo,21:20:00,PR,277.0,60,SAO JOSE DOS PINHAIS,Não,Ausência de reação do condutor,1.0,Colisão traseira,Com Vítimas Feridas,Plena Noite,Crescente,Nublado,Dupla,Reta,Não,1294559.0,Automóvel,VW/GOL SPECIAL,1999.0,Passageiro,Lesões Leves,6.0,Feminino,0.0,1.0,0.0,0.0,"-25,55226563","-49,03620657",SPRF-PR,DEL01-PR,UOP01-DEL01-PR
726195.0,1623804.0,19/10/2025,domingo,21:20:00,PR,277.0,60,SAO JOSE DOS PINHAIS,Sim,Ingestão de álcool pelo condutor,1.0,Colisão traseira,Com Vítimas Feridas,Plena Noite,Crescente,Nublado,Dupla,Reta,Não,1294559.0,Automóvel,VW/GOL SPECIAL,1999.0,Passageiro,Lesões Leves,8.0,Masculino,0.0,1.0,0.0,0.0,"-25,55226563","-49,03620657",SPRF-PR,DEL01-PR,UOP01-DEL01-PR
726195.0,1623801.0,19/10/2025,domingo,21:20:00,PR,277.0,60,SAO JOSE DOS PINHAIS,Sim,Ingestão de álcool pelo condutor,1.0,Colisão traseira,Com Vítimas Feridas,Plena Noite,Crescente,Nublado,Dupla,Reta,Não,1294559.0,Automóvel,VW/GOL SPECIAL,1999.0,Passageiro,Lesões Leves,13.0,Feminino,0.0,1.0,0.0,0.0,"-25,55226563","-49,03620657",SPRF-PR,DEL01-PR,UOP01-DEL01-PR