id,pesid,data_inversa,dia_semana,horario,uf,br,km,municipio,causa_principal,causa_acidente,ordem_tipo_acidente,tipo_acidente,classificacao_acidente,fase_dia,sentido_via,condicao_metereologica,tipo_pista,tracado_via,uso_solo,id_veiculo,tipo_veiculo,marca,ano_fabricacao_veiculo,tipo_envolvido,estado_fisico,idade,sexo,ilesos,feridos_leves,feridos_graves,mortos,latitude,longitude,regional,delegacia,uop
728062.0,1626389.0,18/09/2025,quinta-feira,09:05:00,PR,369.0,"395,8",JURANDA,Sim,Acessar a via sem observar a presença dos outros veículos,1.0,Colisão transversal,Com Vítimas Feridas,Pleno dia,Crescente,Céu Claro,Simples,Reta,Sim,1298182.0,Automóvel,TOYOTA/COROLLA XEI20FLEX,2010.0,Passageiro,Lesões Leves,10.0,Feminino,0.0,1.0,0.0,0.0,"-24,34699354","-52,73410527",SPRF-PR,DEL04-PR,UOP03-DEL04-PR
728062.0,1626387.0,18/09/2025,quinta-feira,09:05:00,PR,369.0,"395,8",JURANDA,Sim,Acessar a via sem observar a presença dos outros veículos,1.0,Colisão transversal,Com Vítimas Feridas,Pleno dia,Crescente,Céu Claro,Simples,Reta,Sim,1298182.0,Automóvel,TOYOTA/COROLLA XEI20FLEX,2010.0,Passageiro,Ileso,4.0,Masculino,1.0,0.0,0.0,0.0,"-24,34699354","-52,73410527",SPRF-PR,DEL04-PR,UOP03-DEL04-PR
728370.0,1627401.0,29/10/2025,quarta-feira,16:00:00,PR,277.0,"283,9",PRUDENTOPOLIS,Sim,Demais falhas mecânicas ou elétricas,1.0,Colisão com objeto,Com Vítimas Feridas,Pleno dia,Crescente,Céu Claro,Simples,Declive;Reta,Não,1298843.0,Automóvel,VW/T CROSS HL TSI,2025.0,Passageiro,Lesões Leves,13.0,Masculino,0.0,1.0,0.0,0.0,"-25,323","-50,966",SPRF-PR,DEL08-PR,UOP02-DEL08-PR
728382.0,1627350.0,29/10/2025,quarta-feira,18:10:00,PR,116.0,"29,5",CAMPINA GRANDE DO SUL,Não,Velocidade Incompatível,1.0,Colisão com objeto,Com Vítimas Feridas,Anoitecer,Decrescente,Chuva,Dupla,Aclive;Curva,Não,1298916.0,Automóvel,I/MMC LANCER 2.0,2011.0,Passageiro,Lesões Leves,9.0,Masculino,0.0,1.0,0.0,0.0,"-25,111929","-48,802807",SPRF-PR,DEL01-PR,UOP02-DEL01-PR
728382.0,1627349.0,29/10/2025,quarta-feira,18:10:00,PR,116.0,"29,5",CAMPINA GRANDE DO SUL,Não,Velocidade Incompatível,1.0,Colisão com objeto,Com Vítimas Feridas,Anoitecer,Decrescente,Chuva,Dupla,Aclive;Curva,Não,1298916.0,Automóvel,I/MMC LANCER 2.0,2011.0,Passageiro,Lesões Leves,3.0,Feminino,0.0,1.0,0.0,0.0,"-25,111929","-48,802807",SPRF-PR,DEL01-PR,UOP02-DEL01-PR
728382.0,1627350.0,29/10/2025,quarta-feira,18:10:00,PR,116.0,"29,5",CAMPINA GRANDE DO SUL,Não,Pista Escorregadia,1.0,Colisão com objeto,Com Vítimas Feridas,Anoitecer,Decrescente,Chuva,Dupla,Aclive;Curva,Não,1298916.0,Automóvel,I/MMC LANCER 2.0,2011.0,Passageiro,Lesões Leves,9.0,Masculino,0.0,1.0,0.0,0.0,"-25,111929","-48,802807",SPRF-PR,DEL01-PR,UOP02-DEL01-PR
728382.0,1627349.0,29/10/2025,quarta-feira,18:10:00,PR,116.0,"29,5",CAMPINA GRANDE DO SUL,Não,Pista Escorregadia,1.0,Colisão com objeto,Com Vítimas Feridas,Anoitecer,Decrescente,Chuva,Dupla,Aclive;Curva,Não,1298916.0,Automóvel,I/MMC LANCER 2.0,2011.0,Passageiro,Lesões Leves,3.0,Feminino,0.0,1.0,0.0,0.0,"-25,111929","-48,802807",SPRF-PR,DEL01-PR,UOP02-DEL01-PR
728382.0,1627350.0,29/10/2025,quarta-feira,18:10:00,PR,116.0,"29,5",CAMPINA GRANDE DO SUL,Sim,Chuva,1.0,Colisão com objeto,Com Vítimas Feridas,Anoitecer,Decrescente,Chuva,Dupla,Aclive;Curva,Não,1298916.0,Automóvel,I/MMC LANCER 2.0,2011.0,Passageiro,Lesões Leves,9.0,Masculino,0.0,1.0,0.0,0.0,"-25,111929","-48,802807",SPRF-PR,DEL01-PR,UOP02-DEL01-PR
728382.0,1627349.0,29/10/2025,quarta-feira,18:10:00,PR,116.0,"29,5",CAMPINA GRANDE DO SUL,Sim,Chuva,1.0,Colisão com objeto,Com Vítimas Feridas,Anoitecer,Decrescente,Chuva,Dupla,Aclive;Curva,Não,1298916.0,Automóvel,I/MMC LANCER 2.0,2011.0,Passageiro,Lesões Leves,3.0,Feminino,0.0,1.0,0.0,0.0,"-25,111929","-48,802807",SPRF-PR,DEL01-PR,UOP02-DEL01-PR
728467.0,1627915.0,30/10/2025,quinta-feira,08:00:00,PR,116.0,145,MANDIRITUBA,Não,Manobra de mudança de faixa,1.0,Colisão lateral mesmo sentido,Sem Vítimas,Pleno dia,Crescente,Nublado,Simples,Curva;Aclive,Não,1299179.0,Automóvel,FIAT/UNO MILLE FIRE,2001.0,Passageiro,Ileso,2.0,Feminino,1.0,0.0,0.0,0.0,"-25,808593","-49,326429",SPRF-PR,DEL01-PR,UOP03-DEL01-PR
728467.0,1627915.0,30/10/2025,quinta-feira,08:00:00,PR,116.0,145,MANDIRITUBA,Sim,Reação tardia ou ineficiente do condutor,1.0,Colisão lateral mesmo sentido,Sem Vítimas,Pleno dia,Crescente,Nublado,Simples,Curva;Aclive,Não,1299179.0,Automóvel,FIAT/UNO MILLE FIRE,2001.0,Passageiro,Ileso,2.0,Feminino,1.0,0.0,0.0,0.0,"-25,808593","-49,326429",SPRF-PR,DEL01-PR,UOP03-DEL01-PR
728547.0,1627784.0,30/10/2025,quinta-feira,16:40:00,PR,277.0,"134,2",CAMPO LARGO,Sim,Acessar a via sem observar a presença dos outros veículos,1.0,Colisão transversal,Com Vítimas Feridas,Pleno dia,Crescente,Nublado,Simples,Reta,Não,1299246.0,Automóvel,FIAT/UNO VIVACE 1.0,2014.0,Passageiro,Lesões Leves,3.0,Masculino,0.0,1.0,0.0,0.0,"-25,449483","-49,614681",SPRF-PR,DEL03-PR,UOP03-DEL03-PR
728547.0,1627783.0,30/10/2025,quinta-feira,16:40:00,PR,277.0,"134,2",CAMPO LARGO,Sim,Acessar a via sem observar a presença dos outros veículos,1.0,Colisão transversal,Com Vítimas Feridas,Pleno dia,Crescente,Nublado,Simples,Reta,Não,1299246.0,Automóvel,FIAT/UNO VIVACE 1.0,2014.0,Passageiro,Lesões Graves,5.0,Masculino,0.0,0.0,1.0,0.0,"-25,449483","-49,614681",SPRF-PR,DEL03-PR,UOP03-DEL03-PR
728550.0,1627866.0,30/10/2025,quinta-feira,16:30:00,PR,116.0,17,CAMPINA GRANDE DO SUL,Sim,Reação tardia ou ineficiente do condutor,3.0,Capotamento,Com Vítimas Feridas,Pleno dia,Crescente,Garoa/Chuvisco,Dupla,Curva,Não,1299309.0,Automóvel,FIAT/ARGO DRIVE 1.0,2023.0,Passageiro,Lesões Leves,3.0,Feminino,0.0,1.0,0.0,0.0,"-25,10446224","-48,7124869",SPRF-PR,DEL01-PR,UOP02-DEL01-PR
728550.0,1627866.0,30/10/2025,quinta-feira,16:30:00,PR,116.0,17,CAMPINA GRANDE DO SUL,Sim,Reação tardia ou ineficiente do condutor,2.0,Colisão com objeto,Com Vítimas Feridas,Pleno dia,Crescente,Garoa/Chuvisco,Dupla,Curva,Não,1299309.0,Automóvel,FIAT/ARGO DRIVE 1.0,2023.0,Passageiro,Lesões Leves,3.0,Feminino,0.0,1.0,0.0,0.0,"-25,10446224","-48,7124869",SPRF-PR,DEL01-PR,UOP02-DEL01-PR
728550.0,1627866.0,30/10/2025,quinta-feira,16:30:00,PR,116.0,17,CAMPINA GRANDE DO SUL,Sim,Reação tardia ou ineficiente do condutor,1.0,Saída de leito carroçável,Com Vítimas Feridas,Pleno dia,Crescente,Garoa/Chuvisco,Dupla,Curva,Não,1299309.0,Automóvel,FIAT/ARGO DRIVE 1.0,2023.0,Passageiro,Lesões Leves,3.0,Feminino,0.0,1.0,0.0,0.0,"-25,10446224","-48,7124869",SPRF-PR,DEL01-PR,UOP02-DEL01-PR
728628.0,1627960.0,31/10/2025,sexta-feira,00:15:00,PR,373.0,263,PRUDENTOPOLIS,Não,Condutor Dormindo,1.0,Saída de leito carroçável,Com Vítimas Feridas,Plena Noite,Crescente,Céu Claro,Simples,Reta,Sim,1299378.0,Automóvel,VW/GOL 1.0,2002.0,Passageiro,Ileso,4.0,Feminino,1.0,0.0,0.0,0.0,"-25,200365","-50,974673",SPRF-PR,DEL08-PR,UOP01-DEL08-PR
728628.0,1627960.0,31/10/2025,sexta-feira,00:15:00,PR,373.0,263,PRUDENTOPOLIS,Não,Mal súbito do condutor,1.0,Saída de leito carroçável,Com Vítimas Feridas,Plena Noite,Crescente,Céu Claro,Simples,Reta,Sim,1299378.0,Automóvel,VW/GOL 1.0,2002.0,Passageiro,Ileso,4.0,Feminino,1.0,0.0,0.0,0.0,"-25,200365","-50,974673",SPRF-PR,DEL08-PR,UOP01-DEL08-PR
728628.0,1627960.0,31/10/2025,sexta-feira,00:15:00,PR,373.0,263,PRUDENTOPOLIS,Não,Condutor usando celular,1.0,Saída de leito carroçável,Com Vítimas Feridas,Plena Noite,Crescente,Céu Claro,Simples,Reta,Sim,1299378.0,Automóvel,VW/GOL 1.0,2002.0,Passageiro,Ileso,4.0,Feminino,1.0,0.0,0.0,0.0,"-25,200365","-50,974673",SPRF-PR,DEL08-PR,UOP01-DEL08-PR
728628.0,1627960.0,31/10/2025,sexta-feira,00:15:00,PR,373.0,263,PRUDENTOPOLIS,Sim,Ausência de reação do condutor,1.0,Saída de leito carroçável,Com Vítimas Feridas,Plena Noite,Crescente,Céu Claro,Simples,Reta,Sim,1299378.0,Automóvel,VW/GOL 1.0,2002.0,Passageiro,Ileso,4.0,Feminino,1.0,0.0,0.0,0.0,"-25,200365","-50,974673",SPRF-PR,DEL08-PR,UOP01-DEL08-PR
729125.0,1629058.0,02/11/2025,domingo,07:23:00,PR,116.0,"45,5",CAMPINA GRANDE DO SUL,Não,Curva acentuada,2.0,Colisão com objeto,Sem Vítimas,Pleno dia,Crescente,Chuva,Dupla,Curva,Não,1300286.0,Automóvel,FIAT/MOBI LIKE,2021.0,Passageiro,Ileso,1.0,Masculino,1.0,0.0,0.0,0.0,"-25,199797","-48,895377",SPRF-PR,DEL01-PR,UOP02-DEL01-PR
729125.0,1629058.0,02/11/2025,domingo,07:23:00,PR,116.0,"45,5",CAMPINA GRANDE DO SUL,Não,Curva acentuada,1.0,Saída de leito carroçável,Sem Vítimas,Pleno dia,Crescente,Chuva,Dupla,Curva,Não,1300286.0,Automóvel,FIAT/MOBI LIKE,2021.0,Passageiro,Ileso,1.0,Masculino,1.0,0.0,0.0,0.0,"-25,199797","-48,895377",SPRF-PR,DEL01-PR,UOP02-DEL01-PR
729125.0,1629058.0,02/11/2025,domingo,07:23:00,PR,116.0,"45,5",CAMPINA GRANDE DO SUL,Não,Avarias e/ou desgaste excessivo no pneu,2.0,Colisão com objeto,Sem Vítimas,Pleno dia,Crescente,Chuva,Dupla,Curva,Não,1300286.0,Automóvel,FIAT/MOBI LIKE,2021.0,Passageiro,Ileso,1.0,Masculino,1.0,0.0,0.0,0.0,"-25,199797","-48,895377",SPRF-PR,DEL01-PR,UOP02-DEL01-PR
729125.0,1629058.0,02/11/2025,domingo,07:23:00,PR,116.0,"45,5",CAMPINA GRANDE DO SUL,Não,Avarias e/ou desgaste excessivo no pneu,1.0,Saída de leito carroçável,Sem Vítimas,Pleno dia,Crescente,Chuva,Dupla,Curva,Não,1300286.0,Automóvel,FIAT/MOBI LIKE,2021.0,Passageiro,Ileso,1.0,Masculino,1.0,0.0,0.0,0.0,"-25,199797","-48,895377",SPRF-PR,DEL01-PR,UOP02-DEL01-PR
729125.0,1629058.0,02/11/2025,domingo,07:23:00,PR,116.0,"45,5",CAMPINA GRANDE DO SUL,Sim,Chuva,2.0,Colisão com objeto,Sem Vítimas,Pleno dia,Crescente,Chuva,Dupla,Curva,Não,1300286.0,Automóvel,FIAT/MOBI LIKE,2021.0,Passageiro,Ileso,1.0,Masculino,1.0,0.0,0.0,0.0,"-25,199797","-48,895377",SPRF-PR,DEL01-PR,UOP02-DEL01-PR
729125.0,1629058.0,02/11/2025,domingo,07:23:00,PR,116.0,"45,5",CAMPINA GRANDE DO SUL,Sim,Chuva,1.0,Saída de leito carroçável,Sem Vítimas,Pleno dia,Crescente,Chuva,Dupla,Curva,Não,1300286.0,Automóvel,FIAT/MOBI LIKE,2021.0,Passageiro,Ileso,1.0,Masculino,1.0,0.0,0.0,0.0,"-25,199797","-48,895377",SPRF-PR,DEL01-PR,UOP02-DEL01-PR
729170.0,1629254.0,02/11/2025,domingo,13:40:00,PR,277.0,396,CANDOI,Não,Condutor Dormindo,2.0,Colisão com objeto,Com Vítimas Feridas,Pleno dia,Decrescente,Nublado,Simples,Reta,Não,1300362.0,Ônibus,SCANIA/MPOLO PARADIS DDR,2011.0,Passageiro,Ileso,12.0,Masculino,1.0,0.0,0.0,0.0,"-25,45073628","-51,92907747",SPRF-PR,DEL08-PR,UOP01-DEL08-PR
729170.0,1629254.0,02/11/2025,domingo,13:40:00,PR,277.0,396,CANDOI,Não,Condutor Dormindo,1.0,Saída de leito carroçável,Com Vítimas Feridas,Pleno dia,Decrescente,Nublado,Simples,Reta,Não,1300362.0,Ônibus,SCANIA/MPOLO PARADIS DDR,2011.0,Passageiro,Ileso,12.0,Masculino,1.0,0.0,0.0,0.0,"-25,45073628","-51,92907747",SPRF-PR,DEL08-PR,UOP01-DEL08-PR
729170.0,1629254.0,02/11/2025,domingo,13:40:00,PR,277.0,396,CANDOI,Sim,Mal súbito do condutor,2.0,Colisão com objeto,Com Vítimas Feridas,Pleno dia,Decrescente,Nublado,Simples,Reta,Não,1300362.0,Ônibus,SCANIA/MPOLO PARADIS DDR,2011.0,Passageiro,Ileso,12.0,Masculino,1.0,0.0,0.0,0.0,"-25,45073628","-51,92907747",SPRF-PR,DEL08-PR,UOP01-DEL08-PR
729170.0,1629254.0,02/11/2025,domingo,13:40:00,PR,277.0,396,CANDOI,Sim,Mal súbito do condutor,1.0,Saída de leito carroçável,Com Vítimas Feridas,Pleno dia,Decrescente,Nublado,Simples,Reta,Não,1300362.0,Ônibus,SCANIA/MPOLO PARADIS DDR,2011.0,Passageiro,Ileso,12.0,Masculino,1.0,0.0,0.0,0.0,"-25,45073628","-51,92907747",SPRF-PR,DEL08-PR,UOP01-DEL08-PR
729249.0,1631069.0,02/11/2025,domingo,19:00:00,PR,116.0,149,MANDIRITUBA,Não,Velocidade Incompatível,4.0,Capotamento,Com Vítimas Feridas,Plena Noite,Crescente,Nublado,Simples,Reta,Não,1300480.0,Automóvel,VW/NIVUS CL TSI,2025.0,Passageiro,Ileso,3.0,Masculino,1.0,0.0,0.0,0.0,"-25,8438","-49,349023",SPRF-PR,DEL01-PR,UOP03-DEL01-PR
729249.0,1631066.0,02/11/2025,domingo,19:00:00,PR,116.0,149,MANDIRITUBA,Não,Velocidade Incompatível,4.0,Capotamento,Com Vítimas Feridas,Plena Noite,Crescente,Nublado,Simples,Reta,Não,1300480.0,Automóvel,VW/NIVUS CL TSI,2025.0,Passageiro,Ileso,10.0,Masculino,1.0,0.0,0.0,0.0,"-25,8438","-49,349023",SPRF-PR,DEL01-PR,UOP03-DEL01-PR
729249.0,1631060.0,02/11/2025,domingo,19:00:00,PR,116.0,149,MANDIRITUBA,Não,Velocidade Incompatível,4.0,Capotamento,Com Vítimas Feridas,Plena Noite,Crescente,Nublado,Simples,Reta,Não,1300482.0,Automóvel,CHEVROLET/ONIX 1.0MT LT,2018.0,Passageiro,Lesões Leves,5.0,Feminino,0.0,1.0,0.0,0.0,"-25,8438","-49,349023",SPRF-PR,DEL01-PR,UOP03-DEL01-PR
729249.0,1631069.0,02/11/2025,domingo,19:00:00,PR,116.0,149,MANDIRITUBA,Não,Velocidade Incompatível,3.0,Saída de leito carroçável,Com Vítimas Feridas,Plena Noite,Crescente,Nublado,Simples,Reta,Não,1300480.0,Automóvel,VW/NIVUS CL TSI,2025.0,Passageiro,Ileso,3.0,Masculino,1.0,0.0,0.0,0.0,"-25,8438","-49,349023",SPRF-PR,DEL01-PR,UOP03-DEL01-PR
729249.0,1631066.0,02/11/2025,domingo,19:00:00,PR,116.0,149,MANDIRITUBA,Não,Velocidade Incompatível,3.0,Saída de leito carroçável,Com Vítimas Feridas,Plena Noite,Crescente,Nublado,Simples,Reta,Não,1300480.0,Automóvel,VW/NIVUS CL TSI,2025.0,Passageiro,Ileso,10.0,Masculino,1.0,0.0,0.0,0.0,"-25,8438","-49,349023",SPRF-PR,DEL01-PR,UOP03-DEL01-PR
729249.0,1631060.0,02/11/2025,domingo,19:00:00,PR,116.0,149,MANDIRITUBA,Não,Velocidade Incompatível,3.0,Saída de leito carroçável,Com Vítimas Feridas,Plena Noite,Crescente,Nublado,Simples,Reta,Não,1300482.0,Automóvel,CHEVROLET/ONIX 1.0MT LT,2018.0,Passageiro,Lesões Leves,5.0,Feminino,0.0,1.0,0.0,0.0,"-25,8438","-49,349023",SPRF-PR,DEL01-PR,UOP03-DEL01-PR
729249.0,1631069.0,02/11/2025,domingo,19:00:00,PR,116.0,149,MANDIRITUBA,Não,Velocidade Incompatível,2.0,Colisão frontal,Com Vítimas Feridas,Plena Noite,Crescente,Nublado,Simples,Reta,Não,1300480.0,Automóvel,VW/NIVUS CL TSI,2025.0,Passageiro,Ileso,3.0,Masculino,1.0,0.0,0.0,0.0,"-25,8438","-49,349023",SPRF-PR,DEL01-PR,UOP03-DEL01-PR
729249.0,1631066.0,02/11/2025,domingo,19:00:00,PR,116.0,149,MANDIRITUBA,Não,Velocidade Incompatível,2.0,Colisão frontal,Com Vítimas Feridas,Plena Noite,Crescente,Nublado,Simples,Reta,Não,1300480.0,Automóvel,VW/NIVUS CL TSI,2025.0,Passageiro,Ileso,10.0,Masculino,1.0,0.0,0.0,0.0,"-25,8438","-49,349023",SPRF-PR,DEL01-PR,UOP03-DEL01-PR
729249.0,1631060.0,02/11/2025,domingo,19:00:00,PR,116.0,149,MANDIRITUBA,Não,Velocidade Incompatível,2.0,Colisão frontal,Com Vítimas Feridas,Plena Noite,Crescente,Nublado,Simples,Reta,Não,1300482.0,Automóvel,CHEVROLET/ONIX 1.0MT LT,2018.0,Passageiro,Lesões Leves,5.0,Feminino,0.0,1.0,0.0,0.0,"-25,8438","-49,349023",SPRF-PR,DEL01-PR,UOP03-DEL01-PR
729249.0,1631069.0,02/11/2025,domingo,19:00:00,PR,116.0,149,MANDIRITUBA,Não,Velocidade Incompatível,1.0,Colisão lateral mesmo sentido,Com Vítimas Feridas,Plena Noite,Crescente,Nublado,Simples,Reta,Não,1300480.0,Automóvel,VW/NIVUS CL TSI,2025.0,Passageiro,Ileso,3.0,Masculino,1.0,0.0,0.0,0.0,"-25,8438","-49,349023",SPRF-PR,DEL01-PR,UOP03-DEL01-PR
729249.0,1631066.0,02/11/2025,domingo,19:00:00,PR,116.0,149,MANDIRITUBA,Não,Velocidade Incompatível,1.0,Colisão lateral mesmo sentido,Com Vítimas Feridas,Plena Noite,Crescente,Nublado,Simples,Reta,Não,1300480.0,Automóvel,VW/NIVUS CL TSI,2025.0,Passageiro,Ileso,10.0,Masculino,1.0,0.0,0.0,0.0,"-25,8438","-49,349023",SPRF-PR,DEL01-PR,UOP03-DEL01-PR
729249.0,1631060.0,02/11/2025,domingo,19:00:00,PR,116.0,149,MANDIRITUBA,Não,Velocidade Incompatível,1.0,Colisão lateral mesmo sentido,Com Vítimas Feridas,Plena Noite,Crescente,Nublado,Simples,Reta,Não,1300482.0,Automóvel,CHEVROLET/ONIX 1.0MT LT,2018.0,Passageiro,Lesões Leves,5.0,Feminino,0.0,1.0,0.0,0.0,"-25,8438","-49,349023",SPRF-PR,DEL01-PR,UOP03-DEL01-PR
729249.0,1631069.0,02/11/2025,domingo,19:00:00,PR,116.0,149,MANDIRITUBA,Sim,Conversão proibida,4.0,Capotamento,Com Vítimas Feridas,Plena Noite,Crescente,Nublado,Simples,Reta,Não,1300480.0,Automóvel,VW/NIVUS CL TSI,2025.0,Passageiro,Ileso,3.0,Masculino,1.0,0.0,0.0,0.0,"-25,8438","-49,349023",SPRF-PR,DEL01-PR,UOP03-DEL01-PR
729249.0,1631066.0,02/11/2025,domingo,19:00:00,PR,116.0,149,MANDIRITUBA,Sim,Conversão proibida,4.0,Capotamento,Com Vítimas Feridas,Plena Noite,Crescente,Nublado,Simples,Reta,Não,1300480.0,Automóvel,VW/NIVUS CL TSI,2025.0,Passageiro,Ileso,10.0,Masculino,1.0,0.0,0.0,0.0,"-25,8438","-49,349023",SPRF-PR,DEL01-PR,UOP03-DEL01-PR
729249.0,1631060.0,02/11/2025,domingo,19:00:00,PR,116.0,149,MANDIRITUBA,Sim,Conversão proibida,4.0,Capotamento,Com Vítimas Feridas,Plena Noite,Crescente,Nublado,Simples,Reta,Não,1300482.0,Automóvel,CHEVROLET/ONIX 1.0MT LT,2018.0,Passageiro,Lesões Leves,5.0,Feminino,0.0,1.0,0.0,0.0,"-25,8438","-49,349023",SPRF-PR,DEL01-PR,UOP03-DEL01-PR
729249.0,1631069.0,02/11/2025,domingo,19:00:00,PR,116.0,149,MANDIRITUBA,Sim,Conversão proibida,3.0,Saída de leito carroçável,Com Vítimas Feridas,Plena Noite,Crescente,Nublado,Simples,Reta,Não,1300480.0,Automóvel,VW/NIVUS CL TSI,2025.0,Passageiro,Ileso,3.0,Masculino,1.0,0.0,0.0,0.0,"-25,8438","-49,349023",SPRF-PR,DEL01-PR,UOP03-DEL01-PR
729249.0,1631066.0,02/11/2025,domingo,19:00:00,PR,116.0,149,MANDIRITUBA,Sim,Conversão proibida,3.0,Saída de leito carroçável,Com Vítimas Feridas,Plena Noite,Crescente,Nublado,Simples,Reta,Não,1300480.0,Automóvel,VW/NIVUS CL TSI,2025.0,Passageiro,Ileso,10.0,Masculino,1.0,0.0,0.0,0.0,"-25,8438","-49,349023",SPRF-PR,DEL01-PR,UOP03-DEL01-PR
729249.0,1631060.0,02/11/2025,domingo,19:00:00,PR,116.0,149,MANDIRITUBA,Sim,Conversão proibida,3.0,Saída de leito carroçável,Com Vítimas Feridas,Plena Noite,Crescente,Nublado,Simples,Reta,Não,1300482.0,Automóvel,CHEVROLET/ONIX 1.0MT LT,2018.0,Passageiro,Lesões Leves,5.0,Feminino,0.0,1.0,0.0,0.0,"-25,8438","-49,349023",SPRF-PR,DEL01-PR,UOP03-DEL01-PR
729249.0,1631069.0,02/11/2025,domingo,19:00:00,PR,116.0,149,MANDIRITUBA,Sim,Conversão proibida,2.0,Colisão frontal,Com Vítimas Feridas,Plena Noite,Crescente,Nublado,Simples,Reta,Não,1300480.0,Automóvel,VW/NIVUS CL TSI,2025.0,Passageiro,Ileso,3.0,Masculino,1.0,0.0,0.0,0.0,"-25,8438","-49,349023",SPRF-PR,DEL01-PR,UOP03-DEL01-PR
729249.0,1631066.0,02/11/2025,domingo,19:00:00,PR,116.0,149,MANDIRITUBA,Sim,Conversão proibida,2.0,Colisão frontal,Com Vítimas Feridas,Plena Noite,Crescente,Nublado,Simples,Reta,Não,1300480.0,Automóvel,VW/NIVUS CL TSI,2025.0,Passageiro,Ileso,10.0,Masculino,1.0,0.0,0.0,0.0,"-25,8438","-49,349023",SPRF-PR,DEL01-PR,UOP03-DEL01-PR
729249.0,1631060.0,02/11/2025,domingo,19:00:00,PR,116.0,149,MANDIRITUBA,Sim,Conversão proibida,2.0,Colisão frontal,Com Vítimas Feridas,Plena Noite,Crescente,Nublado,Simples,Reta,Não,1300482.0,Automóvel,CHEVROLET/ONIX 1.0MT LT,2018.0,Passageiro,Lesões Leves,5.0,Feminino,0.0,1.0,0.0,0.0,"-25,8438","-49,349023",SPRF-PR,DEL01-PR,UOP03-DEL01-PR
729249.0,1631069.0,02/11/2025,domingo,19:00:00,PR,116.0,149,MANDIRITUBA,Sim,Conversão proibida,1.0,Colisão lateral mesmo sentido,Com Vítimas Feridas,Plena Noite,Crescente,Nublado,Simples,Reta,Não,1300480.0,Automóvel,VW/NIVUS CL TSI,2025.0,Passageiro,Ileso,3.0,Masculino,1.0,0.0,0.0,0.0,"-25,8438","-49,349023",SPRF-PR,DEL01-PR,UOP03-DEL01-PR
729249.0,1631066.0,02/11/2025,domingo,19:00:00,PR,116.0,149,MANDIRITUBA,Sim,Conversão proibida,1.0,Colisão lateral mesmo sentido,Com Vítimas Feridas,Plena Noite,Crescente,Nublado,Simples,Reta,Não,1300480.0,Automóvel,VW/NIVUS CL TSI,2025.0,Passageiro,Ileso,10.0,Masculino,1.0,0.0,0.0,0.0,"-25,8438","-49,349023",SPRF-PR,DEL01-PR,UOP03-DEL01-PR
729249.0,1631060.0,02/11/2025,domingo,19:00:00,PR,116.0,149,MANDIRITUBA,Sim,Conversão proibida,1.0,Colisão lateral mesmo sentido,Com Vítimas Feridas,Plena Noite,Crescente,Nublado,Simples,Reta,Não,1300482.0,Automóvel,CHEVROLET/ONIX 1.0MT LT,2018.0,Passageiro,Lesões Leves,5.0,Feminino,0.0,1.0,0.0,0.0,"-25,8438","-49,349023",SPRF-PR,DEL01-PR,UOP03-DEL01-PR
729336.0,1629560.0,06/06/2025,sexta-feira,22:00:00,PR,277.0,"135,3",CAMPO LARGO,Sim,Manobra de mudança de faixa,1.0,Colisão lateral mesmo sentido,Com Vítimas Feridas,Plena Noite,Crescente,Garoa/Chuvisco,Dupla,Aclive;Curva,Não,1300620.0,Automóvel,VW/GOL 1.0 GIV,2012.0,Passageiro,Lesões Leves,13.0,Masculino,0.0,1.0,0.0,0.0,"-25,4508","-49,622",SPRF-PR,DEL03-PR,UOP03-DEL03-PR
729491.0,1629988.0,03/11/2025,segunda-feira,18:30:00,PR,373.0,"276,8",PRUDENTOPOLIS,Sim,Transitar na contramão,3.0,Queda de ocupante de veículo,Com Vítimas Fatais,Anoitecer,Crescente,Nublado,Simples,Aclive;Curva,Não,1300950.0,Motocicleta,HONDA/NXR150 BROS KS,2007.0,Condutor,Óbito,16.0,Masculino,0.0,0.0,0.0,1.0,"-25,260191","-51,083935",SPRF-PR,DEL08-PR,UOP01-DEL08-PR
729491.0,1629988.0,03/11/2025,segunda-feira,18:30:00,PR,373.0,"276,8",PRUDENTOPOLIS,Sim,Transitar na contramão,2.0,Tombamento,Com Vítimas Fatais,Anoitecer,Crescente,Nublado,Simples,Aclive;Curva,Não,1300950.0,Motocicleta,HONDA/NXR150 BROS KS,2007.0,Condutor,Óbito,16.0,Masculino,0.0,0.0,0.0,1.0,"-25,260191","-51,083935",SPRF-PR,DEL08-PR,UOP01-DEL08-PR
729491.0,1629988.0,03/11/2025,segunda-feira,18:30:00,PR,373.0,"276,8",PRUDENTOPOLIS,Sim,Transitar na contramão,1.0,Colisão frontal,Com Vítimas Fatais,Anoitecer,Crescente,Nublado,Simples,Aclive;Curva,Não,1300950.0,Motocicleta,HONDA/NXR150 BROS KS,2007.0,Condutor,Óbito,16.0,Masculino,0.0,0.0,0.0,1.0,"-25,260191","-51,083935",SPRF-PR,DEL08-PR,UOP01-DEL08-PR
729628.0,1630356.0,04/11/2025,terça-feira,19:30:00,PR,369.0,18,CAMBARA,Sim,Pedestre cruzava a pista fora da faixa,1.0,Atropelamento de Pedestre,Com Vítimas Feridas,Plena Noite,Decrescente,Céu Claro,Simples,Reta,Sim,1301276.0,Caminhonete,CHEVROLET/S10 LT DD4A,2022.0,Passageiro,Ileso,4.0,Feminino,1.0,0.0,0.0,0.0,"-23,03528231","-50,06486249",SPRF-PR,DEL07-PR,UOP05-DEL07-PR