id,pesid,data_inversa,dia_semana,horario,uf,br,km,municipio,causa_principal,causa_acidente,ordem_tipo_acidente,tipo_acidente,classificacao_acidente,fase_dia,sentido_via,condicao_metereologica,tipo_pista,tracado_via,uso_solo,id_veiculo,tipo_veiculo,marca,ano_fabricacao_veiculo,tipo_envolvido,estado_fisico,idade,sexo,ilesos,feridos_leves,feridos_graves,mortos,latitude,longitude,regional,delegacia,uop
731256.0,1636253.0,12/11/2025,quarta-feira,04:50:00,PR,376.0,"667,5",GUARATUBA,Não,Curva acentuada,2.0,Colisão com objeto,Com Vítimas Fatais,Plena Noite,Crescente,Nublado,Simples,Declive;Em Obras;Curva,Não,1305404.0,Micro-ônibus,RENAULT/MASTER MBUS L3H2,2013.0,Passageiro,Lesões Leves,11.0,Feminino,0.0,1.0,0.0,0.0,"-25,8634447","-48,9357855",SPRF-PR,DEL01-PR,UOP04-DEL01-PR
731256.0,1636252.0,12/11/2025,quarta-feira,04:50:00,PR,376.0,"667,5",GUARATUBA,Não,Curva acentuada,2.0,Colisão com objeto,Com Vítimas Fatais,Plena Noite,Crescente,Nublado,Simples,Declive;Em Obras;Curva,Não,1305404.0,Micro-ônibus,RENAULT/MASTER MBUS L3H2,2013.0,Passageiro,Lesões Leves,13.0,Masculino,0.0,1.0,0.0,0.0,"-25,8634447","-48,9357855",SPRF-PR,DEL01-PR,UOP04-DEL01-PR
731256.0,1636262.0,12/11/2025,quarta-feira,04:50:00,PR,376.0,"667,5",GUARATUBA,Não,Curva acentuada,1.0,Colisão lateral mesmo sentido,Com Vítimas Fatais,Plena Noite,Crescente,Nublado,Simples,Declive;Em Obras;Curva,Não,1305404.0,Micro-ônibus,RENAULT/MASTER MBUS L3H2,2013.0,Passageiro,Lesões Graves,8.0,Feminino,0.0,0.0,1.0,0.0,"-25,8634447","-48,9357855",SPRF-PR,DEL01-PR,UOP04-DEL01-PR
731256.0,1636258.0,12/11/2025,quarta-feira,04:50:00,PR,376.0,"667,5",GUARATUBA,Não,Curva acentuada,1.0,Colisão lateral mesmo sentido,Com Vítimas Fatais,Plena Noite,Crescente,Nublado,Simples,Declive;Em Obras;Curva,Não,1305404.0,Micro-ônibus,RENAULT/MASTER MBUS L3H2,2013.0,Passageiro,Lesões Leves,6.0,Feminino,0.0,1.0,0.0,0.0,"-25,8634447","-48,9357855",SPRF-PR,DEL01-PR,UOP04-DEL01-PR
731256.0,1636257.0,12/11/2025,quarta-feira,04:50:00,PR,376.0,"667,5",GUARATUBA,Não,Curva acentuada,1.0,Colisão lateral mesmo sentido,Com Vítimas Fatais,Plena Noite,Crescente,Nublado,Simples,Declive;Em Obras;Curva,Não,1305404.0,Micro-ônibus,RENAULT/MASTER MBUS L3H2,2013.0,Passageiro,Lesões Leves,10.0,Feminino,0.0,1.0,0.0,0.0,"-25,8634447","-48,9357855",SPRF-PR,DEL01-PR,UOP04-DEL01-PR
731256.0,1636256.0,12/11/2025,quarta-feira,04:50:00,PR,376.0,"667,5",GUARATUBA,Não,Curva acentuada,1.0,Colisão lateral mesmo sentido,Com Vítimas Fatais,Plena Noite,Crescente,Nublado,Simples,Declive;Em Obras;Curva,Não,1305404.0,Micro-ônibus,RENAULT/MASTER MBUS L3H2,2013.0,Passageiro,Lesões Leves,5.0,Feminino,0.0,1.0,0.0,0.0,"-25,8634447","-48,9357855",SPRF-PR,DEL01-PR,UOP04-DEL01-PR
731256.0,1636253.0,12/11/2025,quarta-feira,04:50:00,PR,376.0,"667,5",GUARATUBA,Não,Curva acentuada,1.0,Colisão lateral mesmo sentido,Com Vítimas Fatais,Plena Noite,Crescente,Nublado,Simples,Declive;Em Obras;Curva,Não,1305404.0,Micro-ônibus,RENAULT/MASTER MBUS L3H2,2013.0,Passageiro,Lesões Leves,11.0,Feminino,0.0,1.0,0.0,0.0,"-25,8634447","-48,9357855",SPRF-PR,DEL01-PR,UOP04-DEL01-PR
731256.0,1636252.0,12/11/2025,quarta-feira,04:50:00,PR,376.0,"667,5",GUARATUBA,Não,Curva acentuada,1.0,Colisão lateral mesmo sentido,Com Vítimas Fatais,Plena Noite,Crescente,Nublado,Simples,Declive;Em Obras;Curva,Não,1305404.0,Micro-ônibus,RENAULT/MASTER MBUS L3H2,2013.0,Passageiro,Lesões Leves,13.0,Masculino,0.0,1.0,0.0,0.0,"-25,8634447","-48,9357855",SPRF-PR,DEL01-PR,UOP04-DEL01-PR
731256.0,1636262.0,12/11/2025,quarta-feira,04:50:00,PR,376.0,"667,5",GUARATUBA,Não,Declive acentuado,5.0,Derramamento de carga,Com Vítimas Fatais,Plena Noite,Crescente,Nublado,Simples,Declive;Em Obras;Curva,Não,1305404.0,Micro-ônibus,RENAULT/MASTER MBUS L3H2,2013.0,Passageiro,Lesões Graves,8.0,Feminino,0.0,0.0,1.0,0.0,"-25,8634447","-48,9357855",SPRF-PR,DEL01-PR,UOP04-DEL01-PR
731256.0,1636258.0,12/11/2025,quarta-feira,04:50:00,PR,376.0,"667,5",GUARATUBA,Não,Declive acentuado,5.0,Derramamento de carga,Com Vítimas Fatais,Plena Noite,Crescente,Nublado,Simples,Declive;Em Obras;Curva,Não,1305404.0,Micro-ônibus,RENAULT/MASTER MBUS L3H2,2013.0,Passageiro,Lesões Leves,6.0,Feminino,0.0,1.0,0.0,0.0,"-25,8634447","-48,9357855",SPRF-PR,DEL01-PR,UOP04-DEL01-PR
731256.0,1636257.0,12/11/2025,quarta-feira,04:50:00,PR,376.0,"667,5",GUARATUBA,Não,Declive acentuado,5.0,Derramamento de carga,Com Vítimas Fatais,Plena Noite,Crescente,Nublado,Simples,Declive;Em Obras;Curva,Não,1305404.0,Micro-ônibus,RENAULT/MASTER MBUS L3H2,2013.0,Passageiro,Lesões Leves,10.0,Feminino,0.0,1.0,0.0,0.0,"-25,8634447","-48,9357855",SPRF-PR,DEL01-PR,UOP04-DEL01-PR
731256.0,1636256.0,12/11/2025,quarta-feira,04:50:00,PR,376.0,"667,5",GUARATUBA,Não,Declive acentuado,5.0,Derramamento de carga,Com Vítimas Fatais,Plena Noite,Crescente,Nublado,Simples,Declive;Em Obras;Curva,Não,1305404.0,Micro-ônibus,RENAULT/MASTER MBUS L3H2,2013.0,Passageiro,Lesões Leves,5.0,Feminino,0.0,1.0,0.0,0.0,"-25,8634447","-48,9357855",SPRF-PR,DEL01-PR,UOP04-DEL01-PR
731256.0,1636253.0,12/11/2025,quarta-feira,04:50:00,PR,376.0,"667,5",GUARATUBA,Não,Declive acentuado,5.0,Derramamento de carga,Com Vítimas Fatais,Plena Noite,Crescente,Nublado,Simples,Declive;Em Obras;Curva,Não,1305404.0,Micro-ônibus,RENAULT/MASTER MBUS L3H2,2013.0,Passageiro,Lesões Leves,11.0,Feminino,0.0,1.0,0.0,0.0,"-25,8634447","-48,9357855",SPRF-PR,DEL01-PR,UOP04-DEL01-PR
731256.0,1636252.0,12/11/2025,quarta-feira,04:50:00,PR,376.0,"667,5",GUARATUBA,Não,Declive acentuado,5.0,Derramamento de carga,Com Vítimas Fatais,Plena Noite,Crescente,Nublado,Simples,Declive;Em Obras;Curva,Não,1305404.0,Micro-ônibus,RENAULT/MASTER MBUS L3H2,2013.0,Passageiro,Lesões Leves,13.0,Masculino,0.0,1.0,0.0,0.0,"-25,8634447","-48,9357855",SPRF-PR,DEL01-PR,UOP04-DEL01-PR
731256.0,1636262.0,12/11/2025,quarta-feira,04:50:00,PR,376.0,"667,5",GUARATUBA,Não,Declive acentuado,4.0,Incêndio,Com Vítimas Fatais,Plena Noite,Crescente,Nublado,Simples,Declive;Em Obras;Curva,Não,1305404.0,Micro-ônibus,RENAULT/MASTER MBUS L3H2,2013.0,Passageiro,Lesões Graves,8.0,Feminino,0.0,0.0,1.0,0.0,"-25,8634447","-48,9357855",SPRF-PR,DEL01-PR,UOP04-DEL01-PR
731256.0,1636258.0,12/11/2025,quarta-feira,04:50:00,PR,376.0,"667,5",GUARATUBA,Não,Declive acentuado,4.0,Incêndio,Com Vítimas Fatais,Plena Noite,Crescente,Nublado,Simples,Declive;Em Obras;Curva,Não,1305404.0,Micro-ônibus,RENAULT/MASTER MBUS L3H2,2013.0,Passageiro,Lesões Leves,6.0,Feminino,0.0,1.0,0.0,0.0,"-25,8634447","-48,9357855",SPRF-PR,DEL01-PR,UOP04-DEL01-PR
731256.0,1636257.0,12/11/2025,quarta-feira,04:50:00,PR,376.0,"667,5",GUARATUBA,Não,Declive acentuado,4.0,Incêndio,Com Vítimas Fatais,Plena Noite,Crescente,Nublado,Simples,Declive;Em Obras;Curva,Não,1305404.0,Micro-ônibus,RENAULT/MASTER MBUS L3H2,2013.0,Passageiro,Lesões Leves,10.0,Feminino,0.0,1.0,0.0,0.0,"-25,8634447","-48,9357855",SPRF-PR,DEL01-PR,UOP04-DEL01-PR
731256.0,1636256.0,12/11/2025,quarta-feira,04:50:00,PR,376.0,"667,5",GUARATUBA,Não,Declive acentuado,4.0,Incêndio,Com Vítimas Fatais,Plena Noite,Crescente,Nublado,Simples,Declive;Em Obras;Curva,Não,1305404.0,Micro-ônibus,RENAULT/MASTER MBUS L3H2,2013.0,Passageiro,Lesões Leves,5.0,Feminino,0.0,1.0,0.0,0.0,"-25,8634447","-48,9357855",SPRF-PR,DEL01-PR,UOP04-DEL01-PR
731256.0,1636253.0,12/11/2025,quarta-feira,04:50:00,PR,376.0,"667,5",GUARATUBA,Não,Declive acentuado,4.0,Incêndio,Com Vítimas Fatais,Plena Noite,Crescente,Nublado,Simples,Declive;Em Obras;Curva,Não,1305404.0,Micro-ônibus,RENAULT/MASTER MBUS L3H2,2013.0,Passageiro,Lesões Leves,11.0,Feminino,0.0,1.0,0.0,0.0,"-25,8634447","-48,9357855",SPRF-PR,DEL01-PR,UOP04-DEL01-PR
731256.0,1636252.0,12/11/2025,quarta-feira,04:50:00,PR,376.0,"667,5",GUARATUBA,Não,Declive acentuado,4.0,Incêndio,Com Vítimas Fatais,Plena Noite,Crescente,Nublado,Simples,Declive;Em Obras;Curva,Não,1305404.0,Micro-ônibus,RENAULT/MASTER MBUS L3H2,2013.0,Passageiro,Lesões Leves,13.0,Masculino,0.0,1.0,0.0,0.0,"-25,8634447","-48,9357855",SPRF-PR,DEL01-PR,UOP04-DEL01-PR
731256.0,1636262.0,12/11/2025,quarta-feira,04:50:00,PR,376.0,"667,5",GUARATUBA,Não,Declive acentuado,3.0,Colisão traseira,Com Vítimas Fatais,Plena Noite,Crescente,Nublado,Simples,Declive;Em Obras;Curva,Não,1305404.0,Micro-ônibus,RENAULT/MASTER MBUS L3H2,2013.0,Passageiro,Lesões Graves,8.0,Feminino,0.0,0.0,1.0,0.0,"-25,8634447","-48,9357855",SPRF-PR,DEL01-PR,UOP04-DEL01-PR
731256.0,1636258.0,12/11/2025,quarta-feira,04:50:00,PR,376.0,"667,5",GUARATUBA,Não,Declive acentuado,3.0,Colisão traseira,Com Vítimas Fatais,Plena Noite,Crescente,Nublado,Simples,Declive;Em Obras;Curva,Não,1305404.0,Micro-ônibus,RENAULT/MASTER MBUS L3H2,2013.0,Passageiro,Lesões Leves,6.0,Feminino,0.0,1.0,0.0,0.0,"-25,8634447","-48,9357855",SPRF-PR,DEL01-PR,UOP04-DEL01-PR
731256.0,1636257.0,12/11/2025,quarta-feira,04:50:00,PR,376.0,"667,5",GUARATUBA,Não,Declive acentuado,3.0,Colisão traseira,Com Vítimas Fatais,Plena Noite,Crescente,Nublado,Simples,Declive;Em Obras;Curva,Não,1305404.0,Micro-ônibus,RENAULT/MASTER MBUS L3H2,2013.0,Passageiro,Lesões Leves,10.0,Feminino,0.0,1.0,0.0,0.0,"-25,8634447","-48,9357855",SPRF-PR,DEL01-PR,UOP04-DEL01-PR
731256.0,1636256.0,12/11/2025,quarta-feira,04:50:00,PR,376.0,"667,5",GUARATUBA,Não,Declive acentuado,3.0,Colisão traseira,Com Vítimas Fatais,Plena Noite,Crescente,Nublado,Simples,Declive;Em Obras;Curva,Não,1305404.0,Micro-ônibus,RENAULT/MASTER MBUS L3H2,2013.0,Passageiro,Lesões Leves,5.0,Feminino,0.0,1.0,0.0,0.0,"-25,8634447","-48,9357855",SPRF-PR,DEL01-PR,UOP04-DEL01-PR
731256.0,1636253.0,12/11/2025,quarta-feira,04:50:00,PR,376.0,"667,5",GUARATUBA,Não,Declive acentuado,3.0,Colisão traseira,Com Vítimas Fatais,Plena Noite,Crescente,Nublado,Simples,Declive;Em Obras;Curva,Não,1305404.0,Micro-ônibus,RENAULT/MASTER MBUS L3H2,2013.0,Passageiro,Lesões Leves,11.0,Feminino,0.0,1.0,0.0,0.0,"-25,8634447","-48,9357855",SPRF-PR,DEL01-PR,UOP04-DEL01-PR
731256.0,1636252.0,12/11/2025,quarta-feira,04:50:00,PR,376.0,"667,5",GUARATUBA,Não,Declive acentuado,3.0,Colisão traseira,Com Vítimas Fatais,Plena Noite,Crescente,Nublado,Simples,Declive;Em Obras;Curva,Não,1305404.0,Micro-ônibus,RENAULT/MASTER MBUS L3H2,2013.0,Passageiro,Lesões Leves,13.0,Masculino,0.0,1.0,0.0,0.0,"-25,8634447","-48,9357855",SPRF-PR,DEL01-PR,UOP04-DEL01-PR
731256.0,1636262.0,12/11/2025,quarta-feira,04:50:00,PR,376.0,"667,5",GUARATUBA,Não,Declive acentuado,2.0,Colisão com objeto,Com Vítimas Fatais,Plena Noite,Crescente,Nublado,Simples,Declive;Em Obras;Curva,Não,1305404.0,Micro-ônibus,RENAULT/MASTER MBUS L3H2,2013.0,Passageiro,Lesões Graves,8.0,Feminino,0.0,0.0,1.0,0.0,"-25,8634447","-48,9357855",SPRF-PR,DEL01-PR,UOP04-DEL01-PR
731256.0,1636258.0,12/11/2025,quarta-feira,04:50:00,PR,376.0,"667,5",GUARATUBA,Não,Declive acentuado,2.0,Colisão com objeto,Com Vítimas Fatais,Plena Noite,Crescente,Nublado,Simples,Declive;Em Obras;Curva,Não,1305404.0,Micro-ônibus,RENAULT/MASTER MBUS L3H2,2013.0,Passageiro,Lesões Leves,6.0,Feminino,0.0,1.0,0.0,0.0,"-25,8634447","-48,9357855",SPRF-PR,DEL01-PR,UOP04-DEL01-PR
731256.0,1636257.0,12/11/2025,quarta-feira,04:50:00,PR,376.0,"667,5",GUARATUBA,Não,Declive acentuado,2.0,Colisão com objeto,Com Vítimas Fatais,Plena Noite,Crescente,Nublado,Simples,Declive;Em Obras;Curva,Não,1305404.0,Micro-ônibus,RENAULT/MASTER MBUS L3H2,2013.0,Passageiro,Lesões Leves,10.0,Feminino,0.0,1.0,0.0,0.0,"-25,8634447","-48,9357855",SPRF-PR,DEL01-PR,UOP04-DEL01-PR
731256.0,1636256.0,12/11/2025,quarta-feira,04:50:00,PR,376.0,"667,5",GUARATUBA,Não,Declive acentuado,2.0,Colisão com objeto,Com Vítimas Fatais,Plena Noite,Crescente,Nublado,Simples,Declive;Em Obras;Curva,Não,1305404.0,Micro-ônibus,RENAULT/MASTER MBUS L3H2,2013.0,Passageiro,Lesões Leves,5.0,Feminino,0.0,1.0,0.0,0.0,"-25,8634447","-48,9357855",SPRF-PR,DEL01-PR,UOP04-DEL01-PR
731256.0,1636253.0,12/11/2025,quarta-feira,04:50:00,PR,376.0,"667,5",GUARATUBA,Não,Declive acentuado,2.0,Colisão com objeto,Com Vítimas Fatais,Plena Noite,Crescente,Nublado,Simples,Declive;Em Obras;Curva,Não,1305404.0,Micro-ônibus,RENAULT/MASTER MBUS L3H2,2013.0,Passageiro,Lesões Leves,11.0,Feminino,0.0,1.0,0.0,0.0,"-25,8634447","-48,9357855",SPRF-PR,DEL01-PR,UOP04-DEL01-PR
731256.0,1636252.0,12/11/2025,quarta-feira,04:50:00,PR,376.0,"667,5",GUARATUBA,Não,Declive acentuado,2.0,Colisão com objeto,Com Vítimas Fatais,Plena Noite,Crescente,Nublado,Simples,Declive;Em Obras;Curva,Não,1305404.0,Micro-ônibus,RENAULT/MASTER MBUS L3H2,2013.0,Passageiro,Lesões Leves,13.0,Masculino,0.0,1.0,0.0,0.0,"-25,8634447","-48,9357855",SPRF-PR,DEL01-PR,UOP04-DEL01-PR
731256.0,1636262.0,12/11/2025,quarta-feira,04:50:00,PR,376.0,"667,5",GUARATUBA,Não,Declive acentuado,1.0,Colisão lateral mesmo sentido,Com Vítimas Fatais,Plena Noite,Crescente,Nublado,Simples,Declive;Em Obras;Curva,Não,1305404.0,Micro-ônibus,RENAULT/MASTER MBUS L3H2,2013.0,Passageiro,Lesões Graves,8.0,Feminino,0.0,0.0,1.0,0.0,"-25,8634447","-48,9357855",SPRF-PR,DEL01-PR,UOP04-DEL01-PR
731256.0,1636258.0,12/11/2025,quarta-feira,04:50:00,PR,376.0,"667,5",GUARATUBA,Não,Declive acentuado,1.0,Colisão lateral mesmo sentido,Com Vítimas Fatais,Plena Noite,Crescente,Nublado,Simples,Declive;Em Obras;Curva,Não,1305404.0,Micro-ônibus,RENAULT/MASTER MBUS L3H2,2013.0,Passageiro,Lesões Leves,6.0,Feminino,0.0,1.0,0.0,0.0,"-25,8634447","-48,9357855",SPRF-PR,DEL01-PR,UOP04-DEL01-PR
731256.0,1636257.0,12/11/2025,quarta-feira,04:50:00,PR,376.0,"667,5",GUARATUBA,Não,Declive acentuado,1.0,Colisão lateral mesmo sentido,Com Vítimas Fatais,Plena Noite,Crescente,Nublado,Simples,Declive;Em Obras;Curva,Não,1305404.0,Micro-ônibus,RENAULT/MASTER MBUS L3H2,2013.0,Passageiro,Lesões Leves,10.0,Feminino,0.0,1.0,0.0,0.0,"-25,8634447","-48,9357855",SPRF-PR,DEL01-PR,UOP04-DEL01-PR
731256.0,1636256.0,12/11/2025,quarta-feira,04:50:00,PR,376.0,"667,5",GUARATUBA,Não,Declive acentuado,1.0,Colisão lateral mesmo sentido,Com Vítimas Fatais,Plena Noite,Crescente,Nublado,Simples,Declive;Em Obras;Curva,Não,1305404.0,Micro-ônibus,RENAULT/MASTER MBUS L3H2,2013.0,Passageiro,Lesões Leves,5.0,Feminino,0.0,1.0,0.0,0.0,"-25,8634447","-48,9357855",SPRF-PR,DEL01-PR,UOP04-DEL01-PR
731256.0,1636253.0,12/11/2025,quarta-feira,04:50:00,PR,376.0,"667,5",GUARATUBA,Não,Declive acentuado,1.0,Colisão lateral mesmo sentido,Com Vítimas Fatais,Plena Noite,Crescente,Nublado,Simples,Declive;Em Obras;Curva,Não,1305404.0,Micro-ônibus,RENAULT/MASTER MBUS L3H2,2013.0,Passageiro,Lesões Leves,11.0,Feminino,0.0,1.0,0.0,0.0,"-25,8634447","-48,9357855",SPRF-PR,DEL01-PR,UOP04-DEL01-PR
731256.0,1636252.0,12/11/2025,quarta-feira,04:50:00,PR,376.0,"667,5",GUARATUBA,Não,Declive acentuado,1.0,Colisão lateral mesmo sentido,Com Vítimas Fatais,Plena Noite,Crescente,Nublado,Simples,Declive;Em Obras;Curva,Não,1305404.0,Micro-ônibus,RENAULT/MASTER MBUS L3H2,2013.0,Passageiro,Lesões Leves,13.0,Masculino,0.0,1.0,0.0,0.0,"-25,8634447","-48,9357855",SPRF-PR,DEL01-PR,UOP04-DEL01-PR
731256.0,1636262.0,12/11/2025,quarta-feira,04:50:00,PR,376.0,"667,5",GUARATUBA,Não,Velocidade Incompatível,5.0,Derramamento de carga,Com Vítimas Fatais,Plena Noite,Crescente,Nublado,Simples,Declive;Em Obras;Curva,Não,1305404.0,Micro-ônibus,RENAULT/MASTER MBUS L3H2,2013.0,Passageiro,Lesões Graves,8.0,Feminino,0.0,0.0,1.0,0.0,"-25,8634447","-48,9357855",SPRF-PR,DEL01-PR,UOP04-DEL01-PR
731256.0,1636258.0,12/11/2025,quarta-feira,04:50:00,PR,376.0,"667,5",GUARATUBA,Não,Velocidade Incompatível,5.0,Derramamento de carga,Com Vítimas Fatais,Plena Noite,Crescente,Nublado,Simples,Declive;Em Obras;Curva,Não,1305404.0,Micro-ônibus,RENAULT/MASTER MBUS L3H2,2013.0,Passageiro,Lesões Leves,6.0,Feminino,0.0,1.0,0.0,0.0,"-25,8634447","-48,9357855",SPRF-PR,DEL01-PR,UOP04-DEL01-PR
731256.0,1636257.0,12/11/2025,quarta-feira,04:50:00,PR,376.0,"667,5",GUARATUBA,Não,Velocidade Incompatível,5.0,Derramamento de carga,Com Vítimas Fatais,Plena Noite,Crescente,Nublado,Simples,Declive;Em Obras;Curva,Não,1305404.0,Micro-ônibus,RENAULT/MASTER MBUS L3H2,2013.0,Passageiro,Lesões Leves,10.0,Feminino,0.0,1.0,0.0,0.0,"-25,8634447","-48,9357855",SPRF-PR,DEL01-PR,UOP04-DEL01-PR
731256.0,1636256.0,12/11/2025,quarta-feira,04:50:00,PR,376.0,"667,5",GUARATUBA,Não,Velocidade Incompatível,5.0,Derramamento de carga,Com Vítimas Fatais,Plena Noite,Crescente,Nublado,Simples,Declive;Em Obras;Curva,Não,1305404.0,Micro-ônibus,RENAULT/MASTER MBUS L3H2,2013.0,Passageiro,Lesões Leves,5.0,Feminino,0.0,1.0,0.0,0.0,"-25,8634447","-48,9357855",SPRF-PR,DEL01-PR,UOP04-DEL01-PR
731256.0,1636253.0,12/11/2025,quarta-feira,04:50:00,PR,376.0,"667,5",GUARATUBA,Não,Velocidade Incompatível,5.0,Derramamento de carga,Com Vítimas Fatais,Plena Noite,Crescente,Nublado,Simples,Declive;Em Obras;Curva,Não,1305404.0,Micro-ônibus,RENAULT/MASTER MBUS L3H2,2013.0,Passageiro,Lesões Leves,11.0,Feminino,0.0,1.0,0.0,0.0,"-25,8634447","-48,9357855",SPRF-PR,DEL01-PR,UOP04-DEL01-PR
731256.0,1636252.0,12/11/2025,quarta-feira,04:50:00,PR,376.0,"667,5",GUARATUBA,Não,Velocidade Incompatível,5.0,Derramamento de carga,Com Vítimas Fatais,Plena Noite,Crescente,Nublado,Simples,Declive;Em Obras;Curva,Não,1305404.0,Micro-ônibus,RENAULT/MASTER MBUS L3H2,2013.0,Passageiro,Lesões Leves,13.0,Masculino,0.0,1.0,0.0,0.0,"-25,8634447","-48,9357855",SPRF-PR,DEL01-PR,UOP04-DEL01-PR
731256.0,1636262.0,12/11/2025,quarta-feira,04:50:00,PR,376.0,"667,5",GUARATUBA,Não,Velocidade Incompatível,4.0,Incêndio,Com Vítimas Fatais,Plena Noite,Crescente,Nublado,Simples,Declive;Em Obras;Curva,Não,1305404.0,Micro-ônibus,RENAULT/MASTER MBUS L3H2,2013.0,Passageiro,Lesões Graves,8.0,Feminino,0.0,0.0,1.0,0.0,"-25,8634447","-48,9357855",SPRF-PR,DEL01-PR,UOP04-DEL01-PR
731256.0,1636258.0,12/11/2025,quarta-feira,04:50:00,PR,376.0,"667,5",GUARATUBA,Não,Velocidade Incompatível,4.0,Incêndio,Com Vítimas Fatais,Plena Noite,Crescente,Nublado,Simples,Declive;Em Obras;Curva,Não,1305404.0,Micro-ônibus,RENAULT/MASTER MBUS L3H2,2013.0,Passageiro,Lesões Leves,6.0,Feminino,0.0,1.0,0.0,0.0,"-25,8634447","-48,9357855",SPRF-PR,DEL01-PR,UOP04-DEL01-PR
731256.0,1636257.0,12/11/2025,quarta-feira,04:50:00,PR,376.0,"667,5",GUARATUBA,Não,Velocidade Incompatível,4.0,Incêndio,Com Vítimas Fatais,Plena Noite,Crescente,Nublado,Simples,Declive;Em Obras;Curva,Não,1305404.0,Micro-ônibus,RENAULT/MASTER MBUS L3H2,2013.0,Passageiro,Lesões Leves,10.0,Feminino,0.0,1.0,0.0,0.0,"-25,8634447","-48,9357855",SPRF-PR,DEL01-PR,UOP04-DEL01-PR
731256.0,1636256.0,12/11/2025,quarta-feira,04:50:00,PR,376.0,"667,5",GUARATUBA,Não,Velocidade Incompatível,4.0,Incêndio,Com Vítimas Fatais,Plena Noite,Crescente,Nublado,Simples,Declive;Em Obras;Curva,Não,1305404.0,Micro-ônibus,RENAULT/MASTER MBUS L3H2,2013.0,Passageiro,Lesões Leves,5.0,Feminino,0.0,1.0,0.0,0.0,"-25,8634447","-48,9357855",SPRF-PR,DEL01-PR,UOP04-DEL01-PR
731256.0,1636253.0,12/11/2025,quarta-feira,04:50:00,PR,376.0,"667,5",GUARATUBA,Não,Velocidade Incompatível,4.0,Incêndio,Com Vítimas Fatais,Plena Noite,Crescente,Nublado,Simples,Declive;Em Obras;Curva,Não,1305404.0,Micro-ônibus,RENAULT/MASTER MBUS L3H2,2013.0,Passageiro,Lesões Leves,11.0,Feminino,0.0,1.0,0.0,0.0,"-25,8634447","-48,9357855",SPRF-PR,DEL01-PR,UOP04-DEL01-PR
731256.0,1636252.0,12/11/2025,quarta-feira,04:50:00,PR,376.0,"667,5",GUARATUBA,Não,Velocidade Incompatível,4.0,Incêndio,Com Vítimas Fatais,Plena Noite,Crescente,Nublado,Simples,Declive;Em Obras;Curva,Não,1305404.0,Micro-ônibus,RENAULT/MASTER MBUS L3H2,2013.0,Passageiro,Lesões Leves,13.0,Masculino,0.0,1.0,0.0,0.0,"-25,8634447","-48,9357855",SPRF-PR,DEL01-PR,UOP04-DEL01-PR
731256.0,1636262.0,12/11/2025,quarta-feira,04:50:00,PR,376.0,"667,5",GUARATUBA,Não,Velocidade Incompatível,3.0,Colisão traseira,Com Vítimas Fatais,Plena Noite,Crescente,Nublado,Simples,Declive;Em Obras;Curva,Não,1305404.0,Micro-ônibus,RENAULT/MASTER MBUS L3H2,2013.0,Passageiro,Lesões Graves,8.0,Feminino,0.0,0.0,1.0,0.0,"-25,8634447","-48,9357855",SPRF-PR,DEL01-PR,UOP04-DEL01-PR
731256.0,1636258.0,12/11/2025,quarta-feira,04:50:00,PR,376.0,"667,5",GUARATUBA,Não,Velocidade Incompatível,3.0,Colisão traseira,Com Vítimas Fatais,Plena Noite,Crescente,Nublado,Simples,Declive;Em Obras;Curva,Não,1305404.0,Micro-ônibus,RENAULT/MASTER MBUS L3H2,2013.0,Passageiro,Lesões Leves,6.0,Feminino,0.0,1.0,0.0,0.0,"-25,8634447","-48,9357855",SPRF-PR,DEL01-PR,UOP04-DEL01-PR
731256.0,1636257.0,12/11/2025,quarta-feira,04:50:00,PR,376.0,"667,5",GUARATUBA,Não,Velocidade Incompatível,3.0,Colisão traseira,Com Vítimas Fatais,Plena Noite,Crescente,Nublado,Simples,Declive;Em Obras;Curva,Não,1305404.0,Micro-ônibus,RENAULT/MASTER MBUS L3H2,2013.0,Passageiro,Lesões Leves,10.0,Feminino,0.0,1.0,0.0,0.0,"-25,8634447","-48,9357855",SPRF-PR,DEL01-PR,UOP04-DEL01-PR
731256.0,1636256.0,12/11/2025,quarta-feira,04:50:00,PR,376.0,"667,5",GUARATUBA,Não,Velocidade Incompatível,3.0,Colisão traseira,Com Vítimas Fatais,Plena Noite,Crescente,Nublado,Simples,Declive;Em Obras;Curva,Não,1305404.0,Micro-ônibus,RENAULT/MASTER MBUS L3H2,2013.0,Passageiro,Lesões Leves,5.0,Feminino,0.0,1.0,0.0,0.0,"-25,8634447","-48,9357855",SPRF-PR,DEL01-PR,UOP04-DEL01-PR
731256.0,1636253.0,12/11/2025,quarta-feira,04:50:00,PR,376.0,"667,5",GUARATUBA,Não,Velocidade Incompatível,3.0,Colisão traseira,Com Vítimas Fatais,Plena Noite,Crescente,Nublado,Simples,Declive;Em Obras;Curva,Não,1305404.0,Micro-ônibus,RENAULT/MASTER MBUS L3H2,2013.0,Passageiro,Lesões Leves,11.0,Feminino,0.0,1.0,0.0,0.0,"-25,8634447","-48,9357855",SPRF-PR,DEL01-PR,UOP04-DEL01-PR