id,pesid,data_inversa,dia_semana,horario,uf,br,km,municipio,causa_principal,causa_acidente,ordem_tipo_acidente,tipo_acidente,classificacao_acidente,fase_dia,sentido_via,condicao_metereologica,tipo_pista,tracado_via,uso_solo,id_veiculo,tipo_veiculo,marca,ano_fabricacao_veiculo,tipo_envolvido,estado_fisico,idade,sexo,ilesos,feridos_leves,feridos_graves,mortos,latitude,longitude,regional,delegacia,uop
731256.0,1636252.0,12/11/2025,quarta-feira,04:50:00,PR,376.0,"667,5",GUARATUBA,Não,Velocidade Incompatível,3.0,Colisão traseira,Com Vítimas Fatais,Plena Noite,Crescente,Nublado,Simples,Declive;Em Obras;Curva,Não,1305404.0,Micro-ônibus,RENAULT/MASTER MBUS L3H2,2013.0,Passageiro,Lesões Leves,13.0,Masculino,0.0,1.0,0.0,0.0,"-25,8634447","-48,9357855",SPRF-PR,DEL01-PR,UOP04-DEL01-PR
731256.0,1636262.0,12/11/2025,quarta-feira,04:50:00,PR,376.0,"667,5",GUARATUBA,Não,Velocidade Incompatível,2.0,Colisão com objeto,Com Vítimas Fatais,Plena Noite,Crescente,Nublado,Simples,Declive;Em Obras;Curva,Não,1305404.0,Micro-ônibus,RENAULT/MASTER MBUS L3H2,2013.0,Passageiro,Lesões Graves,8.0,Feminino,0.0,0.0,1.0,0.0,"-25,8634447","-48,9357855",SPRF-PR,DEL01-PR,UOP04-DEL01-PR
731256.0,1636258.0,12/11/2025,quarta-feira,04:50:00,PR,376.0,"667,5",GUARATUBA,Não,Velocidade Incompatível,2.0,Colisão com objeto,Com Vítimas Fatais,Plena Noite,Crescente,Nublado,Simples,Declive;Em Obras;Curva,Não,1305404.0,Micro-ônibus,RENAULT/MASTER MBUS L3H2,2013.0,Passageiro,Lesões Leves,6.0,Feminino,0.0,1.0,0.0,0.0,"-25,8634447","-48,9357855",SPRF-PR,DEL01-PR,UOP04-DEL01-PR
731256.0,1636257.0,12/11/2025,quarta-feira,04:50:00,PR,376.0,"667,5",GUARATUBA,Não,Velocidade Incompatível,2.0,Colisão com objeto,Com Vítimas Fatais,Plena Noite,Crescente,Nublado,Simples,Declive;Em Obras;Curva,Não,1305404.0,Micro-ônibus,RENAULT/MASTER MBUS L3H2,2013.0,Passageiro,Lesões Leves,10.0,Feminino,0.0,1.0,0.0,0.0,"-25,8634447","-48,9357855",SPRF-PR,DEL01-PR,UOP04-DEL01-PR
731256.0,1636256.0,12/11/2025,quarta-feira,04:50:00,PR,376.0,"667,5",GUARATUBA,Não,Velocidade Incompatível,2.0,Colisão com objeto,Com Vítimas Fatais,Plena Noite,Crescente,Nublado,Simples,Declive;Em Obras;Curva,Não,1305404.0,Micro-ônibus,RENAULT/MASTER MBUS L3H2,2013.0,Passageiro,Lesões Leves,5.0,Feminino,0.0,1.0,0.0,0.0,"-25,8634447","-48,9357855",SPRF-PR,DEL01-PR,UOP04-DEL01-PR
731256.0,1636253.0,12/11/2025,quarta-feira,04:50:00,PR,376.0,"667,5",GUARATUBA,Não,Velocidade Incompatível,2.0,Colisão com objeto,Com Vítimas Fatais,Plena Noite,Crescente,Nublado,Simples,Declive;Em Obras;Curva,Não,1305404.0,Micro-ônibus,RENAULT/MASTER MBUS L3H2,2013.0,Passageiro,Lesões Leves,11.0,Feminino,0.0,1.0,0.0,0.0,"-25,8634447","-48,9357855",SPRF-PR,DEL01-PR,UOP04-DEL01-PR
731256.0,1636252.0,12/11/2025,quarta-feira,04:50:00,PR,376.0,"667,5",GUARATUBA,Não,Velocidade Incompatível,2.0,Colisão com objeto,Com Vítimas Fatais,Plena Noite,Crescente,Nublado,Simples,Declive;Em Obras;Curva,Não,1305404.0,Micro-ônibus,RENAULT/MASTER MBUS L3H2,2013.0,Passageiro,Lesões Leves,13.0,Masculino,0.0,1.0,0.0,0.0,"-25,8634447","-48,9357855",SPRF-PR,DEL01-PR,UOP04-DEL01-PR
731256.0,1636262.0,12/11/2025,quarta-feira,04:50:00,PR,376.0,"667,5",GUARATUBA,Não,Velocidade Incompatível,1.0,Colisão lateral mesmo sentido,Com Vítimas Fatais,Plena Noite,Crescente,Nublado,Simples,Declive;Em Obras;Curva,Não,1305404.0,Micro-ônibus,RENAULT/MASTER MBUS L3H2,2013.0,Passageiro,Lesões Graves,8.0,Feminino,0.0,0.0,1.0,0.0,"-25,8634447","-48,9357855",SPRF-PR,DEL01-PR,UOP04-DEL01-PR
731256.0,1636258.0,12/11/2025,quarta-feira,04:50:00,PR,376.0,"667,5",GUARATUBA,Não,Velocidade Incompatível,1.0,Colisão lateral mesmo sentido,Com Vítimas Fatais,Plena Noite,Crescente,Nublado,Simples,Declive;Em Obras;Curva,Não,1305404.0,Micro-ônibus,RENAULT/MASTER MBUS L3H2,2013.0,Passageiro,Lesões Leves,6.0,Feminino,0.0,1.0,0.0,0.0,"-25,8634447","-48,9357855",SPRF-PR,DEL01-PR,UOP04-DEL01-PR
731256.0,1636257.0,12/11/2025,quarta-feira,04:50:00,PR,376.0,"667,5",GUARATUBA,Não,Velocidade Incompatível,1.0,Colisão lateral mesmo sentido,Com Vítimas Fatais,Plena Noite,Crescente,Nublado,Simples,Declive;Em Obras;Curva,Não,1305404.0,Micro-ônibus,RENAULT/MASTER MBUS L3H2,2013.0,Passageiro,Lesões Leves,10.0,Feminino,0.0,1.0,0.0,0.0,"-25,8634447","-48,9357855",SPRF-PR,DEL01-PR,UOP04-DEL01-PR
731256.0,1636256.0,12/11/2025,quarta-feira,04:50:00,PR,376.0,"667,5",GUARATUBA,Não,Velocidade Incompatível,1.0,Colisão lateral mesmo sentido,Com Vítimas Fatais,Plena Noite,Crescente,Nublado,Simples,Declive;Em Obras;Curva,Não,1305404.0,Micro-ônibus,RENAULT/MASTER MBUS L3H2,2013.0,Passageiro,Lesões Leves,5.0,Feminino,0.0,1.0,0.0,0.0,"-25,8634447","-48,9357855",SPRF-PR,DEL01-PR,UOP04-DEL01-PR
731256.0,1636253.0,12/11/2025,quarta-feira,04:50:00,PR,376.0,"667,5",GUARATUBA,Não,Velocidade Incompatível,1.0,Colisão lateral mesmo sentido,Com Vítimas Fatais,Plena Noite,Crescente,Nublado,Simples,Declive;Em Obras;Curva,Não,1305404.0,Micro-ônibus,RENAULT/MASTER MBUS L3H2,2013.0,Passageiro,Lesões Leves,11.0,Feminino,0.0,1.0,0.0,0.0,"-25,8634447","-48,9357855",SPRF-PR,DEL01-PR,UOP04-DEL01-PR
731256.0,1636252.0,12/11/2025,quarta-feira,04:50:00,PR,376.0,"667,5",GUARATUBA,Não,Velocidade Incompatível,1.0,Colisão lateral mesmo sentido,Com Vítimas Fatais,Plena Noite,Crescente,Nublado,Simples,Declive;Em Obras;Curva,Não,1305404.0,Micro-ônibus,RENAULT/MASTER MBUS L3H2,2013.0,Passageiro,Lesões Leves,13.0,Masculino,0.0,1.0,0.0,0.0,"-25,8634447","-48,9357855",SPRF-PR,DEL01-PR,UOP04-DEL01-PR
731256.0,1636262.0,12/11/2025,quarta-feira,04:50:00,PR,376.0,"667,5",GUARATUBA,Sim,Demais falhas mecânicas ou elétricas,5.0,Derramamento de carga,Com Vítimas Fatais,Plena Noite,Crescente,Nublado,Simples,Declive;Em Obras;Curva,Não,1305404.0,Micro-ônibus,RENAULT/MASTER MBUS L3H2,2013.0,Passageiro,Lesões Graves,8.0,Feminino,0.0,0.0,1.0,0.0,"-25,8634447","-48,9357855",SPRF-PR,DEL01-PR,UOP04-DEL01-PR
731256.0,1636258.0,12/11/2025,quarta-feira,04:50:00,PR,376.0,"667,5",GUARATUBA,Sim,Demais falhas mecânicas ou elétricas,5.0,Derramamento de carga,Com Vítimas Fatais,Plena Noite,Crescente,Nublado,Simples,Declive;Em Obras;Curva,Não,1305404.0,Micro-ônibus,RENAULT/MASTER MBUS L3H2,2013.0,Passageiro,Lesões Leves,6.0,Feminino,0.0,1.0,0.0,0.0,"-25,8634447","-48,9357855",SPRF-PR,DEL01-PR,UOP04-DEL01-PR
731256.0,1636257.0,12/11/2025,quarta-feira,04:50:00,PR,376.0,"667,5",GUARATUBA,Sim,Demais falhas mecânicas ou elétricas,5.0,Derramamento de carga,Com Vítimas Fatais,Plena Noite,Crescente,Nublado,Simples,Declive;Em Obras;Curva,Não,1305404.0,Micro-ônibus,RENAULT/MASTER MBUS L3H2,2013.0,Passageiro,Lesões Leves,10.0,Feminino,0.0,1.0,0.0,0.0,"-25,8634447","-48,9357855",SPRF-PR,DEL01-PR,UOP04-DEL01-PR
731256.0,1636256.0,12/11/2025,quarta-feira,04:50:00,PR,376.0,"667,5",GUARATUBA,Sim,Demais falhas mecânicas ou elétricas,5.0,Derramamento de carga,Com Vítimas Fatais,Plena Noite,Crescente,Nublado,Simples,Declive;Em Obras;Curva,Não,1305404.0,Micro-ônibus,RENAULT/MASTER MBUS L3H2,2013.0,Passageiro,Lesões Leves,5.0,Feminino,0.0,1.0,0.0,0.0,"-25,8634447","-48,9357855",SPRF-PR,DEL01-PR,UOP04-DEL01-PR
731256.0,1636253.0,12/11/2025,quarta-feira,04:50:00,PR,376.0,"667,5",GUARATUBA,Sim,Demais falhas mecânicas ou elétricas,5.0,Derramamento de carga,Com Vítimas Fatais,Plena Noite,Crescente,Nublado,Simples,Declive;Em Obras;Curva,Não,1305404.0,Micro-ônibus,RENAULT/MASTER MBUS L3H2,2013.0,Passageiro,Lesões Leves,11.0,Feminino,0.0,1.0,0.0,0.0,"-25,8634447","-48,9357855",SPRF-PR,DEL01-PR,UOP04-DEL01-PR
731256.0,1636252.0,12/11/2025,quarta-feira,04:50:00,PR,376.0,"667,5",GUARATUBA,Sim,Demais falhas mecânicas ou elétricas,5.0,Derramamento de carga,Com Vítimas Fatais,Plena Noite,Crescente,Nublado,Simples,Declive;Em Obras;Curva,Não,1305404.0,Micro-ônibus,RENAULT/MASTER MBUS L3H2,2013.0,Passageiro,Lesões Leves,13.0,Masculino,0.0,1.0,0.0,0.0,"-25,8634447","-48,9357855",SPRF-PR,DEL01-PR,UOP04-DEL01-PR
731256.0,1636262.0,12/11/2025,quarta-feira,04:50:00,PR,376.0,"667,5",GUARATUBA,Sim,Demais falhas mecânicas ou elétricas,4.0,Incêndio,Com Vítimas Fatais,Plena Noite,Crescente,Nublado,Simples,Declive;Em Obras;Curva,Não,1305404.0,Micro-ônibus,RENAULT/MASTER MBUS L3H2,2013.0,Passageiro,Lesões Graves,8.0,Feminino,0.0,0.0,1.0,0.0,"-25,8634447","-48,9357855",SPRF-PR,DEL01-PR,UOP04-DEL01-PR
731256.0,1636258.0,12/11/2025,quarta-feira,04:50:00,PR,376.0,"667,5",GUARATUBA,Sim,Demais falhas mecânicas ou elétricas,4.0,Incêndio,Com Vítimas Fatais,Plena Noite,Crescente,Nublado,Simples,Declive;Em Obras;Curva,Não,1305404.0,Micro-ônibus,RENAULT/MASTER MBUS L3H2,2013.0,Passageiro,Lesões Leves,6.0,Feminino,0.0,1.0,0.0,0.0,"-25,8634447","-48,9357855",SPRF-PR,DEL01-PR,UOP04-DEL01-PR
731256.0,1636257.0,12/11/2025,quarta-feira,04:50:00,PR,376.0,"667,5",GUARATUBA,Sim,Demais falhas mecânicas ou elétricas,4.0,Incêndio,Com Vítimas Fatais,Plena Noite,Crescente,Nublado,Simples,Declive;Em Obras;Curva,Não,1305404.0,Micro-ônibus,RENAULT/MASTER MBUS L3H2,2013.0,Passageiro,Lesões Leves,10.0,Feminino,0.0,1.0,0.0,0.0,"-25,8634447","-48,9357855",SPRF-PR,DEL01-PR,UOP04-DEL01-PR
731256.0,1636256.0,12/11/2025,quarta-feira,04:50:00,PR,376.0,"667,5",GUARATUBA,Sim,Demais falhas mecânicas ou elétricas,4.0,Incêndio,Com Vítimas Fatais,Plena Noite,Crescente,Nublado,Simples,Declive;Em Obras;Curva,Não,1305404.0,Micro-ônibus,RENAULT/MASTER MBUS L3H2,2013.0,Passageiro,Lesões Leves,5.0,Feminino,0.0,1.0,0.0,0.0,"-25,8634447","-48,9357855",SPRF-PR,DEL01-PR,UOP04-DEL01-PR
731256.0,1636253.0,12/11/2025,quarta-feira,04:50:00,PR,376.0,"667,5",GUARATUBA,Sim,Demais falhas mecânicas ou elétricas,4.0,Incêndio,Com Vítimas Fatais,Plena Noite,Crescente,Nublado,Simples,Declive;Em Obras;Curva,Não,1305404.0,Micro-ônibus,RENAULT/MASTER MBUS L3H2,2013.0,Passageiro,Lesões Leves,11.0,Feminino,0.0,1.0,0.0,0.0,"-25,8634447","-48,9357855",SPRF-PR,DEL01-PR,UOP04-DEL01-PR
731256.0,1636252.0,12/11/2025,quarta-feira,04:50:00,PR,376.0,"667,5",GUARATUBA,Sim,Demais falhas mecânicas ou elétricas,4.0,Incêndio,Com Vítimas Fatais,Plena Noite,Crescente,Nublado,Simples,Declive;Em Obras;Curva,Não,1305404.0,Micro-ônibus,RENAULT/MASTER MBUS L3H2,2013.0,Passageiro,Lesões Leves,13.0,Masculino,0.0,1.0,0.0,0.0,"-25,8634447","-48,9357855",SPRF-PR,DEL01-PR,UOP04-DEL01-PR
731256.0,1636262.0,12/11/2025,quarta-feira,04:50:00,PR,376.0,"667,5",GUARATUBA,Sim,Demais falhas mecânicas ou elétricas,3.0,Colisão traseira,Com Vítimas Fatais,Plena Noite,Crescente,Nublado,Simples,Declive;Em Obras;Curva,Não,1305404.0,Micro-ônibus,RENAULT/MASTER MBUS L3H2,2013.0,Passageiro,Lesões Graves,8.0,Feminino,0.0,0.0,1.0,0.0,"-25,8634447","-48,9357855",SPRF-PR,DEL01-PR,UOP04-DEL01-PR
731256.0,1636258.0,12/11/2025,quarta-feira,04:50:00,PR,376.0,"667,5",GUARATUBA,Sim,Demais falhas mecânicas ou elétricas,3.0,Colisão traseira,Com Vítimas Fatais,Plena Noite,Crescente,Nublado,Simples,Declive;Em Obras;Curva,Não,1305404.0,Micro-ônibus,RENAULT/MASTER MBUS L3H2,2013.0,Passageiro,Lesões Leves,6.0,Feminino,0.0,1.0,0.0,0.0,"-25,8634447","-48,9357855",SPRF-PR,DEL01-PR,UOP04-DEL01-PR
731256.0,1636257.0,12/11/2025,quarta-feira,04:50:00,PR,376.0,"667,5",GUARATUBA,Sim,Demais falhas mecânicas ou elétricas,3.0,Colisão traseira,Com Vítimas Fatais,Plena Noite,Crescente,Nublado,Simples,Declive;Em Obras;Curva,Não,1305404.0,Micro-ônibus,RENAULT/MASTER MBUS L3H2,2013.0,Passageiro,Lesões Leves,10.0,Feminino,0.0,1.0,0.0,0.0,"-25,8634447","-48,9357855",SPRF-PR,DEL01-PR,UOP04-DEL01-PR
731256.0,1636256.0,12/11/2025,quarta-feira,04:50:00,PR,376.0,"667,5",GUARATUBA,Sim,Demais falhas mecânicas ou elétricas,3.0,Colisão traseira,Com Vítimas Fatais,Plena Noite,Crescente,Nublado,Simples,Declive;Em Obras;Curva,Não,1305404.0,Micro-ônibus,RENAULT/MASTER MBUS L3H2,2013.0,Passageiro,Lesões Leves,5.0,Feminino,0.0,1.0,0.0,0.0,"-25,8634447","-48,9357855",SPRF-PR,DEL01-PR,UOP04-DEL01-PR
731256.0,1636253.0,12/11/2025,quarta-feira,04:50:00,PR,376.0,"667,5",GUARATUBA,Sim,Demais falhas mecânicas ou elétricas,3.0,Colisão traseira,Com Vítimas Fatais,Plena Noite,Crescente,Nublado,Simples,Declive;Em Obras;Curva,Não,1305404.0,Micro-ônibus,RENAULT/MASTER MBUS L3H2,2013.0,Passageiro,Lesões Leves,11.0,Feminino,0.0,1.0,0.0,0.0,"-25,8634447","-48,9357855",SPRF-PR,DEL01-PR,UOP04-DEL01-PR
731256.0,1636252.0,12/11/2025,quarta-feira,04:50:00,PR,376.0,"667,5",GUARATUBA,Sim,Demais falhas mecânicas ou elétricas,3.0,Colisão traseira,Com Vítimas Fatais,Plena Noite,Crescente,Nublado,Simples,Declive;Em Obras;Curva,Não,1305404.0,Micro-ônibus,RENAULT/MASTER MBUS L3H2,2013.0,Passageiro,Lesões Leves,13.0,Masculino,0.0,1.0,0.0,0.0,"-25,8634447","-48,9357855",SPRF-PR,DEL01-PR,UOP04-DEL01-PR
731256.0,1636262.0,12/11/2025,quarta-feira,04:50:00,PR,376.0,"667,5",GUARATUBA,Sim,Demais falhas mecânicas ou elétricas,2.0,Colisão com objeto,Com Vítimas Fatais,Plena Noite,Crescente,Nublado,Simples,Declive;Em Obras;Curva,Não,1305404.0,Micro-ônibus,RENAULT/MASTER MBUS L3H2,2013.0,Passageiro,Lesões Graves,8.0,Feminino,0.0,0.0,1.0,0.0,"-25,8634447","-48,9357855",SPRF-PR,DEL01-PR,UOP04-DEL01-PR
731256.0,1636258.0,12/11/2025,quarta-feira,04:50:00,PR,376.0,"667,5",GUARATUBA,Sim,Demais falhas mecânicas ou elétricas,2.0,Colisão com objeto,Com Vítimas Fatais,Plena Noite,Crescente,Nublado,Simples,Declive;Em Obras;Curva,Não,1305404.0,Micro-ônibus,RENAULT/MASTER MBUS L3H2,2013.0,Passageiro,Lesões Leves,6.0,Feminino,0.0,1.0,0.0,0.0,"-25,8634447","-48,9357855",SPRF-PR,DEL01-PR,UOP04-DEL01-PR
731256.0,1636257.0,12/11/2025,quarta-feira,04:50:00,PR,376.0,"667,5",GUARATUBA,Sim,Demais falhas mecânicas ou elétricas,2.0,Colisão com objeto,Com Vítimas Fatais,Plena Noite,Crescente,Nublado,Simples,Declive;Em Obras;Curva,Não,1305404.0,Micro-ônibus,RENAULT/MASTER MBUS L3H2,2013.0,Passageiro,Lesões Leves,10.0,Feminino,0.0,1.0,0.0,0.0,"-25,8634447","-48,9357855",SPRF-PR,DEL01-PR,UOP04-DEL01-PR
731256.0,1636256.0,12/11/2025,quarta-feira,04:50:00,PR,376.0,"667,5",GUARATUBA,Sim,Demais falhas mecânicas ou elétricas,2.0,Colisão com objeto,Com Vítimas Fatais,Plena Noite,Crescente,Nublado,Simples,Declive;Em Obras;Curva,Não,1305404.0,Micro-ônibus,RENAULT/MASTER MBUS L3H2,2013.0,Passageiro,Lesões Leves,5.0,Feminino,0.0,1.0,0.0,0.0,"-25,8634447","-48,9357855",SPRF-PR,DEL01-PR,UOP04-DEL01-PR
731256.0,1636253.0,12/11/2025,quarta-feira,04:50:00,PR,376.0,"667,5",GUARATUBA,Sim,Demais falhas mecânicas ou elétricas,2.0,Colisão com objeto,Com Vítimas Fatais,Plena Noite,Crescente,Nublado,Simples,Declive;Em Obras;Curva,Não,1305404.0,Micro-ônibus,RENAULT/MASTER MBUS L3H2,2013.0,Passageiro,Lesões Leves,11.0,Feminino,0.0,1.0,0.0,0.0,"-25,8634447","-48,9357855",SPRF-PR,DEL01-PR,UOP04-DEL01-PR
731256.0,1636252.0,12/11/2025,quarta-feira,04:50:00,PR,376.0,"667,5",GUARATUBA,Sim,Demais falhas mecânicas ou elétricas,2.0,Colisão com objeto,Com Vítimas Fatais,Plena Noite,Crescente,Nublado,Simples,Declive;Em Obras;Curva,Não,1305404.0,Micro-ônibus,RENAULT/MASTER MBUS L3H2,2013.0,Passageiro,Lesões Leves,13.0,Masculino,0.0,1.0,0.0,0.0,"-25,8634447","-48,9357855",SPRF-PR,DEL01-PR,UOP04-DEL01-PR
731256.0,1636262.0,12/11/2025,quarta-feira,04:50:00,PR,376.0,"667,5",GUARATUBA,Sim,Demais falhas mecânicas ou elétricas,1.0,Colisão lateral mesmo sentido,Com Vítimas Fatais,Plena Noite,Crescente,Nublado,Simples,Declive;Em Obras;Curva,Não,1305404.0,Micro-ônibus,RENAULT/MASTER MBUS L3H2,2013.0,Passageiro,Lesões Graves,8.0,Feminino,0.0,0.0,1.0,0.0,"-25,8634447","-48,9357855",SPRF-PR,DEL01-PR,UOP04-DEL01-PR
731256.0,1636258.0,12/11/2025,quarta-feira,04:50:00,PR,376.0,"667,5",GUARATUBA,Sim,Demais falhas mecânicas ou elétricas,1.0,Colisão lateral mesmo sentido,Com Vítimas Fatais,Plena Noite,Crescente,Nublado,Simples,Declive;Em Obras;Curva,Não,1305404.0,Micro-ônibus,RENAULT/MASTER MBUS L3H2,2013.0,Passageiro,Lesões Leves,6.0,Feminino,0.0,1.0,0.0,0.0,"-25,8634447","-48,9357855",SPRF-PR,DEL01-PR,UOP04-DEL01-PR
731256.0,1636257.0,12/11/2025,quarta-feira,04:50:00,PR,376.0,"667,5",GUARATUBA,Sim,Demais falhas mecânicas ou elétricas,1.0,Colisão lateral mesmo sentido,Com Vítimas Fatais,Plena Noite,Crescente,Nublado,Simples,Declive;Em Obras;Curva,Não,1305404.0,Micro-ônibus,RENAULT/MASTER MBUS L3H2,2013.0,Passageiro,Lesões Leves,10.0,Feminino,0.0,1.0,0.0,0.0,"-25,8634447","-48,9357855",SPRF-PR,DEL01-PR,UOP04-DEL01-PR
731256.0,1636256.0,12/11/2025,quarta-feira,04:50:00,PR,376.0,"667,5",GUARATUBA,Sim,Demais falhas mecânicas ou elétricas,1.0,Colisão lateral mesmo sentido,Com Vítimas Fatais,Plena Noite,Crescente,Nublado,Simples,Declive;Em Obras;Curva,Não,1305404.0,Micro-ônibus,RENAULT/MASTER MBUS L3H2,2013.0,Passageiro,Lesões Leves,5.0,Feminino,0.0,1.0,0.0,0.0,"-25,8634447","-48,9357855",SPRF-PR,DEL01-PR,UOP04-DEL01-PR
731256.0,1636253.0,12/11/2025,quarta-feira,04:50:00,PR,376.0,"667,5",GUARATUBA,Sim,Demais falhas mecânicas ou elétricas,1.0,Colisão lateral mesmo sentido,Com Vítimas Fatais,Plena Noite,Crescente,Nublado,Simples,Declive;Em Obras;Curva,Não,1305404.0,Micro-ônibus,RENAULT/MASTER MBUS L3H2,2013.0,Passageiro,Lesões Leves,11.0,Feminino,0.0,1.0,0.0,0.0,"-25,8634447","-48,9357855",SPRF-PR,DEL01-PR,UOP04-DEL01-PR
731256.0,1636252.0,12/11/2025,quarta-feira,04:50:00,PR,376.0,"667,5",GUARATUBA,Sim,Demais falhas mecânicas ou elétricas,1.0,Colisão lateral mesmo sentido,Com Vítimas Fatais,Plena Noite,Crescente,Nublado,Simples,Declive;Em Obras;Curva,Não,1305404.0,Micro-ônibus,RENAULT/MASTER MBUS L3H2,2013.0,Passageiro,Lesões Leves,13.0,Masculino,0.0,1.0,0.0,0.0,"-25,8634447","-48,9357855",SPRF-PR,DEL01-PR,UOP04-DEL01-PR
731295.0,1634556.0,12/11/2025,quarta-feira,09:25:00,PR,153.0,"41,9",SANTO ANTONIO DA PLATINA,Sim,Reação tardia ou ineficiente do condutor,1.0,Colisão transversal,Com Vítimas Feridas,Pleno dia,Crescente,Céu Claro,Simples,Reta;Rotatória,Sim,1304624.0,Caminhonete,FIAT/TORO FREED TURB AT6,2022.0,Passageiro,Ileso,1.0,Feminino,1.0,0.0,0.0,0.0,"-23,2971166","-50,06837575",SPRF-PR,DEL07-PR,UOP04-DEL07-PR
731295.0,1634555.0,12/11/2025,quarta-feira,09:25:00,PR,153.0,"41,9",SANTO ANTONIO DA PLATINA,Sim,Reação tardia ou ineficiente do condutor,1.0,Colisão transversal,Com Vítimas Feridas,Pleno dia,Crescente,Céu Claro,Simples,Reta;Rotatória,Sim,1304624.0,Caminhonete,FIAT/TORO FREED TURB AT6,2022.0,Passageiro,Ileso,14.0,Masculino,1.0,0.0,0.0,0.0,"-23,2971166","-50,06837575",SPRF-PR,DEL07-PR,UOP04-DEL07-PR
731653.0,1635257.0,13/11/2025,quinta-feira,21:20:00,PR,163.0,"226,1",CASCAVEL,Não,Reação tardia ou ineficiente do condutor,1.0,Saída de leito carroçável,Sem Vítimas,Plena Noite,Crescente,Céu Claro,Dupla,Interseção de Vias;Reta;Retorno Regulamentado,Sim,1305244.0,Automóvel,GM/CELTA 4P LIFE,2007.0,Passageiro,Ileso,12.0,Feminino,1.0,0.0,0.0,0.0,"-24,884","-53,558",SPRF-PR,DEL04-PR,UOP01-DEL04-PR
731653.0,1635257.0,13/11/2025,quinta-feira,21:20:00,PR,163.0,"226,1",CASCAVEL,Não,Ausência de reação do condutor,1.0,Saída de leito carroçável,Sem Vítimas,Plena Noite,Crescente,Céu Claro,Dupla,Interseção de Vias;Reta;Retorno Regulamentado,Sim,1305244.0,Automóvel,GM/CELTA 4P LIFE,2007.0,Passageiro,Ileso,12.0,Feminino,1.0,0.0,0.0,0.0,"-24,884","-53,558",SPRF-PR,DEL04-PR,UOP01-DEL04-PR
731653.0,1635257.0,13/11/2025,quinta-feira,21:20:00,PR,163.0,"226,1",CASCAVEL,Sim,Ingestão de álcool pelo condutor,1.0,Saída de leito carroçável,Sem Vítimas,Plena Noite,Crescente,Céu Claro,Dupla,Interseção de Vias;Reta;Retorno Regulamentado,Sim,1305244.0,Automóvel,GM/CELTA 4P LIFE,2007.0,Passageiro,Ileso,12.0,Feminino,1.0,0.0,0.0,0.0,"-24,884","-53,558",SPRF-PR,DEL04-PR,UOP01-DEL04-PR
731803.0,1635863.0,14/11/2025,sexta-feira,15:15:00,PR,376.0,"1,5",APUCARANA,Sim,Suicídio (presumido),1.0,Atropelamento de Pedestre,Com Vítimas Feridas,Pleno dia,Decrescente,Nublado,Simples,Reta;Interseção de Vias,Sim,1305524.0,Automóvel,FORD/FIESTA 16SEL AT,2016.0,Passageiro,Ileso,5.0,Feminino,1.0,0.0,0.0,0.0,"-23,57176261","-51,42792791",SPRF-PR,DEL07-PR,UOP03-DEL07-PR
731867.0,1635788.0,14/11/2025,sexta-feira,19:35:00,PR,376.0,"155,9",MANDAGUACU,Sim,Ingestão de álcool pelo condutor,1.0,Colisão traseira,Sem Vítimas,Plena Noite,Crescente,Chuva,Dupla,Curva,Sim,1305697.0,Automóvel,FIAT/ARGO DRIVE 1.3,2022.0,Passageiro,Ileso,2.0,Masculino,1.0,0.0,0.0,0.0,"-23,338217","-52,100282",SPRF-PR,DEL09-PR,UOP02-DEL09-PR
731867.0,1635787.0,14/11/2025,sexta-feira,19:35:00,PR,376.0,"155,9",MANDAGUACU,Sim,Ingestão de álcool pelo condutor,1.0,Colisão traseira,Sem Vítimas,Plena Noite,Crescente,Chuva,Dupla,Curva,Sim,1305697.0,Automóvel,FIAT/ARGO DRIVE 1.3,2022.0,Passageiro,Ileso,6.0,Feminino,1.0,0.0,0.0,0.0,"-23,338217","-52,100282",SPRF-PR,DEL09-PR,UOP02-DEL09-PR
732013.0,1636131.0,15/11/2025,sábado,12:00:00,PR,369.0,156,LONDRINA,Sim,Manobra de mudança de faixa,3.0,Queda de ocupante de veículo,Com Vítimas Feridas,Pleno dia,Decrescente,Garoa/Chuvisco,Dupla,Reta,Sim,1305984.0,Motocicleta,HONDA/CG 160 START,2025.0,Passageiro,Lesões Leves,11.0,Masculino,0.0,1.0,0.0,0.0,"-23,29000623","-51,2210482",SPRF-PR,DEL07-PR,UOP01-DEL07-PR
732013.0,1636131.0,15/11/2025,sábado,12:00:00,PR,369.0,156,LONDRINA,Sim,Manobra de mudança de faixa,2.0,Tombamento,Com Vítimas Feridas,Pleno dia,Decrescente,Garoa/Chuvisco,Dupla,Reta,Sim,1305984.0,Motocicleta,HONDA/CG 160 START,2025.0,Passageiro,Lesões Leves,11.0,Masculino,0.0,1.0,0.0,0.0,"-23,29000623","-51,2210482",SPRF-PR,DEL07-PR,UOP01-DEL07-PR