id,pesid,data_inversa,dia_semana,horario,uf,br,km,municipio,causa_principal,causa_acidente,ordem_tipo_acidente,tipo_acidente,classificacao_acidente,fase_dia,sentido_via,condicao_metereologica,tipo_pista,tracado_via,uso_solo,id_veiculo,tipo_veiculo,marca,ano_fabricacao_veiculo,tipo_envolvido,estado_fisico,idade,sexo,ilesos,feridos_leves,feridos_graves,mortos,latitude,longitude,regional,delegacia,uop
739733.0,1655409.0,18/12/2025,quinta-feira,11:35:00,PR,277.0,"261,2",IRATI,Não,Velocidade Incompatível,3.0,Saída de leito carroçável,Com Vítimas Feridas,Pleno dia,Crescente,Céu Claro,Simples,Curva;Aclive,Sim,1320688.0,Utilitário,TOYOTA/CCROSS XRE 20,2023.0,Passageiro,Ileso,6.0,Masculino,1.0,0.0,0.0,0.0,"-25,418918","-50,761715",SPRF-PR,DEL08-PR,UOP02-DEL08-PR
739733.0,1655402.0,18/12/2025,quinta-feira,11:35:00,PR,277.0,"261,2",IRATI,Não,Velocidade Incompatível,2.0,Colisão com objeto,Com Vítimas Feridas,Pleno dia,Crescente,Céu Claro,Simples,Curva;Aclive,Sim,1320687.0,Automóvel,VW/NIVUS HL TSI,2025.0,Passageiro,Ileso,6.0,Masculino,1.0,0.0,0.0,0.0,"-25,418918","-50,761715",SPRF-PR,DEL08-PR,UOP02-DEL08-PR
739733.0,1655411.0,18/12/2025,quinta-feira,11:35:00,PR,277.0,"261,2",IRATI,Não,Velocidade Incompatível,2.0,Colisão com objeto,Com Vítimas Feridas,Pleno dia,Crescente,Céu Claro,Simples,Curva;Aclive,Sim,1320688.0,Utilitário,TOYOTA/CCROSS XRE 20,2023.0,Passageiro,Lesões Leves,11.0,Feminino,0.0,1.0,0.0,0.0,"-25,418918","-50,761715",SPRF-PR,DEL08-PR,UOP02-DEL08-PR
739733.0,1655409.0,18/12/2025,quinta-feira,11:35:00,PR,277.0,"261,2",IRATI,Não,Velocidade Incompatível,2.0,Colisão com objeto,Com Vítimas Feridas,Pleno dia,Crescente,Céu Claro,Simples,Curva;Aclive,Sim,1320688.0,Utilitário,TOYOTA/CCROSS XRE 20,2023.0,Passageiro,Ileso,6.0,Masculino,1.0,0.0,0.0,0.0,"-25,418918","-50,761715",SPRF-PR,DEL08-PR,UOP02-DEL08-PR
739733.0,1655402.0,18/12/2025,quinta-feira,11:35:00,PR,277.0,"261,2",IRATI,Não,Velocidade Incompatível,1.0,Colisão transversal,Com Vítimas Feridas,Pleno dia,Crescente,Céu Claro,Simples,Curva;Aclive,Sim,1320687.0,Automóvel,VW/NIVUS HL TSI,2025.0,Passageiro,Ileso,6.0,Masculino,1.0,0.0,0.0,0.0,"-25,418918","-50,761715",SPRF-PR,DEL08-PR,UOP02-DEL08-PR
739733.0,1655411.0,18/12/2025,quinta-feira,11:35:00,PR,277.0,"261,2",IRATI,Não,Velocidade Incompatível,1.0,Colisão transversal,Com Vítimas Feridas,Pleno dia,Crescente,Céu Claro,Simples,Curva;Aclive,Sim,1320688.0,Utilitário,TOYOTA/CCROSS XRE 20,2023.0,Passageiro,Lesões Leves,11.0,Feminino,0.0,1.0,0.0,0.0,"-25,418918","-50,761715",SPRF-PR,DEL08-PR,UOP02-DEL08-PR
739733.0,1655409.0,18/12/2025,quinta-feira,11:35:00,PR,277.0,"261,2",IRATI,Não,Velocidade Incompatível,1.0,Colisão transversal,Com Vítimas Feridas,Pleno dia,Crescente,Céu Claro,Simples,Curva;Aclive,Sim,1320688.0,Utilitário,TOYOTA/CCROSS XRE 20,2023.0,Passageiro,Ileso,6.0,Masculino,1.0,0.0,0.0,0.0,"-25,418918","-50,761715",SPRF-PR,DEL08-PR,UOP02-DEL08-PR
739772.0,1655093.0,18/12/2025,quinta-feira,15:06:00,PR,277.0,"526,9",GUARANIACU,Sim,Acessar a via sem observar a presença dos outros veículos,1.0,Colisão transversal,Com Vítimas Feridas,Pleno dia,Crescente,Céu Claro,Simples,Curva,Não,1320783.0,Caminhão-trator,M.BENZ/ACTROS 2546LS,2017.0,Passageiro,Ileso,13.0,Masculino,1.0,0.0,0.0,0.0,"-25,11016","-52,85196",SPRF-PR,DEL04-PR,UOP04-DEL04-PR
739783.0,1655199.0,18/12/2025,quinta-feira,17:00:00,PR,277.0,"36,2",MORRETES,Sim,Condutor deixou de manter distância do veículo da frente,1.0,Colisão traseira,Sem Vítimas,Pleno dia,Crescente,Nublado,Dupla,Curva;Aclive,Não,1320850.0,Caminhonete,VW/SAVEIRO 1.6,2002.0,Passageiro,Ileso,13.0,Masculino,1.0,0.0,0.0,0.0,"-25,570874","-48,837463",SPRF-PR,DEL01-PR,UOP05-DEL01-PR
739783.0,1655198.0,18/12/2025,quinta-feira,17:00:00,PR,277.0,"36,2",MORRETES,Sim,Condutor deixou de manter distância do veículo da frente,1.0,Colisão traseira,Sem Vítimas,Pleno dia,Crescente,Nublado,Dupla,Curva;Aclive,Não,1320850.0,Caminhonete,VW/SAVEIRO 1.6,2002.0,Passageiro,Ileso,15.0,Feminino,1.0,0.0,0.0,0.0,"-25,570874","-48,837463",SPRF-PR,DEL01-PR,UOP05-DEL01-PR
739824.0,1655303.0,18/12/2025,quinta-feira,15:15:00,PR,163.0,"316,2",TERRA ROXA,Não,Reação tardia ou ineficiente do condutor,1.0,Colisão transversal,Com Vítimas Feridas,Pleno dia,Decrescente,Céu Claro,Simples,Reta,Não,1320916.0,Caminhonete,CHEVROLET/S10 LT DD4A,2018.0,Passageiro,Lesões Leves,13.0,Masculino,0.0,1.0,0.0,0.0,"-24,33065191","-54,15391727",SPRF-PR,DEL06-PR,UOP02-DEL06-PR
739824.0,1655301.0,18/12/2025,quinta-feira,15:15:00,PR,163.0,"316,2",TERRA ROXA,Não,Reação tardia ou ineficiente do condutor,1.0,Colisão transversal,Com Vítimas Feridas,Pleno dia,Decrescente,Céu Claro,Simples,Reta,Não,1320916.0,Caminhonete,CHEVROLET/S10 LT DD4A,2018.0,Passageiro,Lesões Leves,10.0,Feminino,0.0,1.0,0.0,0.0,"-24,33065191","-54,15391727",SPRF-PR,DEL06-PR,UOP02-DEL06-PR
739824.0,1655303.0,18/12/2025,quinta-feira,15:15:00,PR,163.0,"316,2",TERRA ROXA,Sim,Conversão proibida,1.0,Colisão transversal,Com Vítimas Feridas,Pleno dia,Decrescente,Céu Claro,Simples,Reta,Não,1320916.0,Caminhonete,CHEVROLET/S10 LT DD4A,2018.0,Passageiro,Lesões Leves,13.0,Masculino,0.0,1.0,0.0,0.0,"-24,33065191","-54,15391727",SPRF-PR,DEL06-PR,UOP02-DEL06-PR
739824.0,1655301.0,18/12/2025,quinta-feira,15:15:00,PR,163.0,"316,2",TERRA ROXA,Sim,Conversão proibida,1.0,Colisão transversal,Com Vítimas Feridas,Pleno dia,Decrescente,Céu Claro,Simples,Reta,Não,1320916.0,Caminhonete,CHEVROLET/S10 LT DD4A,2018.0,Passageiro,Lesões Leves,10.0,Feminino,0.0,1.0,0.0,0.0,"-24,33065191","-54,15391727",SPRF-PR,DEL06-PR,UOP02-DEL06-PR
740118.0,1655997.0,19/12/2025,sexta-feira,20:40:00,PR,163.0,306,MERCEDES,Sim,Ultrapassagem Indevida,3.0,Saída de leito carroçável,Com Vítimas Feridas,Plena Noite,Decrescente,Céu Claro,Simples,Aclive,Não,1321458.0,Automóvel,TOYOTA/COROLLA XEI20FLEX,2018.0,Passageiro,Lesões Leves,12.0,Feminino,0.0,1.0,0.0,0.0,"-24,40555959","-54,15948479",SPRF-PR,DEL06-PR,UOP02-DEL06-PR
740118.0,1655993.0,19/12/2025,sexta-feira,20:40:00,PR,163.0,306,MERCEDES,Sim,Ultrapassagem Indevida,3.0,Saída de leito carroçável,Com Vítimas Feridas,Plena Noite,Decrescente,Céu Claro,Simples,Aclive,Não,1321458.0,Automóvel,TOYOTA/COROLLA XEI20FLEX,2018.0,Passageiro,Lesões Leves,15.0,Masculino,0.0,1.0,0.0,0.0,"-24,40555959","-54,15948479",SPRF-PR,DEL06-PR,UOP02-DEL06-PR
740118.0,1655997.0,19/12/2025,sexta-feira,20:40:00,PR,163.0,306,MERCEDES,Sim,Ultrapassagem Indevida,2.0,Colisão lateral mesmo sentido,Com Vítimas Feridas,Plena Noite,Decrescente,Céu Claro,Simples,Aclive,Não,1321458.0,Automóvel,TOYOTA/COROLLA XEI20FLEX,2018.0,Passageiro,Lesões Leves,12.0,Feminino,0.0,1.0,0.0,0.0,"-24,40555959","-54,15948479",SPRF-PR,DEL06-PR,UOP02-DEL06-PR
740118.0,1655993.0,19/12/2025,sexta-feira,20:40:00,PR,163.0,306,MERCEDES,Sim,Ultrapassagem Indevida,2.0,Colisão lateral mesmo sentido,Com Vítimas Feridas,Plena Noite,Decrescente,Céu Claro,Simples,Aclive,Não,1321458.0,Automóvel,TOYOTA/COROLLA XEI20FLEX,2018.0,Passageiro,Lesões Leves,15.0,Masculino,0.0,1.0,0.0,0.0,"-24,40555959","-54,15948479",SPRF-PR,DEL06-PR,UOP02-DEL06-PR
740118.0,1655997.0,19/12/2025,sexta-feira,20:40:00,PR,163.0,306,MERCEDES,Sim,Ultrapassagem Indevida,1.0,Colisão traseira,Com Vítimas Feridas,Plena Noite,Decrescente,Céu Claro,Simples,Aclive,Não,1321458.0,Automóvel,TOYOTA/COROLLA XEI20FLEX,2018.0,Passageiro,Lesões Leves,12.0,Feminino,0.0,1.0,0.0,0.0,"-24,40555959","-54,15948479",SPRF-PR,DEL06-PR,UOP02-DEL06-PR
740118.0,1655993.0,19/12/2025,sexta-feira,20:40:00,PR,163.0,306,MERCEDES,Sim,Ultrapassagem Indevida,1.0,Colisão traseira,Com Vítimas Feridas,Plena Noite,Decrescente,Céu Claro,Simples,Aclive,Não,1321458.0,Automóvel,TOYOTA/COROLLA XEI20FLEX,2018.0,Passageiro,Lesões Leves,15.0,Masculino,0.0,1.0,0.0,0.0,"-24,40555959","-54,15948479",SPRF-PR,DEL06-PR,UOP02-DEL06-PR
740145.0,1656081.0,19/12/2025,sexta-feira,23:55:00,PR,369.0,"397,3",JURANDA,Sim,Mal súbito do condutor,3.0,Capotamento,Com Vítimas Fatais,Plena Noite,Crescente,Céu Claro,Simples,Reta,Não,1321537.0,Automóvel,TOYOTA/COROLLA XEI20FLEX,2017.0,Passageiro,Ileso,2.0,Masculino,1.0,0.0,0.0,0.0,"-24,357135","-52,745466",SPRF-PR,DEL04-PR,UOP03-DEL04-PR
740145.0,1656086.0,19/12/2025,sexta-feira,23:55:00,PR,369.0,"397,3",JURANDA,Sim,Mal súbito do condutor,3.0,Capotamento,Com Vítimas Fatais,Plena Noite,Crescente,Céu Claro,Simples,Reta,Não,1321537.0,Automóvel,TOYOTA/COROLLA XEI20FLEX,2017.0,Passageiro,Ileso,11.0,Masculino,1.0,0.0,0.0,0.0,"-24,357135","-52,745466",SPRF-PR,DEL04-PR,UOP03-DEL04-PR
740145.0,1656083.0,19/12/2025,sexta-feira,23:55:00,PR,369.0,"397,3",JURANDA,Sim,Mal súbito do condutor,3.0,Capotamento,Com Vítimas Fatais,Plena Noite,Crescente,Céu Claro,Simples,Reta,Não,1321537.0,Automóvel,TOYOTA/COROLLA XEI20FLEX,2017.0,Passageiro,Ileso,5.0,Feminino,1.0,0.0,0.0,0.0,"-24,357135","-52,745466",SPRF-PR,DEL04-PR,UOP03-DEL04-PR
740145.0,1656081.0,19/12/2025,sexta-feira,23:55:00,PR,369.0,"397,3",JURANDA,Sim,Mal súbito do condutor,2.0,Colisão com objeto,Com Vítimas Fatais,Plena Noite,Crescente,Céu Claro,Simples,Reta,Não,1321537.0,Automóvel,TOYOTA/COROLLA XEI20FLEX,2017.0,Passageiro,Ileso,2.0,Masculino,1.0,0.0,0.0,0.0,"-24,357135","-52,745466",SPRF-PR,DEL04-PR,UOP03-DEL04-PR
740145.0,1656086.0,19/12/2025,sexta-feira,23:55:00,PR,369.0,"397,3",JURANDA,Sim,Mal súbito do condutor,2.0,Colisão com objeto,Com Vítimas Fatais,Plena Noite,Crescente,Céu Claro,Simples,Reta,Não,1321537.0,Automóvel,TOYOTA/COROLLA XEI20FLEX,2017.0,Passageiro,Ileso,11.0,Masculino,1.0,0.0,0.0,0.0,"-24,357135","-52,745466",SPRF-PR,DEL04-PR,UOP03-DEL04-PR
740145.0,1656083.0,19/12/2025,sexta-feira,23:55:00,PR,369.0,"397,3",JURANDA,Sim,Mal súbito do condutor,2.0,Colisão com objeto,Com Vítimas Fatais,Plena Noite,Crescente,Céu Claro,Simples,Reta,Não,1321537.0,Automóvel,TOYOTA/COROLLA XEI20FLEX,2017.0,Passageiro,Ileso,5.0,Feminino,1.0,0.0,0.0,0.0,"-24,357135","-52,745466",SPRF-PR,DEL04-PR,UOP03-DEL04-PR
740145.0,1656081.0,19/12/2025,sexta-feira,23:55:00,PR,369.0,"397,3",JURANDA,Sim,Mal súbito do condutor,1.0,Saída de leito carroçável,Com Vítimas Fatais,Plena Noite,Crescente,Céu Claro,Simples,Reta,Não,1321537.0,Automóvel,TOYOTA/COROLLA XEI20FLEX,2017.0,Passageiro,Ileso,2.0,Masculino,1.0,0.0,0.0,0.0,"-24,357135","-52,745466",SPRF-PR,DEL04-PR,UOP03-DEL04-PR
740145.0,1656086.0,19/12/2025,sexta-feira,23:55:00,PR,369.0,"397,3",JURANDA,Sim,Mal súbito do condutor,1.0,Saída de leito carroçável,Com Vítimas Fatais,Plena Noite,Crescente,Céu Claro,Simples,Reta,Não,1321537.0,Automóvel,TOYOTA/COROLLA XEI20FLEX,2017.0,Passageiro,Ileso,11.0,Masculino,1.0,0.0,0.0,0.0,"-24,357135","-52,745466",SPRF-PR,DEL04-PR,UOP03-DEL04-PR
740145.0,1656083.0,19/12/2025,sexta-feira,23:55:00,PR,369.0,"397,3",JURANDA,Sim,Mal súbito do condutor,1.0,Saída de leito carroçável,Com Vítimas Fatais,Plena Noite,Crescente,Céu Claro,Simples,Reta,Não,1321537.0,Automóvel,TOYOTA/COROLLA XEI20FLEX,2017.0,Passageiro,Ileso,5.0,Feminino,1.0,0.0,0.0,0.0,"-24,357135","-52,745466",SPRF-PR,DEL04-PR,UOP03-DEL04-PR
740205.0,1659466.0,20/12/2025,sábado,06:30:00,PR,369.0,156,LONDRINA,Sim,Reação tardia ou ineficiente do condutor,1.0,Colisão traseira,Com Vítimas Feridas,Pleno dia,Crescente,Céu Claro,Dupla,Reta,Sim,1323794.0,Automóvel,FIAT/ARGO DRIVE 1.0,2025.0,Passageiro,Lesões Leves,10.0,Masculino,0.0,1.0,0.0,0.0,"-23,29117985","-51,21789694",SPRF-PR,DEL07-PR,UOP01-DEL07-PR
740524.0,1657131.0,21/12/2025,domingo,09:20:00,PR,277.0,"245,9",IRATI,Sim,Condutor deixou de manter distância do veículo da frente,1.0,Colisão traseira,Com Vítimas Feridas,Pleno dia,Decrescente,Céu Claro,Simples,Declive;Reta,Sim,1322242.0,Automóvel,TOYOTA/COROLLA XEI20FLEX,2016.0,Passageiro,Ileso,6.0,Feminino,1.0,0.0,0.0,0.0,"-25,45505496","-50,62156677",SPRF-PR,DEL08-PR,UOP02-DEL08-PR
740524.0,1661707.0,21/12/2025,domingo,09:20:00,PR,277.0,"245,9",IRATI,Sim,Condutor deixou de manter distância do veículo da frente,1.0,Colisão traseira,Com Vítimas Feridas,Pleno dia,Decrescente,Céu Claro,Simples,Declive;Reta,Sim,1322243.0,Caminhão,I/RAM 2500 LARAMIE,2023.0,Passageiro,Ileso,3.0,Feminino,1.0,0.0,0.0,0.0,"-25,45505496","-50,62156677",SPRF-PR,DEL08-PR,UOP02-DEL08-PR
740524.0,1661704.0,21/12/2025,domingo,09:20:00,PR,277.0,"245,9",IRATI,Sim,Condutor deixou de manter distância do veículo da frente,1.0,Colisão traseira,Com Vítimas Feridas,Pleno dia,Decrescente,Céu Claro,Simples,Declive;Reta,Sim,1322243.0,Caminhão,I/RAM 2500 LARAMIE,2023.0,Passageiro,Ileso,3.0,Feminino,1.0,0.0,0.0,0.0,"-25,45505496","-50,62156677",SPRF-PR,DEL08-PR,UOP02-DEL08-PR
740524.0,1661703.0,21/12/2025,domingo,09:20:00,PR,277.0,"245,9",IRATI,Sim,Condutor deixou de manter distância do veículo da frente,1.0,Colisão traseira,Com Vítimas Feridas,Pleno dia,Decrescente,Céu Claro,Simples,Declive;Reta,Sim,1322243.0,Caminhão,I/RAM 2500 LARAMIE,2023.0,Passageiro,Ileso,6.0,Masculino,1.0,0.0,0.0,0.0,"-25,45505496","-50,62156677",SPRF-PR,DEL08-PR,UOP02-DEL08-PR
740524.0,1661702.0,21/12/2025,domingo,09:20:00,PR,277.0,"245,9",IRATI,Sim,Condutor deixou de manter distância do veículo da frente,1.0,Colisão traseira,Com Vítimas Feridas,Pleno dia,Decrescente,Céu Claro,Simples,Declive;Reta,Sim,1322243.0,Caminhão,I/RAM 2500 LARAMIE,2023.0,Passageiro,Ileso,14.0,Feminino,1.0,0.0,0.0,0.0,"-25,45505496","-50,62156677",SPRF-PR,DEL08-PR,UOP02-DEL08-PR
740573.0,1657363.0,21/12/2025,domingo,14:00:00,PR,369.0,"473,2",CORBELIA,Não,Suicídio (presumido),1.0,Atropelamento de Pedestre,Com Vítimas Feridas,Pleno dia,Crescente,Nublado,Simples,Curva,Sim,1322391.0,Automóvel,I/HONDA CITY EX FLEX,2013.0,Passageiro,Ileso,1.0,Feminino,1.0,0.0,0.0,0.0,"-24,71702124","-53,24654516",SPRF-PR,DEL04-PR,UOP03-DEL04-PR
740573.0,1657363.0,21/12/2025,domingo,14:00:00,PR,369.0,"473,2",CORBELIA,Sim,Pedestre andava na pista,1.0,Atropelamento de Pedestre,Com Vítimas Feridas,Pleno dia,Crescente,Nublado,Simples,Curva,Sim,1322391.0,Automóvel,I/HONDA CITY EX FLEX,2013.0,Passageiro,Ileso,1.0,Feminino,1.0,0.0,0.0,0.0,"-24,71702124","-53,24654516",SPRF-PR,DEL04-PR,UOP03-DEL04-PR
740613.0,1657385.0,21/12/2025,domingo,17:00:00,PR,116.0,"121,3",CURITIBA,Não,Manobra de mudança de faixa,3.0,Queda de ocupante de veículo,Com Vítimas Feridas,Pleno dia,Decrescente,Nublado,Dupla,Reta;Aclive,Não,1322409.0,Automóvel,HONDA/CITY SPORT,2013.0,Passageiro,Ileso,6.0,Masculino,1.0,0.0,0.0,0.0,"-25,597048","-49,31662",SPRF-PR,DEL01-PR,UOP03-DEL01-PR
740613.0,1657385.0,21/12/2025,domingo,17:00:00,PR,116.0,"121,3",CURITIBA,Não,Manobra de mudança de faixa,2.0,Tombamento,Com Vítimas Feridas,Pleno dia,Decrescente,Nublado,Dupla,Reta;Aclive,Não,1322409.0,Automóvel,HONDA/CITY SPORT,2013.0,Passageiro,Ileso,6.0,Masculino,1.0,0.0,0.0,0.0,"-25,597048","-49,31662",SPRF-PR,DEL01-PR,UOP03-DEL01-PR
740613.0,1657385.0,21/12/2025,domingo,17:00:00,PR,116.0,"121,3",CURITIBA,Não,Manobra de mudança de faixa,1.0,Colisão traseira,Com Vítimas Feridas,Pleno dia,Decrescente,Nublado,Dupla,Reta;Aclive,Não,1322409.0,Automóvel,HONDA/CITY SPORT,2013.0,Passageiro,Ileso,6.0,Masculino,1.0,0.0,0.0,0.0,"-25,597048","-49,31662",SPRF-PR,DEL01-PR,UOP03-DEL01-PR
740613.0,1657385.0,21/12/2025,domingo,17:00:00,PR,116.0,"121,3",CURITIBA,Sim,Trafegar com motocicleta (ou similar) entre as faixas,3.0,Queda de ocupante de veículo,Com Vítimas Feridas,Pleno dia,Decrescente,Nublado,Dupla,Reta;Aclive,Não,1322409.0,Automóvel,HONDA/CITY SPORT,2013.0,Passageiro,Ileso,6.0,Masculino,1.0,0.0,0.0,0.0,"-25,597048","-49,31662",SPRF-PR,DEL01-PR,UOP03-DEL01-PR
740613.0,1657385.0,21/12/2025,domingo,17:00:00,PR,116.0,"121,3",CURITIBA,Sim,Trafegar com motocicleta (ou similar) entre as faixas,2.0,Tombamento,Com Vítimas Feridas,Pleno dia,Decrescente,Nublado,Dupla,Reta;Aclive,Não,1322409.0,Automóvel,HONDA/CITY SPORT,2013.0,Passageiro,Ileso,6.0,Masculino,1.0,0.0,0.0,0.0,"-25,597048","-49,31662",SPRF-PR,DEL01-PR,UOP03-DEL01-PR
740613.0,1657385.0,21/12/2025,domingo,17:00:00,PR,116.0,"121,3",CURITIBA,Sim,Trafegar com motocicleta (ou similar) entre as faixas,1.0,Colisão traseira,Com Vítimas Feridas,Pleno dia,Decrescente,Nublado,Dupla,Reta;Aclive,Não,1322409.0,Automóvel,HONDA/CITY SPORT,2013.0,Passageiro,Ileso,6.0,Masculino,1.0,0.0,0.0,0.0,"-25,597048","-49,31662",SPRF-PR,DEL01-PR,UOP03-DEL01-PR
740622.0,1657341.0,21/12/2025,domingo,18:00:00,PR,376.0,"410,6",TIBAGI,Sim,Demais falhas mecânicas ou elétricas,1.0,Incêndio,Sem Vítimas,Pleno dia,Decrescente,Céu Claro,Dupla,Reta;Declive,Não,1322388.0,Automóvel,VW/FUSCA 1300,1980.0,Passageiro,Ileso,8.0,Feminino,1.0,0.0,0.0,0.0,"-24,65602","-50,61215",SPRF-PR,DEL03-PR,UOP02-DEL03-PR
740622.0,1657339.0,21/12/2025,domingo,18:00:00,PR,376.0,"410,6",TIBAGI,Sim,Demais falhas mecânicas ou elétricas,1.0,Incêndio,Sem Vítimas,Pleno dia,Decrescente,Céu Claro,Dupla,Reta;Declive,Não,1322388.0,Automóvel,VW/FUSCA 1300,1980.0,Passageiro,Ileso,0.0,Masculino,1.0,0.0,0.0,0.0,"-24,65602","-50,61215",SPRF-PR,DEL03-PR,UOP02-DEL03-PR
740670.0,1660570.0,21/12/2025,domingo,20:30:00,PR,277.0,201,PALMEIRA,Não,Ingestão de álcool pelo condutor,3.0,Saída de leito carroçável,Com Vítimas Feridas,Plena Noite,Crescente,Céu Claro,Simples,Reta,Não,1323158.0,Automóvel,HONDA/CIVIC EX CVT,2017.0,Passageiro,Lesões Leves,8.0,Masculino,0.0,1.0,0.0,0.0,"-25,46279776","-50,22445619",SPRF-PR,DEL08-PR,UOP02-DEL08-PR
740670.0,1660569.0,21/12/2025,domingo,20:30:00,PR,277.0,201,PALMEIRA,Não,Ingestão de álcool pelo condutor,3.0,Saída de leito carroçável,Com Vítimas Feridas,Plena Noite,Crescente,Céu Claro,Simples,Reta,Não,1323158.0,Automóvel,HONDA/CIVIC EX CVT,2017.0,Passageiro,Lesões Leves,14.0,Masculino,0.0,1.0,0.0,0.0,"-25,46279776","-50,22445619",SPRF-PR,DEL08-PR,UOP02-DEL08-PR
740670.0,1660575.0,21/12/2025,domingo,20:30:00,PR,277.0,201,PALMEIRA,Não,Ingestão de álcool pelo condutor,3.0,Saída de leito carroçável,Com Vítimas Feridas,Plena Noite,Crescente,Céu Claro,Simples,Reta,Não,1323159.0,Automóvel,HYUNDAI/CRETA 16A ACTION,2020.0,Passageiro,Ileso,2.0,Masculino,1.0,0.0,0.0,0.0,"-25,46279776","-50,22445619",SPRF-PR,DEL08-PR,UOP02-DEL08-PR
740670.0,1660570.0,21/12/2025,domingo,20:30:00,PR,277.0,201,PALMEIRA,Não,Ingestão de álcool pelo condutor,2.0,Colisão traseira,Com Vítimas Feridas,Plena Noite,Crescente,Céu Claro,Simples,Reta,Não,1323158.0,Automóvel,HONDA/CIVIC EX CVT,2017.0,Passageiro,Lesões Leves,8.0,Masculino,0.0,1.0,0.0,0.0,"-25,46279776","-50,22445619",SPRF-PR,DEL08-PR,UOP02-DEL08-PR
740670.0,1660569.0,21/12/2025,domingo,20:30:00,PR,277.0,201,PALMEIRA,Não,Ingestão de álcool pelo condutor,2.0,Colisão traseira,Com Vítimas Feridas,Plena Noite,Crescente,Céu Claro,Simples,Reta,Não,1323158.0,Automóvel,HONDA/CIVIC EX CVT,2017.0,Passageiro,Lesões Leves,14.0,Masculino,0.0,1.0,0.0,0.0,"-25,46279776","-50,22445619",SPRF-PR,DEL08-PR,UOP02-DEL08-PR
740670.0,1660575.0,21/12/2025,domingo,20:30:00,PR,277.0,201,PALMEIRA,Não,Ingestão de álcool pelo condutor,2.0,Colisão traseira,Com Vítimas Feridas,Plena Noite,Crescente,Céu Claro,Simples,Reta,Não,1323159.0,Automóvel,HYUNDAI/CRETA 16A ACTION,2020.0,Passageiro,Ileso,2.0,Masculino,1.0,0.0,0.0,0.0,"-25,46279776","-50,22445619",SPRF-PR,DEL08-PR,UOP02-DEL08-PR
740670.0,1660570.0,21/12/2025,domingo,20:30:00,PR,277.0,201,PALMEIRA,Não,Ingestão de álcool pelo condutor,1.0,Colisão transversal,Com Vítimas Feridas,Plena Noite,Crescente,Céu Claro,Simples,Reta,Não,1323158.0,Automóvel,HONDA/CIVIC EX CVT,2017.0,Passageiro,Lesões Leves,8.0,Masculino,0.0,1.0,0.0,0.0,"-25,46279776","-50,22445619",SPRF-PR,DEL08-PR,UOP02-DEL08-PR
740670.0,1660569.0,21/12/2025,domingo,20:30:00,PR,277.0,201,PALMEIRA,Não,Ingestão de álcool pelo condutor,1.0,Colisão transversal,Com Vítimas Feridas,Plena Noite,Crescente,Céu Claro,Simples,Reta,Não,1323158.0,Automóvel,HONDA/CIVIC EX CVT,2017.0,Passageiro,Lesões Leves,14.0,Masculino,0.0,1.0,0.0,0.0,"-25,46279776","-50,22445619",SPRF-PR,DEL08-PR,UOP02-DEL08-PR
740670.0,1660575.0,21/12/2025,domingo,20:30:00,PR,277.0,201,PALMEIRA,Não,Ingestão de álcool pelo condutor,1.0,Colisão transversal,Com Vítimas Feridas,Plena Noite,Crescente,Céu Claro,Simples,Reta,Não,1323159.0,Automóvel,HYUNDAI/CRETA 16A ACTION,2020.0,Passageiro,Ileso,2.0,Masculino,1.0,0.0,0.0,0.0,"-25,46279776","-50,22445619",SPRF-PR,DEL08-PR,UOP02-DEL08-PR
740670.0,1660570.0,21/12/2025,domingo,20:30:00,PR,277.0,201,PALMEIRA,Sim,Acessar a via sem observar a presença dos outros veículos,3.0,Saída de leito carroçável,Com Vítimas Feridas,Plena Noite,Crescente,Céu Claro,Simples,Reta,Não,1323158.0,Automóvel,HONDA/CIVIC EX CVT,2017.0,Passageiro,Lesões Leves,8.0,Masculino,0.0,1.0,0.0,0.0,"-25,46279776","-50,22445619",SPRF-PR,DEL08-PR,UOP02-DEL08-PR
740670.0,1660569.0,21/12/2025,domingo,20:30:00,PR,277.0,201,PALMEIRA,Sim,Acessar a via sem observar a presença dos outros veículos,3.0,Saída de leito carroçável,Com Vítimas Feridas,Plena Noite,Crescente,Céu Claro,Simples,Reta,Não,1323158.0,Automóvel,HONDA/CIVIC EX CVT,2017.0,Passageiro,Lesões Leves,14.0,Masculino,0.0,1.0,0.0,0.0,"-25,46279776","-50,22445619",SPRF-PR,DEL08-PR,UOP02-DEL08-PR
740670.0,1660575.0,21/12/2025,domingo,20:30:00,PR,277.0,201,PALMEIRA,Sim,Acessar a via sem observar a presença dos outros veículos,3.0,Saída de leito carroçável,Com Vítimas Feridas,Plena Noite,Crescente,Céu Claro,Simples,Reta,Não,1323159.0,Automóvel,HYUNDAI/CRETA 16A ACTION,2020.0,Passageiro,Ileso,2.0,Masculino,1.0,0.0,0.0,0.0,"-25,46279776","-50,22445619",SPRF-PR,DEL08-PR,UOP02-DEL08-PR