id,pesid,data_inversa,dia_semana,horario,uf,br,km,municipio,causa_principal,causa_acidente,ordem_tipo_acidente,tipo_acidente,classificacao_acidente,fase_dia,sentido_via,condicao_metereologica,tipo_pista,tracado_via,uso_solo,id_veiculo,tipo_veiculo,marca,ano_fabricacao_veiculo,tipo_envolvido,estado_fisico,idade,sexo,ilesos,feridos_leves,feridos_graves,mortos,latitude,longitude,regional,delegacia,uop
740670.0,1660570.0,21/12/2025,domingo,20:30:00,PR,277.0,201,PALMEIRA,Sim,Acessar a via sem observar a presença dos outros veículos,2.0,Colisão traseira,Com Vítimas Feridas,Plena Noite,Crescente,Céu Claro,Simples,Reta,Não,1323158.0,Automóvel,HONDA/CIVIC EX CVT,2017.0,Passageiro,Lesões Leves,8.0,Masculino,0.0,1.0,0.0,0.0,"-25,46279776","-50,22445619",SPRF-PR,DEL08-PR,UOP02-DEL08-PR
740670.0,1660569.0,21/12/2025,domingo,20:30:00,PR,277.0,201,PALMEIRA,Sim,Acessar a via sem observar a presença dos outros veículos,2.0,Colisão traseira,Com Vítimas Feridas,Plena Noite,Crescente,Céu Claro,Simples,Reta,Não,1323158.0,Automóvel,HONDA/CIVIC EX CVT,2017.0,Passageiro,Lesões Leves,14.0,Masculino,0.0,1.0,0.0,0.0,"-25,46279776","-50,22445619",SPRF-PR,DEL08-PR,UOP02-DEL08-PR
740670.0,1660575.0,21/12/2025,domingo,20:30:00,PR,277.0,201,PALMEIRA,Sim,Acessar a via sem observar a presença dos outros veículos,2.0,Colisão traseira,Com Vítimas Feridas,Plena Noite,Crescente,Céu Claro,Simples,Reta,Não,1323159.0,Automóvel,HYUNDAI/CRETA 16A ACTION,2020.0,Passageiro,Ileso,2.0,Masculino,1.0,0.0,0.0,0.0,"-25,46279776","-50,22445619",SPRF-PR,DEL08-PR,UOP02-DEL08-PR
740670.0,1660570.0,21/12/2025,domingo,20:30:00,PR,277.0,201,PALMEIRA,Sim,Acessar a via sem observar a presença dos outros veículos,1.0,Colisão transversal,Com Vítimas Feridas,Plena Noite,Crescente,Céu Claro,Simples,Reta,Não,1323158.0,Automóvel,HONDA/CIVIC EX CVT,2017.0,Passageiro,Lesões Leves,8.0,Masculino,0.0,1.0,0.0,0.0,"-25,46279776","-50,22445619",SPRF-PR,DEL08-PR,UOP02-DEL08-PR
740670.0,1660569.0,21/12/2025,domingo,20:30:00,PR,277.0,201,PALMEIRA,Sim,Acessar a via sem observar a presença dos outros veículos,1.0,Colisão transversal,Com Vítimas Feridas,Plena Noite,Crescente,Céu Claro,Simples,Reta,Não,1323158.0,Automóvel,HONDA/CIVIC EX CVT,2017.0,Passageiro,Lesões Leves,14.0,Masculino,0.0,1.0,0.0,0.0,"-25,46279776","-50,22445619",SPRF-PR,DEL08-PR,UOP02-DEL08-PR
740670.0,1660575.0,21/12/2025,domingo,20:30:00,PR,277.0,201,PALMEIRA,Sim,Acessar a via sem observar a presença dos outros veículos,1.0,Colisão transversal,Com Vítimas Feridas,Plena Noite,Crescente,Céu Claro,Simples,Reta,Não,1323159.0,Automóvel,HYUNDAI/CRETA 16A ACTION,2020.0,Passageiro,Ileso,2.0,Masculino,1.0,0.0,0.0,0.0,"-25,46279776","-50,22445619",SPRF-PR,DEL08-PR,UOP02-DEL08-PR
741114.0,1658868.0,23/12/2025,terça-feira,15:30:00,PR,277.0,596,CASCAVEL,Não,Reação tardia ou ineficiente do condutor,1.0,Engavetamento,Com Vítimas Feridas,Pleno dia,Crescente,Céu Claro,Simples,Reta,Sim,1323425.0,Automóvel,VW/POLO CL AD,2018.0,Passageiro,Ileso,15.0,Masculino,1.0,0.0,0.0,0.0,"-24,97958559","-53,49201892",SPRF-PR,DEL04-PR,UOP01-DEL04-PR
741114.0,1658868.0,23/12/2025,terça-feira,15:30:00,PR,277.0,596,CASCAVEL,Sim,Condutor deixou de manter distância do veículo da frente,1.0,Engavetamento,Com Vítimas Feridas,Pleno dia,Crescente,Céu Claro,Simples,Reta,Sim,1323425.0,Automóvel,VW/POLO CL AD,2018.0,Passageiro,Ileso,15.0,Masculino,1.0,0.0,0.0,0.0,"-24,97958559","-53,49201892",SPRF-PR,DEL04-PR,UOP01-DEL04-PR
741219.0,1661585.0,24/12/2025,quarta-feira,00:15:00,PR,277.0,351,GUARAPUAVA,Não,Demais falhas na via,1.0,Colisão traseira,Sem Vítimas,Plena Noite,Decrescente,Céu Claro,Simples,Viaduto;Reta,Não,1323545.0,Automóvel,CHEV/SPIN 1.8L AT ACT,2014.0,Passageiro,Ileso,4.0,Masculino,1.0,0.0,0.0,0.0,"-25,3677581","-51,4930816",SPRF-PR,DEL08-PR,UOP01-DEL08-PR
741219.0,1661585.0,24/12/2025,quarta-feira,00:15:00,PR,277.0,351,GUARAPUAVA,Não,Ausência de reação do condutor,1.0,Colisão traseira,Sem Vítimas,Plena Noite,Decrescente,Céu Claro,Simples,Viaduto;Reta,Não,1323545.0,Automóvel,CHEV/SPIN 1.8L AT ACT,2014.0,Passageiro,Ileso,4.0,Masculino,1.0,0.0,0.0,0.0,"-25,3677581","-51,4930816",SPRF-PR,DEL08-PR,UOP01-DEL08-PR
741219.0,1661585.0,24/12/2025,quarta-feira,00:15:00,PR,277.0,351,GUARAPUAVA,Sim,Condutor deixou de manter distância do veículo da frente,1.0,Colisão traseira,Sem Vítimas,Plena Noite,Decrescente,Céu Claro,Simples,Viaduto;Reta,Não,1323545.0,Automóvel,CHEV/SPIN 1.8L AT ACT,2014.0,Passageiro,Ileso,4.0,Masculino,1.0,0.0,0.0,0.0,"-25,3677581","-51,4930816",SPRF-PR,DEL08-PR,UOP01-DEL08-PR
741219.0,1661585.0,24/12/2025,quarta-feira,00:15:00,PR,277.0,351,GUARAPUAVA,Não,Condutor Dormindo,1.0,Colisão traseira,Sem Vítimas,Plena Noite,Decrescente,Céu Claro,Simples,Viaduto;Reta,Não,1323545.0,Automóvel,CHEV/SPIN 1.8L AT ACT,2014.0,Passageiro,Ileso,4.0,Masculino,1.0,0.0,0.0,0.0,"-25,3677581","-51,4930816",SPRF-PR,DEL08-PR,UOP01-DEL08-PR
741219.0,1661585.0,24/12/2025,quarta-feira,00:15:00,PR,277.0,351,GUARAPUAVA,Não,Ingestão de álcool pelo condutor,1.0,Colisão traseira,Sem Vítimas,Plena Noite,Decrescente,Céu Claro,Simples,Viaduto;Reta,Não,1323545.0,Automóvel,CHEV/SPIN 1.8L AT ACT,2014.0,Passageiro,Ileso,4.0,Masculino,1.0,0.0,0.0,0.0,"-25,3677581","-51,4930816",SPRF-PR,DEL08-PR,UOP01-DEL08-PR
741230.0,1659389.0,23/12/2025,terça-feira,22:50:00,PR,277.0,"430,9",CANTAGALO,Sim,Demais falhas mecânicas ou elétricas,2.0,Saída de leito carroçável,Com Vítimas Feridas,Plena Noite,Crescente,Nublado,Simples,Curva;Declive,Não,1323557.0,Automóvel,HYUNDAI/HB20 1.0M COMFOR,2015.0,Passageiro,Lesões Leves,9.0,Feminino,0.0,1.0,0.0,0.0,"-25,3857556","-52,1679528",SPRF-PR,DEL04-PR,UOP02-DEL04-PR
741230.0,1659214.0,23/12/2025,terça-feira,22:50:00,PR,277.0,"430,9",CANTAGALO,Sim,Demais falhas mecânicas ou elétricas,2.0,Saída de leito carroçável,Com Vítimas Feridas,Plena Noite,Crescente,Nublado,Simples,Curva;Declive,Não,1323555.0,Caminhão,VW/9.160 DRC 4X2,2012.0,Passageiro,Ileso,16.0,Feminino,1.0,0.0,0.0,0.0,"-25,3857556","-52,1679528",SPRF-PR,DEL04-PR,UOP02-DEL04-PR
741230.0,1659389.0,23/12/2025,terça-feira,22:50:00,PR,277.0,"430,9",CANTAGALO,Sim,Demais falhas mecânicas ou elétricas,1.0,Colisão frontal,Com Vítimas Feridas,Plena Noite,Crescente,Nublado,Simples,Curva;Declive,Não,1323557.0,Automóvel,HYUNDAI/HB20 1.0M COMFOR,2015.0,Passageiro,Lesões Leves,9.0,Feminino,0.0,1.0,0.0,0.0,"-25,3857556","-52,1679528",SPRF-PR,DEL04-PR,UOP02-DEL04-PR
741230.0,1659214.0,23/12/2025,terça-feira,22:50:00,PR,277.0,"430,9",CANTAGALO,Sim,Demais falhas mecânicas ou elétricas,1.0,Colisão frontal,Com Vítimas Feridas,Plena Noite,Crescente,Nublado,Simples,Curva;Declive,Não,1323555.0,Caminhão,VW/9.160 DRC 4X2,2012.0,Passageiro,Ileso,16.0,Feminino,1.0,0.0,0.0,0.0,"-25,3857556","-52,1679528",SPRF-PR,DEL04-PR,UOP02-DEL04-PR
741346.0,1659481.0,24/12/2025,quarta-feira,16:10:00,PR,277.0,"673,3",MEDIANEIRA,Sim,Velocidade Incompatível,2.0,Colisão com objeto,Com Vítimas Feridas,Pleno dia,Crescente,Céu Claro,Dupla,Reta,Sim,1323796.0,Automóvel,I/PEUGEOT 207HB XR,2011.0,Passageiro,Lesões Leves,9.0,Feminino,0.0,1.0,0.0,0.0,"-25,28662485","-54,09336297",SPRF-PR,DEL05-PR,UOP01-DEL05-PR
741346.0,1659481.0,24/12/2025,quarta-feira,16:10:00,PR,277.0,"673,3",MEDIANEIRA,Sim,Velocidade Incompatível,1.0,Colisão traseira,Com Vítimas Feridas,Pleno dia,Crescente,Céu Claro,Dupla,Reta,Sim,1323796.0,Automóvel,I/PEUGEOT 207HB XR,2011.0,Passageiro,Lesões Leves,9.0,Feminino,0.0,1.0,0.0,0.0,"-25,28662485","-54,09336297",SPRF-PR,DEL05-PR,UOP01-DEL05-PR
741442.0,1660488.0,25/12/2025,quinta-feira,01:00:00,PR,277.0,"3,5",PARANAGUA,Sim,Ingestão de álcool pelo condutor,1.0,Colisão frontal,Com Vítimas Feridas,Plena Noite,Crescente,Garoa/Chuvisco,Múltipla,Rotatória,Sim,1323942.0,Automóvel,PEUGEOT/208 ACTIVE MT,2017.0,Passageiro,Lesões Leves,3.0,Feminino,0.0,1.0,0.0,0.0,"-25,54630293","-48,56018957",SPRF-PR,DEL01-PR,UOP05-DEL01-PR
741442.0,1660486.0,25/12/2025,quinta-feira,01:00:00,PR,277.0,"3,5",PARANAGUA,Sim,Ingestão de álcool pelo condutor,1.0,Colisão frontal,Com Vítimas Feridas,Plena Noite,Crescente,Garoa/Chuvisco,Múltipla,Rotatória,Sim,1323942.0,Automóvel,PEUGEOT/208 ACTIVE MT,2017.0,Passageiro,Lesões Leves,12.0,Feminino,0.0,1.0,0.0,0.0,"-25,54630293","-48,56018957",SPRF-PR,DEL01-PR,UOP05-DEL01-PR
741636.0,1660299.0,25/12/2025,quinta-feira,23:10:00,PR,376.0,"658,4",TIJUCAS DO SUL,Sim,Condutor Dormindo,2.0,Colisão com objeto,Com Vítimas Feridas,Plena Noite,Crescente,Nublado,Simples,Aclive,Não,1324268.0,Caminhão-trator,SCANIA/R114LA6X2NA 380,2007.0,Passageiro,Lesões Leves,14.0,Feminino,0.0,1.0,0.0,0.0,"-25,850402","-49,011208",SPRF-PR,DEL01-PR,UOP04-DEL01-PR
741636.0,1660299.0,25/12/2025,quinta-feira,23:10:00,PR,376.0,"658,4",TIJUCAS DO SUL,Sim,Condutor Dormindo,1.0,Saída de leito carroçável,Com Vítimas Feridas,Plena Noite,Crescente,Nublado,Simples,Aclive,Não,1324268.0,Caminhão-trator,SCANIA/R114LA6X2NA 380,2007.0,Passageiro,Lesões Leves,14.0,Feminino,0.0,1.0,0.0,0.0,"-25,850402","-49,011208",SPRF-PR,DEL01-PR,UOP04-DEL01-PR
741679.0,1660475.0,26/12/2025,sexta-feira,09:20:00,PR,277.0,54,MORRETES,Sim,Reação tardia ou ineficiente do condutor,1.0,Engavetamento,Sem Vítimas,Pleno dia,Decrescente,Céu Claro,Dupla,Reta;Aclive,Não,1324366.0,Automóvel,I/RENAULT CLIO CAM1016VH,2011.0,Passageiro,Ileso,14.0,Feminino,1.0,0.0,0.0,0.0,"-25,5803821","-48,86341095",SPRF-PR,DEL01-PR,UOP05-DEL01-PR
741679.0,1660470.0,26/12/2025,sexta-feira,09:20:00,PR,277.0,54,MORRETES,Sim,Reação tardia ou ineficiente do condutor,1.0,Engavetamento,Sem Vítimas,Pleno dia,Decrescente,Céu Claro,Dupla,Reta;Aclive,Não,1324361.0,Automóvel,FIAT/UNO ATTRACTIVE 1.0,2020.0,Passageiro,Ileso,2.0,Masculino,1.0,0.0,0.0,0.0,"-25,5803821","-48,86341095",SPRF-PR,DEL01-PR,UOP05-DEL01-PR
741679.0,1660469.0,26/12/2025,sexta-feira,09:20:00,PR,277.0,54,MORRETES,Sim,Reação tardia ou ineficiente do condutor,1.0,Engavetamento,Sem Vítimas,Pleno dia,Decrescente,Céu Claro,Dupla,Reta;Aclive,Não,1324361.0,Automóvel,FIAT/UNO ATTRACTIVE 1.0,2020.0,Passageiro,Ileso,4.0,Feminino,1.0,0.0,0.0,0.0,"-25,5803821","-48,86341095",SPRF-PR,DEL01-PR,UOP05-DEL01-PR
741892.0,1660993.0,27/12/2025,sábado,06:00:00,PR,277.0,168,PALMEIRA,Não,Demais falhas na via,3.0,Capotamento,Com Vítimas Feridas,Amanhecer,Crescente,Céu Claro,Simples,Reta,Não,1324731.0,Caminhonete,FIAT/STRADA WORKING CD,2011.0,Passageiro,Lesões Leves,8.0,Feminino,0.0,1.0,0.0,0.0,"-25,4635","-49,9267",SPRF-PR,DEL03-PR,UOP03-DEL03-PR
741892.0,1662850.0,27/12/2025,sábado,06:00:00,PR,277.0,168,PALMEIRA,Não,Demais falhas na via,3.0,Capotamento,Com Vítimas Feridas,Amanhecer,Crescente,Céu Claro,Simples,Reta,Não,1324739.0,Camioneta,I/HYUNDAI TUCSON GLS 20L,2009.0,Passageiro,Lesões Leves,0.0,Feminino,0.0,1.0,0.0,0.0,"-25,4635","-49,9267",SPRF-PR,DEL03-PR,UOP03-DEL03-PR
741892.0,1662845.0,27/12/2025,sábado,06:00:00,PR,277.0,168,PALMEIRA,Não,Demais falhas na via,3.0,Capotamento,Com Vítimas Feridas,Amanhecer,Crescente,Céu Claro,Simples,Reta,Não,1324739.0,Camioneta,I/HYUNDAI TUCSON GLS 20L,2009.0,Passageiro,Lesões Leves,10.0,Masculino,0.0,1.0,0.0,0.0,"-25,4635","-49,9267",SPRF-PR,DEL03-PR,UOP03-DEL03-PR
741892.0,1660993.0,27/12/2025,sábado,06:00:00,PR,277.0,168,PALMEIRA,Não,Demais falhas na via,2.0,Incêndio,Com Vítimas Feridas,Amanhecer,Crescente,Céu Claro,Simples,Reta,Não,1324731.0,Caminhonete,FIAT/STRADA WORKING CD,2011.0,Passageiro,Lesões Leves,8.0,Feminino,0.0,1.0,0.0,0.0,"-25,4635","-49,9267",SPRF-PR,DEL03-PR,UOP03-DEL03-PR
741892.0,1662850.0,27/12/2025,sábado,06:00:00,PR,277.0,168,PALMEIRA,Não,Demais falhas na via,2.0,Incêndio,Com Vítimas Feridas,Amanhecer,Crescente,Céu Claro,Simples,Reta,Não,1324739.0,Camioneta,I/HYUNDAI TUCSON GLS 20L,2009.0,Passageiro,Lesões Leves,0.0,Feminino,0.0,1.0,0.0,0.0,"-25,4635","-49,9267",SPRF-PR,DEL03-PR,UOP03-DEL03-PR
741892.0,1662845.0,27/12/2025,sábado,06:00:00,PR,277.0,168,PALMEIRA,Não,Demais falhas na via,2.0,Incêndio,Com Vítimas Feridas,Amanhecer,Crescente,Céu Claro,Simples,Reta,Não,1324739.0,Camioneta,I/HYUNDAI TUCSON GLS 20L,2009.0,Passageiro,Lesões Leves,10.0,Masculino,0.0,1.0,0.0,0.0,"-25,4635","-49,9267",SPRF-PR,DEL03-PR,UOP03-DEL03-PR
741892.0,1660993.0,27/12/2025,sábado,06:00:00,PR,277.0,168,PALMEIRA,Não,Demais falhas na via,1.0,Colisão frontal,Com Vítimas Feridas,Amanhecer,Crescente,Céu Claro,Simples,Reta,Não,1324731.0,Caminhonete,FIAT/STRADA WORKING CD,2011.0,Passageiro,Lesões Leves,8.0,Feminino,0.0,1.0,0.0,0.0,"-25,4635","-49,9267",SPRF-PR,DEL03-PR,UOP03-DEL03-PR
741892.0,1662850.0,27/12/2025,sábado,06:00:00,PR,277.0,168,PALMEIRA,Não,Demais falhas na via,1.0,Colisão frontal,Com Vítimas Feridas,Amanhecer,Crescente,Céu Claro,Simples,Reta,Não,1324739.0,Camioneta,I/HYUNDAI TUCSON GLS 20L,2009.0,Passageiro,Lesões Leves,0.0,Feminino,0.0,1.0,0.0,0.0,"-25,4635","-49,9267",SPRF-PR,DEL03-PR,UOP03-DEL03-PR
741892.0,1662845.0,27/12/2025,sábado,06:00:00,PR,277.0,168,PALMEIRA,Não,Demais falhas na via,1.0,Colisão frontal,Com Vítimas Feridas,Amanhecer,Crescente,Céu Claro,Simples,Reta,Não,1324739.0,Camioneta,I/HYUNDAI TUCSON GLS 20L,2009.0,Passageiro,Lesões Leves,10.0,Masculino,0.0,1.0,0.0,0.0,"-25,4635","-49,9267",SPRF-PR,DEL03-PR,UOP03-DEL03-PR
741892.0,1660993.0,27/12/2025,sábado,06:00:00,PR,277.0,168,PALMEIRA,Não,Ausência de reação do condutor,3.0,Capotamento,Com Vítimas Feridas,Amanhecer,Crescente,Céu Claro,Simples,Reta,Não,1324731.0,Caminhonete,FIAT/STRADA WORKING CD,2011.0,Passageiro,Lesões Leves,8.0,Feminino,0.0,1.0,0.0,0.0,"-25,4635","-49,9267",SPRF-PR,DEL03-PR,UOP03-DEL03-PR
741892.0,1662850.0,27/12/2025,sábado,06:00:00,PR,277.0,168,PALMEIRA,Não,Ausência de reação do condutor,3.0,Capotamento,Com Vítimas Feridas,Amanhecer,Crescente,Céu Claro,Simples,Reta,Não,1324739.0,Camioneta,I/HYUNDAI TUCSON GLS 20L,2009.0,Passageiro,Lesões Leves,0.0,Feminino,0.0,1.0,0.0,0.0,"-25,4635","-49,9267",SPRF-PR,DEL03-PR,UOP03-DEL03-PR
741892.0,1662845.0,27/12/2025,sábado,06:00:00,PR,277.0,168,PALMEIRA,Não,Ausência de reação do condutor,3.0,Capotamento,Com Vítimas Feridas,Amanhecer,Crescente,Céu Claro,Simples,Reta,Não,1324739.0,Camioneta,I/HYUNDAI TUCSON GLS 20L,2009.0,Passageiro,Lesões Leves,10.0,Masculino,0.0,1.0,0.0,0.0,"-25,4635","-49,9267",SPRF-PR,DEL03-PR,UOP03-DEL03-PR
741892.0,1660993.0,27/12/2025,sábado,06:00:00,PR,277.0,168,PALMEIRA,Não,Ausência de reação do condutor,2.0,Incêndio,Com Vítimas Feridas,Amanhecer,Crescente,Céu Claro,Simples,Reta,Não,1324731.0,Caminhonete,FIAT/STRADA WORKING CD,2011.0,Passageiro,Lesões Leves,8.0,Feminino,0.0,1.0,0.0,0.0,"-25,4635","-49,9267",SPRF-PR,DEL03-PR,UOP03-DEL03-PR
741892.0,1662850.0,27/12/2025,sábado,06:00:00,PR,277.0,168,PALMEIRA,Não,Ausência de reação do condutor,2.0,Incêndio,Com Vítimas Feridas,Amanhecer,Crescente,Céu Claro,Simples,Reta,Não,1324739.0,Camioneta,I/HYUNDAI TUCSON GLS 20L,2009.0,Passageiro,Lesões Leves,0.0,Feminino,0.0,1.0,0.0,0.0,"-25,4635","-49,9267",SPRF-PR,DEL03-PR,UOP03-DEL03-PR
741892.0,1662845.0,27/12/2025,sábado,06:00:00,PR,277.0,168,PALMEIRA,Não,Ausência de reação do condutor,2.0,Incêndio,Com Vítimas Feridas,Amanhecer,Crescente,Céu Claro,Simples,Reta,Não,1324739.0,Camioneta,I/HYUNDAI TUCSON GLS 20L,2009.0,Passageiro,Lesões Leves,10.0,Masculino,0.0,1.0,0.0,0.0,"-25,4635","-49,9267",SPRF-PR,DEL03-PR,UOP03-DEL03-PR
741892.0,1660993.0,27/12/2025,sábado,06:00:00,PR,277.0,168,PALMEIRA,Não,Ausência de reação do condutor,1.0,Colisão frontal,Com Vítimas Feridas,Amanhecer,Crescente,Céu Claro,Simples,Reta,Não,1324731.0,Caminhonete,FIAT/STRADA WORKING CD,2011.0,Passageiro,Lesões Leves,8.0,Feminino,0.0,1.0,0.0,0.0,"-25,4635","-49,9267",SPRF-PR,DEL03-PR,UOP03-DEL03-PR
741892.0,1662850.0,27/12/2025,sábado,06:00:00,PR,277.0,168,PALMEIRA,Não,Ausência de reação do condutor,1.0,Colisão frontal,Com Vítimas Feridas,Amanhecer,Crescente,Céu Claro,Simples,Reta,Não,1324739.0,Camioneta,I/HYUNDAI TUCSON GLS 20L,2009.0,Passageiro,Lesões Leves,0.0,Feminino,0.0,1.0,0.0,0.0,"-25,4635","-49,9267",SPRF-PR,DEL03-PR,UOP03-DEL03-PR
741892.0,1662845.0,27/12/2025,sábado,06:00:00,PR,277.0,168,PALMEIRA,Não,Ausência de reação do condutor,1.0,Colisão frontal,Com Vítimas Feridas,Amanhecer,Crescente,Céu Claro,Simples,Reta,Não,1324739.0,Camioneta,I/HYUNDAI TUCSON GLS 20L,2009.0,Passageiro,Lesões Leves,10.0,Masculino,0.0,1.0,0.0,0.0,"-25,4635","-49,9267",SPRF-PR,DEL03-PR,UOP03-DEL03-PR
741892.0,1660993.0,27/12/2025,sábado,06:00:00,PR,277.0,168,PALMEIRA,Não,Problema na suspensão,3.0,Capotamento,Com Vítimas Feridas,Amanhecer,Crescente,Céu Claro,Simples,Reta,Não,1324731.0,Caminhonete,FIAT/STRADA WORKING CD,2011.0,Passageiro,Lesões Leves,8.0,Feminino,0.0,1.0,0.0,0.0,"-25,4635","-49,9267",SPRF-PR,DEL03-PR,UOP03-DEL03-PR
741892.0,1662850.0,27/12/2025,sábado,06:00:00,PR,277.0,168,PALMEIRA,Não,Problema na suspensão,3.0,Capotamento,Com Vítimas Feridas,Amanhecer,Crescente,Céu Claro,Simples,Reta,Não,1324739.0,Camioneta,I/HYUNDAI TUCSON GLS 20L,2009.0,Passageiro,Lesões Leves,0.0,Feminino,0.0,1.0,0.0,0.0,"-25,4635","-49,9267",SPRF-PR,DEL03-PR,UOP03-DEL03-PR
741892.0,1662845.0,27/12/2025,sábado,06:00:00,PR,277.0,168,PALMEIRA,Não,Problema na suspensão,3.0,Capotamento,Com Vítimas Feridas,Amanhecer,Crescente,Céu Claro,Simples,Reta,Não,1324739.0,Camioneta,I/HYUNDAI TUCSON GLS 20L,2009.0,Passageiro,Lesões Leves,10.0,Masculino,0.0,1.0,0.0,0.0,"-25,4635","-49,9267",SPRF-PR,DEL03-PR,UOP03-DEL03-PR
741892.0,1660993.0,27/12/2025,sábado,06:00:00,PR,277.0,168,PALMEIRA,Não,Problema na suspensão,2.0,Incêndio,Com Vítimas Feridas,Amanhecer,Crescente,Céu Claro,Simples,Reta,Não,1324731.0,Caminhonete,FIAT/STRADA WORKING CD,2011.0,Passageiro,Lesões Leves,8.0,Feminino,0.0,1.0,0.0,0.0,"-25,4635","-49,9267",SPRF-PR,DEL03-PR,UOP03-DEL03-PR
741892.0,1662850.0,27/12/2025,sábado,06:00:00,PR,277.0,168,PALMEIRA,Não,Problema na suspensão,2.0,Incêndio,Com Vítimas Feridas,Amanhecer,Crescente,Céu Claro,Simples,Reta,Não,1324739.0,Camioneta,I/HYUNDAI TUCSON GLS 20L,2009.0,Passageiro,Lesões Leves,0.0,Feminino,0.0,1.0,0.0,0.0,"-25,4635","-49,9267",SPRF-PR,DEL03-PR,UOP03-DEL03-PR
741892.0,1662845.0,27/12/2025,sábado,06:00:00,PR,277.0,168,PALMEIRA,Não,Problema na suspensão,2.0,Incêndio,Com Vítimas Feridas,Amanhecer,Crescente,Céu Claro,Simples,Reta,Não,1324739.0,Camioneta,I/HYUNDAI TUCSON GLS 20L,2009.0,Passageiro,Lesões Leves,10.0,Masculino,0.0,1.0,0.0,0.0,"-25,4635","-49,9267",SPRF-PR,DEL03-PR,UOP03-DEL03-PR
741892.0,1660993.0,27/12/2025,sábado,06:00:00,PR,277.0,168,PALMEIRA,Não,Problema na suspensão,1.0,Colisão frontal,Com Vítimas Feridas,Amanhecer,Crescente,Céu Claro,Simples,Reta,Não,1324731.0,Caminhonete,FIAT/STRADA WORKING CD,2011.0,Passageiro,Lesões Leves,8.0,Feminino,0.0,1.0,0.0,0.0,"-25,4635","-49,9267",SPRF-PR,DEL03-PR,UOP03-DEL03-PR
741892.0,1662850.0,27/12/2025,sábado,06:00:00,PR,277.0,168,PALMEIRA,Não,Problema na suspensão,1.0,Colisão frontal,Com Vítimas Feridas,Amanhecer,Crescente,Céu Claro,Simples,Reta,Não,1324739.0,Camioneta,I/HYUNDAI TUCSON GLS 20L,2009.0,Passageiro,Lesões Leves,0.0,Feminino,0.0,1.0,0.0,0.0,"-25,4635","-49,9267",SPRF-PR,DEL03-PR,UOP03-DEL03-PR
741892.0,1662845.0,27/12/2025,sábado,06:00:00,PR,277.0,168,PALMEIRA,Não,Problema na suspensão,1.0,Colisão frontal,Com Vítimas Feridas,Amanhecer,Crescente,Céu Claro,Simples,Reta,Não,1324739.0,Camioneta,I/HYUNDAI TUCSON GLS 20L,2009.0,Passageiro,Lesões Leves,10.0,Masculino,0.0,1.0,0.0,0.0,"-25,4635","-49,9267",SPRF-PR,DEL03-PR,UOP03-DEL03-PR
741892.0,1660993.0,27/12/2025,sábado,06:00:00,PR,277.0,168,PALMEIRA,Não,Velocidade Incompatível,3.0,Capotamento,Com Vítimas Feridas,Amanhecer,Crescente,Céu Claro,Simples,Reta,Não,1324731.0,Caminhonete,FIAT/STRADA WORKING CD,2011.0,Passageiro,Lesões Leves,8.0,Feminino,0.0,1.0,0.0,0.0,"-25,4635","-49,9267",SPRF-PR,DEL03-PR,UOP03-DEL03-PR
741892.0,1662850.0,27/12/2025,sábado,06:00:00,PR,277.0,168,PALMEIRA,Não,Velocidade Incompatível,3.0,Capotamento,Com Vítimas Feridas,Amanhecer,Crescente,Céu Claro,Simples,Reta,Não,1324739.0,Camioneta,I/HYUNDAI TUCSON GLS 20L,2009.0,Passageiro,Lesões Leves,0.0,Feminino,0.0,1.0,0.0,0.0,"-25,4635","-49,9267",SPRF-PR,DEL03-PR,UOP03-DEL03-PR
741892.0,1662845.0,27/12/2025,sábado,06:00:00,PR,277.0,168,PALMEIRA,Não,Velocidade Incompatível,3.0,Capotamento,Com Vítimas Feridas,Amanhecer,Crescente,Céu Claro,Simples,Reta,Não,1324739.0,Camioneta,I/HYUNDAI TUCSON GLS 20L,2009.0,Passageiro,Lesões Leves,10.0,Masculino,0.0,1.0,0.0,0.0,"-25,4635","-49,9267",SPRF-PR,DEL03-PR,UOP03-DEL03-PR
741892.0,1660993.0,27/12/2025,sábado,06:00:00,PR,277.0,168,PALMEIRA,Não,Velocidade Incompatível,2.0,Incêndio,Com Vítimas Feridas,Amanhecer,Crescente,Céu Claro,Simples,Reta,Não,1324731.0,Caminhonete,FIAT/STRADA WORKING CD,2011.0,Passageiro,Lesões Leves,8.0,Feminino,0.0,1.0,0.0,0.0,"-25,4635","-49,9267",SPRF-PR,DEL03-PR,UOP03-DEL03-PR
741892.0,1662850.0,27/12/2025,sábado,06:00:00,PR,277.0,168,PALMEIRA,Não,Velocidade Incompatível,2.0,Incêndio,Com Vítimas Feridas,Amanhecer,Crescente,Céu Claro,Simples,Reta,Não,1324739.0,Camioneta,I/HYUNDAI TUCSON GLS 20L,2009.0,Passageiro,Lesões Leves,0.0,Feminino,0.0,1.0,0.0,0.0,"-25,4635","-49,9267",SPRF-PR,DEL03-PR,UOP03-DEL03-PR
741892.0,1662845.0,27/12/2025,sábado,06:00:00,PR,277.0,168,PALMEIRA,Não,Velocidade Incompatível,2.0,Incêndio,Com Vítimas Feridas,Amanhecer,Crescente,Céu Claro,Simples,Reta,Não,1324739.0,Camioneta,I/HYUNDAI TUCSON GLS 20L,2009.0,Passageiro,Lesões Leves,10.0,Masculino,0.0,1.0,0.0,0.0,"-25,4635","-49,9267",SPRF-PR,DEL03-PR,UOP03-DEL03-PR