id,pesid,data_inversa,dia_semana,horario,uf,br,km,municipio,causa_principal,causa_acidente,ordem_tipo_acidente,tipo_acidente,classificacao_acidente,fase_dia,sentido_via,condicao_metereologica,tipo_pista,tracado_via,uso_solo,id_veiculo,tipo_veiculo,marca,ano_fabricacao_veiculo,tipo_envolvido,estado_fisico,idade,sexo,ilesos,feridos_leves,feridos_graves,mortos,latitude,longitude,regional,delegacia,uop
741892.0,1660993.0,27/12/2025,sábado,06:00:00,PR,277.0,168,PALMEIRA,Não,Velocidade Incompatível,1.0,Colisão frontal,Com Vítimas Feridas,Amanhecer,Crescente,Céu Claro,Simples,Reta,Não,1324731.0,Caminhonete,FIAT/STRADA WORKING CD,2011.0,Passageiro,Lesões Leves,8.0,Feminino,0.0,1.0,0.0,0.0,"-25,4635","-49,9267",SPRF-PR,DEL03-PR,UOP03-DEL03-PR
741892.0,1662850.0,27/12/2025,sábado,06:00:00,PR,277.0,168,PALMEIRA,Não,Velocidade Incompatível,1.0,Colisão frontal,Com Vítimas Feridas,Amanhecer,Crescente,Céu Claro,Simples,Reta,Não,1324739.0,Camioneta,I/HYUNDAI TUCSON GLS 20L,2009.0,Passageiro,Lesões Leves,0.0,Feminino,0.0,1.0,0.0,0.0,"-25,4635","-49,9267",SPRF-PR,DEL03-PR,UOP03-DEL03-PR
741892.0,1662845.0,27/12/2025,sábado,06:00:00,PR,277.0,168,PALMEIRA,Não,Velocidade Incompatível,1.0,Colisão frontal,Com Vítimas Feridas,Amanhecer,Crescente,Céu Claro,Simples,Reta,Não,1324739.0,Camioneta,I/HYUNDAI TUCSON GLS 20L,2009.0,Passageiro,Lesões Leves,10.0,Masculino,0.0,1.0,0.0,0.0,"-25,4635","-49,9267",SPRF-PR,DEL03-PR,UOP03-DEL03-PR
741892.0,1660993.0,27/12/2025,sábado,06:00:00,PR,277.0,168,PALMEIRA,Sim,Curva acentuada,3.0,Capotamento,Com Vítimas Feridas,Amanhecer,Crescente,Céu Claro,Simples,Reta,Não,1324731.0,Caminhonete,FIAT/STRADA WORKING CD,2011.0,Passageiro,Lesões Leves,8.0,Feminino,0.0,1.0,0.0,0.0,"-25,4635","-49,9267",SPRF-PR,DEL03-PR,UOP03-DEL03-PR
741892.0,1662850.0,27/12/2025,sábado,06:00:00,PR,277.0,168,PALMEIRA,Sim,Curva acentuada,3.0,Capotamento,Com Vítimas Feridas,Amanhecer,Crescente,Céu Claro,Simples,Reta,Não,1324739.0,Camioneta,I/HYUNDAI TUCSON GLS 20L,2009.0,Passageiro,Lesões Leves,0.0,Feminino,0.0,1.0,0.0,0.0,"-25,4635","-49,9267",SPRF-PR,DEL03-PR,UOP03-DEL03-PR
741892.0,1662845.0,27/12/2025,sábado,06:00:00,PR,277.0,168,PALMEIRA,Sim,Curva acentuada,3.0,Capotamento,Com Vítimas Feridas,Amanhecer,Crescente,Céu Claro,Simples,Reta,Não,1324739.0,Camioneta,I/HYUNDAI TUCSON GLS 20L,2009.0,Passageiro,Lesões Leves,10.0,Masculino,0.0,1.0,0.0,0.0,"-25,4635","-49,9267",SPRF-PR,DEL03-PR,UOP03-DEL03-PR
741892.0,1660993.0,27/12/2025,sábado,06:00:00,PR,277.0,168,PALMEIRA,Sim,Curva acentuada,2.0,Incêndio,Com Vítimas Feridas,Amanhecer,Crescente,Céu Claro,Simples,Reta,Não,1324731.0,Caminhonete,FIAT/STRADA WORKING CD,2011.0,Passageiro,Lesões Leves,8.0,Feminino,0.0,1.0,0.0,0.0,"-25,4635","-49,9267",SPRF-PR,DEL03-PR,UOP03-DEL03-PR
741892.0,1662850.0,27/12/2025,sábado,06:00:00,PR,277.0,168,PALMEIRA,Sim,Curva acentuada,2.0,Incêndio,Com Vítimas Feridas,Amanhecer,Crescente,Céu Claro,Simples,Reta,Não,1324739.0,Camioneta,I/HYUNDAI TUCSON GLS 20L,2009.0,Passageiro,Lesões Leves,0.0,Feminino,0.0,1.0,0.0,0.0,"-25,4635","-49,9267",SPRF-PR,DEL03-PR,UOP03-DEL03-PR
741892.0,1662845.0,27/12/2025,sábado,06:00:00,PR,277.0,168,PALMEIRA,Sim,Curva acentuada,2.0,Incêndio,Com Vítimas Feridas,Amanhecer,Crescente,Céu Claro,Simples,Reta,Não,1324739.0,Camioneta,I/HYUNDAI TUCSON GLS 20L,2009.0,Passageiro,Lesões Leves,10.0,Masculino,0.0,1.0,0.0,0.0,"-25,4635","-49,9267",SPRF-PR,DEL03-PR,UOP03-DEL03-PR
741892.0,1660993.0,27/12/2025,sábado,06:00:00,PR,277.0,168,PALMEIRA,Sim,Curva acentuada,1.0,Colisão frontal,Com Vítimas Feridas,Amanhecer,Crescente,Céu Claro,Simples,Reta,Não,1324731.0,Caminhonete,FIAT/STRADA WORKING CD,2011.0,Passageiro,Lesões Leves,8.0,Feminino,0.0,1.0,0.0,0.0,"-25,4635","-49,9267",SPRF-PR,DEL03-PR,UOP03-DEL03-PR
741892.0,1662850.0,27/12/2025,sábado,06:00:00,PR,277.0,168,PALMEIRA,Sim,Curva acentuada,1.0,Colisão frontal,Com Vítimas Feridas,Amanhecer,Crescente,Céu Claro,Simples,Reta,Não,1324739.0,Camioneta,I/HYUNDAI TUCSON GLS 20L,2009.0,Passageiro,Lesões Leves,0.0,Feminino,0.0,1.0,0.0,0.0,"-25,4635","-49,9267",SPRF-PR,DEL03-PR,UOP03-DEL03-PR
741892.0,1662845.0,27/12/2025,sábado,06:00:00,PR,277.0,168,PALMEIRA,Sim,Curva acentuada,1.0,Colisão frontal,Com Vítimas Feridas,Amanhecer,Crescente,Céu Claro,Simples,Reta,Não,1324739.0,Camioneta,I/HYUNDAI TUCSON GLS 20L,2009.0,Passageiro,Lesões Leves,10.0,Masculino,0.0,1.0,0.0,0.0,"-25,4635","-49,9267",SPRF-PR,DEL03-PR,UOP03-DEL03-PR
741931.0,1661176.0,27/12/2025,sábado,11:50:00,PR,277.0,24,MORRETES,Sim,Manobra de mudança de faixa,2.0,Queda de ocupante de veículo,Com Vítimas Feridas,Pleno dia,Crescente,Céu Claro,Dupla,Reta,Não,1324850.0,Motocicleta,HONDA/CG 160 FAN,0.0,Condutor,Lesões Leves,16.0,Masculino,0.0,1.0,0.0,0.0,"-25,52839171","-48,74251692",SPRF-PR,DEL01-PR,UOP05-DEL01-PR
741931.0,1661176.0,27/12/2025,sábado,11:50:00,PR,277.0,24,MORRETES,Sim,Manobra de mudança de faixa,1.0,Colisão lateral mesmo sentido,Com Vítimas Feridas,Pleno dia,Crescente,Céu Claro,Dupla,Reta,Não,1324850.0,Motocicleta,HONDA/CG 160 FAN,0.0,Condutor,Lesões Leves,16.0,Masculino,0.0,1.0,0.0,0.0,"-25,52839171","-48,74251692",SPRF-PR,DEL01-PR,UOP05-DEL01-PR
741992.0,1661358.0,27/12/2025,sábado,16:50:00,PR,376.0,464,PONTA GROSSA,Sim,Chuva,1.0,Saída de leito carroçável,Com Vítimas Feridas,Pleno dia,Crescente,Chuva,Dupla,Reta,Não,1324974.0,Caminhonete,RENAULT/OROCH EXP 16 SCE,2018.0,Passageiro,Ileso,1.0,Feminino,1.0,0.0,0.0,0.0,"-25,016239","-50,337761",SPRF-PR,DEL03-PR,UOP01-DEL03-PR
741992.0,1661357.0,27/12/2025,sábado,16:50:00,PR,376.0,464,PONTA GROSSA,Sim,Chuva,1.0,Saída de leito carroçável,Com Vítimas Feridas,Pleno dia,Crescente,Chuva,Dupla,Reta,Não,1324974.0,Caminhonete,RENAULT/OROCH EXP 16 SCE,2018.0,Passageiro,Ileso,7.0,Masculino,1.0,0.0,0.0,0.0,"-25,016239","-50,337761",SPRF-PR,DEL03-PR,UOP01-DEL03-PR
741999.0,1661260.0,27/12/2025,sábado,17:30:00,PR,163.0,"215,9",CASCAVEL,Sim,Demais falhas mecânicas ou elétricas,3.0,Colisão com objeto,Com Vítimas Feridas,Pleno dia,Decrescente,Céu Claro,Dupla,Aclive;Reta,Não,1324904.0,Automóvel,PEUGEOT/2008 CROSS EAT6,2018.0,Passageiro,Ileso,8.0,Masculino,1.0,0.0,0.0,0.0,"-24,8781432","-53,5616381",SPRF-PR,DEL04-PR,UOP01-DEL04-PR
741999.0,1661261.0,27/12/2025,sábado,17:30:00,PR,163.0,"215,9",CASCAVEL,Sim,Demais falhas mecânicas ou elétricas,3.0,Colisão com objeto,Com Vítimas Feridas,Pleno dia,Decrescente,Céu Claro,Dupla,Aclive;Reta,Não,1324904.0,Automóvel,PEUGEOT/2008 CROSS EAT6,2018.0,Passageiro,Ileso,2.0,Feminino,1.0,0.0,0.0,0.0,"-24,8781432","-53,5616381",SPRF-PR,DEL04-PR,UOP01-DEL04-PR
741999.0,1661260.0,27/12/2025,sábado,17:30:00,PR,163.0,"215,9",CASCAVEL,Sim,Demais falhas mecânicas ou elétricas,2.0,Saída de leito carroçável,Com Vítimas Feridas,Pleno dia,Decrescente,Céu Claro,Dupla,Aclive;Reta,Não,1324904.0,Automóvel,PEUGEOT/2008 CROSS EAT6,2018.0,Passageiro,Ileso,8.0,Masculino,1.0,0.0,0.0,0.0,"-24,8781432","-53,5616381",SPRF-PR,DEL04-PR,UOP01-DEL04-PR
741999.0,1661261.0,27/12/2025,sábado,17:30:00,PR,163.0,"215,9",CASCAVEL,Sim,Demais falhas mecânicas ou elétricas,2.0,Saída de leito carroçável,Com Vítimas Feridas,Pleno dia,Decrescente,Céu Claro,Dupla,Aclive;Reta,Não,1324904.0,Automóvel,PEUGEOT/2008 CROSS EAT6,2018.0,Passageiro,Ileso,2.0,Feminino,1.0,0.0,0.0,0.0,"-24,8781432","-53,5616381",SPRF-PR,DEL04-PR,UOP01-DEL04-PR
741999.0,1661260.0,27/12/2025,sábado,17:30:00,PR,163.0,"215,9",CASCAVEL,Sim,Demais falhas mecânicas ou elétricas,1.0,Colisão com objeto,Com Vítimas Feridas,Pleno dia,Decrescente,Céu Claro,Dupla,Aclive;Reta,Não,1324904.0,Automóvel,PEUGEOT/2008 CROSS EAT6,2018.0,Passageiro,Ileso,8.0,Masculino,1.0,0.0,0.0,0.0,"-24,8781432","-53,5616381",SPRF-PR,DEL04-PR,UOP01-DEL04-PR
741999.0,1661261.0,27/12/2025,sábado,17:30:00,PR,163.0,"215,9",CASCAVEL,Sim,Demais falhas mecânicas ou elétricas,1.0,Colisão com objeto,Com Vítimas Feridas,Pleno dia,Decrescente,Céu Claro,Dupla,Aclive;Reta,Não,1324904.0,Automóvel,PEUGEOT/2008 CROSS EAT6,2018.0,Passageiro,Ileso,2.0,Feminino,1.0,0.0,0.0,0.0,"-24,8781432","-53,5616381",SPRF-PR,DEL04-PR,UOP01-DEL04-PR
742059.0,1661495.0,27/12/2025,sábado,23:15:00,PR,277.0,220,TEIXEIRA SOARES,Sim,Demais falhas mecânicas ou elétricas,1.0,Incêndio,Sem Vítimas,Plena Noite,Crescente,Céu Claro,Simples,Reta,Não,1325023.0,Ônibus,MBENZ/MPOLO PARADISO DD,2023.0,Passageiro,Ileso,15.0,Masculino,1.0,0.0,0.0,0.0,"-25,465944","-50,390401",SPRF-PR,DEL08-PR,UOP02-DEL08-PR
742059.0,1661478.0,27/12/2025,sábado,23:15:00,PR,277.0,220,TEIXEIRA SOARES,Sim,Demais falhas mecânicas ou elétricas,1.0,Incêndio,Sem Vítimas,Plena Noite,Crescente,Céu Claro,Simples,Reta,Não,1325023.0,Ônibus,MBENZ/MPOLO PARADISO DD,2023.0,Passageiro,Ileso,4.0,Feminino,1.0,0.0,0.0,0.0,"-25,465944","-50,390401",SPRF-PR,DEL08-PR,UOP02-DEL08-PR
742059.0,1661459.0,27/12/2025,sábado,23:15:00,PR,277.0,220,TEIXEIRA SOARES,Sim,Demais falhas mecânicas ou elétricas,1.0,Incêndio,Sem Vítimas,Plena Noite,Crescente,Céu Claro,Simples,Reta,Não,1325023.0,Ônibus,MBENZ/MPOLO PARADISO DD,2023.0,Passageiro,Ileso,9.0,Masculino,1.0,0.0,0.0,0.0,"-25,465944","-50,390401",SPRF-PR,DEL08-PR,UOP02-DEL08-PR
742059.0,1661451.0,27/12/2025,sábado,23:15:00,PR,277.0,220,TEIXEIRA SOARES,Sim,Demais falhas mecânicas ou elétricas,1.0,Incêndio,Sem Vítimas,Plena Noite,Crescente,Céu Claro,Simples,Reta,Não,1325023.0,Ônibus,MBENZ/MPOLO PARADISO DD,2023.0,Passageiro,Ileso,4.0,Masculino,1.0,0.0,0.0,0.0,"-25,465944","-50,390401",SPRF-PR,DEL08-PR,UOP02-DEL08-PR
742059.0,1661450.0,27/12/2025,sábado,23:15:00,PR,277.0,220,TEIXEIRA SOARES,Sim,Demais falhas mecânicas ou elétricas,1.0,Incêndio,Sem Vítimas,Plena Noite,Crescente,Céu Claro,Simples,Reta,Não,1325023.0,Ônibus,MBENZ/MPOLO PARADISO DD,2023.0,Passageiro,Ileso,2.0,Feminino,1.0,0.0,0.0,0.0,"-25,465944","-50,390401",SPRF-PR,DEL08-PR,UOP02-DEL08-PR
742154.0,1661839.0,28/12/2025,domingo,12:55:00,PR,469.0,"13,5",FOZ DO IGUACU,Sim,Ingestão de álcool pelo condutor,1.0,Queda de ocupante de veículo,Com Vítimas Feridas,Pleno dia,Decrescente,Sol,Dupla,Declive;Curva;Em Obras,Sim,1325245.0,Motocicleta,Não Informado/Não Informado,2021.0,Passageiro,Lesões Leves,9.0,Feminino,0.0,1.0,0.0,0.0,"-25,5131648","-54,5619968",SPRF-PR,DEL05-PR,UOP04-DEL05-PR
742187.0,1661823.0,28/12/2025,domingo,15:00:00,PR,163.0,292,MARECHAL CANDIDO RONDON,Não,Reação tardia ou ineficiente do condutor,1.0,Colisão transversal,Com Vítimas Feridas,Pleno dia,Crescente,Céu Claro,Simples,Reta;Interseção de Vias,Não,1325246.0,Camioneta,JEEP/COMPASS LIMITED TF,2021.0,Passageiro,Ileso,1.0,Masculino,1.0,0.0,0.0,0.0,"-24,51597249","-54,11445586",SPRF-PR,DEL06-PR,UOP02-DEL06-PR
742187.0,1661823.0,28/12/2025,domingo,15:00:00,PR,163.0,292,MARECHAL CANDIDO RONDON,Sim,Acessar a via sem observar a presença dos outros veículos,1.0,Colisão transversal,Com Vítimas Feridas,Pleno dia,Crescente,Céu Claro,Simples,Reta;Interseção de Vias,Não,1325246.0,Camioneta,JEEP/COMPASS LIMITED TF,2021.0,Passageiro,Ileso,1.0,Masculino,1.0,0.0,0.0,0.0,"-24,51597249","-54,11445586",SPRF-PR,DEL06-PR,UOP02-DEL06-PR
742196.0,1661901.0,28/12/2025,domingo,16:40:00,PR,116.0,"60,8",CAMPINA GRANDE DO SUL,Não,Reação tardia ou ineficiente do condutor,2.0,Tombamento,Com Vítimas Feridas,Pleno dia,Decrescente,Nublado,Dupla,Aclive;Curva,Não,1325272.0,Automóvel,CHEVROLET/CELTA 1.0L LT,2014.0,Passageiro,Ileso,12.0,Masculino,1.0,0.0,0.0,0.0,"-25,303045","-48,961835",SPRF-PR,DEL01-PR,UOP02-DEL01-PR
742196.0,1661901.0,28/12/2025,domingo,16:40:00,PR,116.0,"60,8",CAMPINA GRANDE DO SUL,Não,Reação tardia ou ineficiente do condutor,1.0,Colisão com objeto,Com Vítimas Feridas,Pleno dia,Decrescente,Nublado,Dupla,Aclive;Curva,Não,1325272.0,Automóvel,CHEVROLET/CELTA 1.0L LT,2014.0,Passageiro,Ileso,12.0,Masculino,1.0,0.0,0.0,0.0,"-25,303045","-48,961835",SPRF-PR,DEL01-PR,UOP02-DEL01-PR
742196.0,1661901.0,28/12/2025,domingo,16:40:00,PR,116.0,"60,8",CAMPINA GRANDE DO SUL,Não,Acesso irregular,2.0,Tombamento,Com Vítimas Feridas,Pleno dia,Decrescente,Nublado,Dupla,Aclive;Curva,Não,1325272.0,Automóvel,CHEVROLET/CELTA 1.0L LT,2014.0,Passageiro,Ileso,12.0,Masculino,1.0,0.0,0.0,0.0,"-25,303045","-48,961835",SPRF-PR,DEL01-PR,UOP02-DEL01-PR
742196.0,1661901.0,28/12/2025,domingo,16:40:00,PR,116.0,"60,8",CAMPINA GRANDE DO SUL,Não,Acesso irregular,1.0,Colisão com objeto,Com Vítimas Feridas,Pleno dia,Decrescente,Nublado,Dupla,Aclive;Curva,Não,1325272.0,Automóvel,CHEVROLET/CELTA 1.0L LT,2014.0,Passageiro,Ileso,12.0,Masculino,1.0,0.0,0.0,0.0,"-25,303045","-48,961835",SPRF-PR,DEL01-PR,UOP02-DEL01-PR
742196.0,1661901.0,28/12/2025,domingo,16:40:00,PR,116.0,"60,8",CAMPINA GRANDE DO SUL,Sim,Acumulo de areia ou detritos sobre o pavimento,2.0,Tombamento,Com Vítimas Feridas,Pleno dia,Decrescente,Nublado,Dupla,Aclive;Curva,Não,1325272.0,Automóvel,CHEVROLET/CELTA 1.0L LT,2014.0,Passageiro,Ileso,12.0,Masculino,1.0,0.0,0.0,0.0,"-25,303045","-48,961835",SPRF-PR,DEL01-PR,UOP02-DEL01-PR
742196.0,1661901.0,28/12/2025,domingo,16:40:00,PR,116.0,"60,8",CAMPINA GRANDE DO SUL,Sim,Acumulo de areia ou detritos sobre o pavimento,1.0,Colisão com objeto,Com Vítimas Feridas,Pleno dia,Decrescente,Nublado,Dupla,Aclive;Curva,Não,1325272.0,Automóvel,CHEVROLET/CELTA 1.0L LT,2014.0,Passageiro,Ileso,12.0,Masculino,1.0,0.0,0.0,0.0,"-25,303045","-48,961835",SPRF-PR,DEL01-PR,UOP02-DEL01-PR
742209.0,1661889.0,28/12/2025,domingo,12:00:00,PR,376.0,310,MAUA DA SERRA,Sim,Demais falhas mecânicas ou elétricas,2.0,Queda de ocupante de veículo,Com Vítimas Feridas,Pleno dia,Decrescente,Céu Claro,Dupla,Curva,Não,1325267.0,Motocicleta,HONDA/CB250F TWISTER CBS,2018.0,Passageiro,Lesões Leves,15.0,Masculino,0.0,1.0,0.0,0.0,"-23,97835","-51,09539",SPRF-PR,DEL07-PR,UOP02-DEL07-PR
742209.0,1661889.0,28/12/2025,domingo,12:00:00,PR,376.0,310,MAUA DA SERRA,Sim,Demais falhas mecânicas ou elétricas,1.0,Colisão com objeto,Com Vítimas Feridas,Pleno dia,Decrescente,Céu Claro,Dupla,Curva,Não,1325267.0,Motocicleta,HONDA/CB250F TWISTER CBS,2018.0,Passageiro,Lesões Leves,15.0,Masculino,0.0,1.0,0.0,0.0,"-23,97835","-51,09539",SPRF-PR,DEL07-PR,UOP02-DEL07-PR
742225.0,1662014.0,28/12/2025,domingo,19:45:00,PR,277.0,"0,5",CURITIBA,Sim,Ingestão de álcool pelo condutor,2.0,Colisão traseira,Com Vítimas Feridas,Plena Noite,Crescente,Céu Claro,Dupla,Reta,Sim,1325323.0,Automóvel,RENAULT/SANDERO STEPWAY,2011.0,Passageiro,Ileso,10.0,Masculino,1.0,0.0,0.0,0.0,"-25,431456","-49,361701",SPRF-PR,DEL01-PR,UOP06-DEL01-PR
742225.0,1662014.0,28/12/2025,domingo,19:45:00,PR,277.0,"0,5",CURITIBA,Sim,Ingestão de álcool pelo condutor,1.0,Colisão lateral mesmo sentido,Com Vítimas Feridas,Plena Noite,Crescente,Céu Claro,Dupla,Reta,Sim,1325323.0,Automóvel,RENAULT/SANDERO STEPWAY,2011.0,Passageiro,Ileso,10.0,Masculino,1.0,0.0,0.0,0.0,"-25,431456","-49,361701",SPRF-PR,DEL01-PR,UOP06-DEL01-PR
742226.0,1662011.0,28/12/2025,domingo,19:40:00,PR,116.0,62,CAMPINA GRANDE DO SUL,Sim,Ausência de reação do condutor,1.0,Colisão traseira,Com Vítimas Feridas,Anoitecer,Crescente,Nublado,Dupla,Reta,Não,1325347.0,Camioneta,VW/KOMBI,1983.0,Passageiro,Lesões Leves,13.0,Feminino,0.0,1.0,0.0,0.0,"-25,29126706","-48,93482208",SPRF-PR,DEL01-PR,UOP02-DEL01-PR
742226.0,1662009.0,28/12/2025,domingo,19:40:00,PR,116.0,62,CAMPINA GRANDE DO SUL,Sim,Ausência de reação do condutor,1.0,Colisão traseira,Com Vítimas Feridas,Anoitecer,Crescente,Nublado,Dupla,Reta,Não,1325347.0,Camioneta,VW/KOMBI,1983.0,Passageiro,Lesões Leves,16.0,Feminino,0.0,1.0,0.0,0.0,"-25,29126706","-48,93482208",SPRF-PR,DEL01-PR,UOP02-DEL01-PR
742300.0,1662166.0,29/12/2025,segunda-feira,06:53:00,PR,116.0,"38,6",CAMPINA GRANDE DO SUL,Não,Curva acentuada,1.0,Capotamento,Com Vítimas Feridas,Pleno dia,Crescente,Chuva,Dupla,Curva,Não,1325423.0,Automóvel,FORD/FIESTA HA 1.5L S,2013.0,Passageiro,Ileso,8.0,Feminino,1.0,0.0,0.0,0.0,"-25,155525","-48,861363",SPRF-PR,DEL01-PR,UOP02-DEL01-PR
742300.0,1662166.0,29/12/2025,segunda-feira,06:53:00,PR,116.0,"38,6",CAMPINA GRANDE DO SUL,Não,Acumulo de água sobre o pavimento,1.0,Capotamento,Com Vítimas Feridas,Pleno dia,Crescente,Chuva,Dupla,Curva,Não,1325423.0,Automóvel,FORD/FIESTA HA 1.5L S,2013.0,Passageiro,Ileso,8.0,Feminino,1.0,0.0,0.0,0.0,"-25,155525","-48,861363",SPRF-PR,DEL01-PR,UOP02-DEL01-PR
742300.0,1662166.0,29/12/2025,segunda-feira,06:53:00,PR,116.0,"38,6",CAMPINA GRANDE DO SUL,Sim,Chuva,1.0,Capotamento,Com Vítimas Feridas,Pleno dia,Crescente,Chuva,Dupla,Curva,Não,1325423.0,Automóvel,FORD/FIESTA HA 1.5L S,2013.0,Passageiro,Ileso,8.0,Feminino,1.0,0.0,0.0,0.0,"-25,155525","-48,861363",SPRF-PR,DEL01-PR,UOP02-DEL01-PR
742351.0,1662458.0,29/12/2025,segunda-feira,10:15:00,PR,277.0,"421,5",CANTAGALO,Sim,Velocidade Incompatível,4.0,Tombamento,Com Vítimas Feridas,Pleno dia,Crescente,Céu Claro,Simples,Curva;Aclive,Não,1325614.0,Automóvel,VW/POLO TRACK MA,2024.0,Passageiro,Lesões Leves,5.0,Masculino,0.0,1.0,0.0,0.0,"-25,40407924","-52,10097671",SPRF-PR,DEL04-PR,UOP02-DEL04-PR
742351.0,1662458.0,29/12/2025,segunda-feira,10:15:00,PR,277.0,"421,5",CANTAGALO,Sim,Velocidade Incompatível,3.0,Colisão com objeto,Com Vítimas Feridas,Pleno dia,Crescente,Céu Claro,Simples,Curva;Aclive,Não,1325614.0,Automóvel,VW/POLO TRACK MA,2024.0,Passageiro,Lesões Leves,5.0,Masculino,0.0,1.0,0.0,0.0,"-25,40407924","-52,10097671",SPRF-PR,DEL04-PR,UOP02-DEL04-PR
742351.0,1662458.0,29/12/2025,segunda-feira,10:15:00,PR,277.0,"421,5",CANTAGALO,Sim,Velocidade Incompatível,2.0,Saída de leito carroçável,Com Vítimas Feridas,Pleno dia,Crescente,Céu Claro,Simples,Curva;Aclive,Não,1325614.0,Automóvel,VW/POLO TRACK MA,2024.0,Passageiro,Lesões Leves,5.0,Masculino,0.0,1.0,0.0,0.0,"-25,40407924","-52,10097671",SPRF-PR,DEL04-PR,UOP02-DEL04-PR
742351.0,1662458.0,29/12/2025,segunda-feira,10:15:00,PR,277.0,"421,5",CANTAGALO,Sim,Velocidade Incompatível,1.0,Colisão lateral mesmo sentido,Com Vítimas Feridas,Pleno dia,Crescente,Céu Claro,Simples,Curva;Aclive,Não,1325614.0,Automóvel,VW/POLO TRACK MA,2024.0,Passageiro,Lesões Leves,5.0,Masculino,0.0,1.0,0.0,0.0,"-25,40407924","-52,10097671",SPRF-PR,DEL04-PR,UOP02-DEL04-PR
742371.0,1662372.0,29/12/2025,segunda-feira,13:50:00,PR,277.0,64,PIRAQUARA,Não,Falta de elemento de contenção que evite a saída do leito carroçável,3.0,Capotamento,Com Vítimas Feridas,Pleno dia,Decrescente,Céu Claro,Dupla,Reta,Não,1325559.0,Automóvel,I/NISSAN VERSA 16SL FLEX,2012.0,Passageiro,Lesões Leves,9.0,Masculino,0.0,1.0,0.0,0.0,"-25,53733018","-49,07077789",SPRF-PR,DEL01-PR,UOP01-DEL01-PR
742371.0,1662372.0,29/12/2025,segunda-feira,13:50:00,PR,277.0,64,PIRAQUARA,Não,Falta de elemento de contenção que evite a saída do leito carroçável,2.0,Colisão com objeto,Com Vítimas Feridas,Pleno dia,Decrescente,Céu Claro,Dupla,Reta,Não,1325559.0,Automóvel,I/NISSAN VERSA 16SL FLEX,2012.0,Passageiro,Lesões Leves,9.0,Masculino,0.0,1.0,0.0,0.0,"-25,53733018","-49,07077789",SPRF-PR,DEL01-PR,UOP01-DEL01-PR
742371.0,1662372.0,29/12/2025,segunda-feira,13:50:00,PR,277.0,64,PIRAQUARA,Não,Falta de elemento de contenção que evite a saída do leito carroçável,1.0,Saída de leito carroçável,Com Vítimas Feridas,Pleno dia,Decrescente,Céu Claro,Dupla,Reta,Não,1325559.0,Automóvel,I/NISSAN VERSA 16SL FLEX,2012.0,Passageiro,Lesões Leves,9.0,Masculino,0.0,1.0,0.0,0.0,"-25,53733018","-49,07077789",SPRF-PR,DEL01-PR,UOP01-DEL01-PR
742371.0,1662372.0,29/12/2025,segunda-feira,13:50:00,PR,277.0,64,PIRAQUARA,Sim,Manobra de mudança de faixa,3.0,Capotamento,Com Vítimas Feridas,Pleno dia,Decrescente,Céu Claro,Dupla,Reta,Não,1325559.0,Automóvel,I/NISSAN VERSA 16SL FLEX,2012.0,Passageiro,Lesões Leves,9.0,Masculino,0.0,1.0,0.0,0.0,"-25,53733018","-49,07077789",SPRF-PR,DEL01-PR,UOP01-DEL01-PR
742371.0,1662372.0,29/12/2025,segunda-feira,13:50:00,PR,277.0,64,PIRAQUARA,Sim,Manobra de mudança de faixa,2.0,Colisão com objeto,Com Vítimas Feridas,Pleno dia,Decrescente,Céu Claro,Dupla,Reta,Não,1325559.0,Automóvel,I/NISSAN VERSA 16SL FLEX,2012.0,Passageiro,Lesões Leves,9.0,Masculino,0.0,1.0,0.0,0.0,"-25,53733018","-49,07077789",SPRF-PR,DEL01-PR,UOP01-DEL01-PR
742371.0,1662372.0,29/12/2025,segunda-feira,13:50:00,PR,277.0,64,PIRAQUARA,Sim,Manobra de mudança de faixa,1.0,Saída de leito carroçável,Com Vítimas Feridas,Pleno dia,Decrescente,Céu Claro,Dupla,Reta,Não,1325559.0,Automóvel,I/NISSAN VERSA 16SL FLEX,2012.0,Passageiro,Lesões Leves,9.0,Masculino,0.0,1.0,0.0,0.0,"-25,53733018","-49,07077789",SPRF-PR,DEL01-PR,UOP01-DEL01-PR
742375.0,1662471.0,29/12/2025,segunda-feira,13:10:00,PR,373.0,430,CHOPINZINHO,Não,Curva acentuada,2.0,Tombamento,Com Vítimas Feridas,Pleno dia,Crescente,Céu Claro,Simples,Declive;Curva,Não,1325619.0,Caminhão-trator,VOLVO/FH 540 6X4T,2018.0,Passageiro,Lesões Leves,13.0,Feminino,0.0,1.0,0.0,0.0,"-25,878571","-52,348802",SPRF-PR,DEL02-PR,UOP01-DEL02-PR
742375.0,1662470.0,29/12/2025,segunda-feira,13:10:00,PR,373.0,430,CHOPINZINHO,Não,Curva acentuada,2.0,Tombamento,Com Vítimas Feridas,Pleno dia,Crescente,Céu Claro,Simples,Declive;Curva,Não,1325619.0,Caminhão-trator,VOLVO/FH 540 6X4T,2018.0,Passageiro,Ileso,6.0,Feminino,1.0,0.0,0.0,0.0,"-25,878571","-52,348802",SPRF-PR,DEL02-PR,UOP01-DEL02-PR
742375.0,1662469.0,29/12/2025,segunda-feira,13:10:00,PR,373.0,430,CHOPINZINHO,Não,Curva acentuada,2.0,Tombamento,Com Vítimas Feridas,Pleno dia,Crescente,Céu Claro,Simples,Declive;Curva,Não,1325619.0,Caminhão-trator,VOLVO/FH 540 6X4T,2018.0,Passageiro,Ileso,9.0,Masculino,1.0,0.0,0.0,0.0,"-25,878571","-52,348802",SPRF-PR,DEL02-PR,UOP01-DEL02-PR