id,pesid,data_inversa,dia_semana,horario,uf,br,km,municipio,causa_principal,causa_acidente,ordem_tipo_acidente,tipo_acidente,classificacao_acidente,fase_dia,sentido_via,condicao_metereologica,tipo_pista,tracado_via,uso_solo,id_veiculo,tipo_veiculo,marca,ano_fabricacao_veiculo,tipo_envolvido,estado_fisico,idade,sexo,ilesos,feridos_leves,feridos_graves,mortos,latitude,longitude,regional,delegacia,uop
742375.0,1662471.0,29/12/2025,segunda-feira,13:10:00,PR,373.0,430,CHOPINZINHO,Não,Curva acentuada,1.0,Saída de leito carroçável,Com Vítimas Feridas,Pleno dia,Crescente,Céu Claro,Simples,Declive;Curva,Não,1325619.0,Caminhão-trator,VOLVO/FH 540 6X4T,2018.0,Passageiro,Lesões Leves,13.0,Feminino,0.0,1.0,0.0,0.0,"-25,878571","-52,348802",SPRF-PR,DEL02-PR,UOP01-DEL02-PR
742375.0,1662470.0,29/12/2025,segunda-feira,13:10:00,PR,373.0,430,CHOPINZINHO,Não,Curva acentuada,1.0,Saída de leito carroçável,Com Vítimas Feridas,Pleno dia,Crescente,Céu Claro,Simples,Declive;Curva,Não,1325619.0,Caminhão-trator,VOLVO/FH 540 6X4T,2018.0,Passageiro,Ileso,6.0,Feminino,1.0,0.0,0.0,0.0,"-25,878571","-52,348802",SPRF-PR,DEL02-PR,UOP01-DEL02-PR
742375.0,1662469.0,29/12/2025,segunda-feira,13:10:00,PR,373.0,430,CHOPINZINHO,Não,Curva acentuada,1.0,Saída de leito carroçável,Com Vítimas Feridas,Pleno dia,Crescente,Céu Claro,Simples,Declive;Curva,Não,1325619.0,Caminhão-trator,VOLVO/FH 540 6X4T,2018.0,Passageiro,Ileso,9.0,Masculino,1.0,0.0,0.0,0.0,"-25,878571","-52,348802",SPRF-PR,DEL02-PR,UOP01-DEL02-PR
742375.0,1662471.0,29/12/2025,segunda-feira,13:10:00,PR,373.0,430,CHOPINZINHO,Sim,Ausência de reação do condutor,2.0,Tombamento,Com Vítimas Feridas,Pleno dia,Crescente,Céu Claro,Simples,Declive;Curva,Não,1325619.0,Caminhão-trator,VOLVO/FH 540 6X4T,2018.0,Passageiro,Lesões Leves,13.0,Feminino,0.0,1.0,0.0,0.0,"-25,878571","-52,348802",SPRF-PR,DEL02-PR,UOP01-DEL02-PR
742375.0,1662470.0,29/12/2025,segunda-feira,13:10:00,PR,373.0,430,CHOPINZINHO,Sim,Ausência de reação do condutor,2.0,Tombamento,Com Vítimas Feridas,Pleno dia,Crescente,Céu Claro,Simples,Declive;Curva,Não,1325619.0,Caminhão-trator,VOLVO/FH 540 6X4T,2018.0,Passageiro,Ileso,6.0,Feminino,1.0,0.0,0.0,0.0,"-25,878571","-52,348802",SPRF-PR,DEL02-PR,UOP01-DEL02-PR
742375.0,1662469.0,29/12/2025,segunda-feira,13:10:00,PR,373.0,430,CHOPINZINHO,Sim,Ausência de reação do condutor,2.0,Tombamento,Com Vítimas Feridas,Pleno dia,Crescente,Céu Claro,Simples,Declive;Curva,Não,1325619.0,Caminhão-trator,VOLVO/FH 540 6X4T,2018.0,Passageiro,Ileso,9.0,Masculino,1.0,0.0,0.0,0.0,"-25,878571","-52,348802",SPRF-PR,DEL02-PR,UOP01-DEL02-PR
742375.0,1662471.0,29/12/2025,segunda-feira,13:10:00,PR,373.0,430,CHOPINZINHO,Sim,Ausência de reação do condutor,1.0,Saída de leito carroçável,Com Vítimas Feridas,Pleno dia,Crescente,Céu Claro,Simples,Declive;Curva,Não,1325619.0,Caminhão-trator,VOLVO/FH 540 6X4T,2018.0,Passageiro,Lesões Leves,13.0,Feminino,0.0,1.0,0.0,0.0,"-25,878571","-52,348802",SPRF-PR,DEL02-PR,UOP01-DEL02-PR
742375.0,1662470.0,29/12/2025,segunda-feira,13:10:00,PR,373.0,430,CHOPINZINHO,Sim,Ausência de reação do condutor,1.0,Saída de leito carroçável,Com Vítimas Feridas,Pleno dia,Crescente,Céu Claro,Simples,Declive;Curva,Não,1325619.0,Caminhão-trator,VOLVO/FH 540 6X4T,2018.0,Passageiro,Ileso,6.0,Feminino,1.0,0.0,0.0,0.0,"-25,878571","-52,348802",SPRF-PR,DEL02-PR,UOP01-DEL02-PR
742375.0,1662469.0,29/12/2025,segunda-feira,13:10:00,PR,373.0,430,CHOPINZINHO,Sim,Ausência de reação do condutor,1.0,Saída de leito carroçável,Com Vítimas Feridas,Pleno dia,Crescente,Céu Claro,Simples,Declive;Curva,Não,1325619.0,Caminhão-trator,VOLVO/FH 540 6X4T,2018.0,Passageiro,Ileso,9.0,Masculino,1.0,0.0,0.0,0.0,"-25,878571","-52,348802",SPRF-PR,DEL02-PR,UOP01-DEL02-PR
742387.0,1662438.0,29/12/2025,segunda-feira,15:20:00,PR,277.0,357,GUARAPUAVA,Não,Velocidade Incompatível,1.0,Colisão transversal,Com Vítimas Feridas,Pleno dia,Crescente,Céu Claro,Simples,Reta,Não,1325609.0,Automóvel,VW/GOL 1.0,2006.0,Passageiro,Ileso,14.0,Feminino,1.0,0.0,0.0,0.0,"-25,399595","-51,538539",SPRF-PR,DEL08-PR,UOP01-DEL08-PR
742387.0,1662440.0,29/12/2025,segunda-feira,15:20:00,PR,277.0,357,GUARAPUAVA,Não,Velocidade Incompatível,1.0,Colisão transversal,Com Vítimas Feridas,Pleno dia,Crescente,Céu Claro,Simples,Reta,Não,1325609.0,Automóvel,VW/GOL 1.0,2006.0,Passageiro,Ileso,13.0,Feminino,1.0,0.0,0.0,0.0,"-25,399595","-51,538539",SPRF-PR,DEL08-PR,UOP01-DEL08-PR
742387.0,1662438.0,29/12/2025,segunda-feira,15:20:00,PR,277.0,357,GUARAPUAVA,Não,Demais falhas mecânicas ou elétricas,1.0,Colisão transversal,Com Vítimas Feridas,Pleno dia,Crescente,Céu Claro,Simples,Reta,Não,1325609.0,Automóvel,VW/GOL 1.0,2006.0,Passageiro,Ileso,14.0,Feminino,1.0,0.0,0.0,0.0,"-25,399595","-51,538539",SPRF-PR,DEL08-PR,UOP01-DEL08-PR
742387.0,1662440.0,29/12/2025,segunda-feira,15:20:00,PR,277.0,357,GUARAPUAVA,Não,Demais falhas mecânicas ou elétricas,1.0,Colisão transversal,Com Vítimas Feridas,Pleno dia,Crescente,Céu Claro,Simples,Reta,Não,1325609.0,Automóvel,VW/GOL 1.0,2006.0,Passageiro,Ileso,13.0,Feminino,1.0,0.0,0.0,0.0,"-25,399595","-51,538539",SPRF-PR,DEL08-PR,UOP01-DEL08-PR
742387.0,1662438.0,29/12/2025,segunda-feira,15:20:00,PR,277.0,357,GUARAPUAVA,Não,Ausência de reação do condutor,1.0,Colisão transversal,Com Vítimas Feridas,Pleno dia,Crescente,Céu Claro,Simples,Reta,Não,1325609.0,Automóvel,VW/GOL 1.0,2006.0,Passageiro,Ileso,14.0,Feminino,1.0,0.0,0.0,0.0,"-25,399595","-51,538539",SPRF-PR,DEL08-PR,UOP01-DEL08-PR
742387.0,1662440.0,29/12/2025,segunda-feira,15:20:00,PR,277.0,357,GUARAPUAVA,Não,Ausência de reação do condutor,1.0,Colisão transversal,Com Vítimas Feridas,Pleno dia,Crescente,Céu Claro,Simples,Reta,Não,1325609.0,Automóvel,VW/GOL 1.0,2006.0,Passageiro,Ileso,13.0,Feminino,1.0,0.0,0.0,0.0,"-25,399595","-51,538539",SPRF-PR,DEL08-PR,UOP01-DEL08-PR
742387.0,1662438.0,29/12/2025,segunda-feira,15:20:00,PR,277.0,357,GUARAPUAVA,Sim,Acessar a via sem observar a presença dos outros veículos,1.0,Colisão transversal,Com Vítimas Feridas,Pleno dia,Crescente,Céu Claro,Simples,Reta,Não,1325609.0,Automóvel,VW/GOL 1.0,2006.0,Passageiro,Ileso,14.0,Feminino,1.0,0.0,0.0,0.0,"-25,399595","-51,538539",SPRF-PR,DEL08-PR,UOP01-DEL08-PR
742387.0,1662440.0,29/12/2025,segunda-feira,15:20:00,PR,277.0,357,GUARAPUAVA,Sim,Acessar a via sem observar a presença dos outros veículos,1.0,Colisão transversal,Com Vítimas Feridas,Pleno dia,Crescente,Céu Claro,Simples,Reta,Não,1325609.0,Automóvel,VW/GOL 1.0,2006.0,Passageiro,Ileso,13.0,Feminino,1.0,0.0,0.0,0.0,"-25,399595","-51,538539",SPRF-PR,DEL08-PR,UOP01-DEL08-PR
742412.0,1662542.0,29/12/2025,segunda-feira,16:00:00,PR,153.0,"513,1",GENERAL CARNEIRO,Sim,Reação tardia ou ineficiente do condutor,2.0,Capotamento,Com Vítimas Feridas,Pleno dia,Crescente,Nublado,Simples,Reta,Não,1325656.0,Automóvel,I/CHEV CRUZE LT HB AT,2019.0,Passageiro,Ileso,11.0,Masculino,1.0,0.0,0.0,0.0,"-26,59251826","-51,4548111",SPRF-PR,DEL02-PR,UOP03-DEL02-PR
742412.0,1662542.0,29/12/2025,segunda-feira,16:00:00,PR,153.0,"513,1",GENERAL CARNEIRO,Sim,Reação tardia ou ineficiente do condutor,1.0,Colisão lateral mesmo sentido,Com Vítimas Feridas,Pleno dia,Crescente,Nublado,Simples,Reta,Não,1325656.0,Automóvel,I/CHEV CRUZE LT HB AT,2019.0,Passageiro,Ileso,11.0,Masculino,1.0,0.0,0.0,0.0,"-26,59251826","-51,4548111",SPRF-PR,DEL02-PR,UOP03-DEL02-PR
742424.0,1662651.0,29/12/2025,segunda-feira,16:00:00,PR,116.0,29,CAMPINA GRANDE DO SUL,Sim,Chuva,1.0,Colisão com objeto,Com Vítimas Feridas,Pleno dia,Decrescente,Chuva,Dupla,Declive;Curva,Não,1325731.0,Automóvel,TOYOTA/COROLLA XEI20FLEX,2010.0,Passageiro,Lesões Leves,15.0,Feminino,0.0,1.0,0.0,0.0,"-25,112188","-48,814941",SPRF-PR,DEL01-PR,UOP02-DEL01-PR
742538.0,1662801.0,29/12/2025,segunda-feira,16:00:00,PR,376.0,"653,4",TIJUCAS DO SUL,Não,Reação tardia ou ineficiente do condutor,1.0,Colisão traseira,Sem Vítimas,Pleno dia,Decrescente,Céu Claro,Dupla,Declive;Curva,Não,1325838.0,Automóvel,VW/GOL 1.0 PLUS,2001.0,Passageiro,Ileso,2.0,Masculino,1.0,0.0,0.0,0.0,"-25,84269383","-49,0508008",SPRF-PR,DEL01-PR,UOP04-DEL01-PR
742538.0,1662800.0,29/12/2025,segunda-feira,16:00:00,PR,376.0,"653,4",TIJUCAS DO SUL,Não,Reação tardia ou ineficiente do condutor,1.0,Colisão traseira,Sem Vítimas,Pleno dia,Decrescente,Céu Claro,Dupla,Declive;Curva,Não,1325838.0,Automóvel,VW/GOL 1.0 PLUS,2001.0,Passageiro,Ileso,8.0,Feminino,1.0,0.0,0.0,0.0,"-25,84269383","-49,0508008",SPRF-PR,DEL01-PR,UOP04-DEL01-PR
742538.0,1662801.0,29/12/2025,segunda-feira,16:00:00,PR,376.0,"653,4",TIJUCAS DO SUL,Sim,Condutor deixou de manter distância do veículo da frente,1.0,Colisão traseira,Sem Vítimas,Pleno dia,Decrescente,Céu Claro,Dupla,Declive;Curva,Não,1325838.0,Automóvel,VW/GOL 1.0 PLUS,2001.0,Passageiro,Ileso,2.0,Masculino,1.0,0.0,0.0,0.0,"-25,84269383","-49,0508008",SPRF-PR,DEL01-PR,UOP04-DEL01-PR
742538.0,1662800.0,29/12/2025,segunda-feira,16:00:00,PR,376.0,"653,4",TIJUCAS DO SUL,Sim,Condutor deixou de manter distância do veículo da frente,1.0,Colisão traseira,Sem Vítimas,Pleno dia,Decrescente,Céu Claro,Dupla,Declive;Curva,Não,1325838.0,Automóvel,VW/GOL 1.0 PLUS,2001.0,Passageiro,Ileso,8.0,Feminino,1.0,0.0,0.0,0.0,"-25,84269383","-49,0508008",SPRF-PR,DEL01-PR,UOP04-DEL01-PR
742582.0,1662958.0,30/12/2025,terça-feira,14:15:00,PR,376.0,468,PONTA GROSSA,Não,Acumulo de água sobre o pavimento,2.0,Capotamento,Com Vítimas Feridas,Pleno dia,Crescente,Chuva,Dupla,Viaduto;Curva,Não,1325935.0,Automóvel,FIAT/PALIO FIRE,2004.0,Passageiro,Lesões Leves,2.0,Feminino,0.0,1.0,0.0,0.0,"-25,03624501","-50,29802196",SPRF-PR,DEL03-PR,UOP01-DEL03-PR
742582.0,1662958.0,30/12/2025,terça-feira,14:15:00,PR,376.0,468,PONTA GROSSA,Não,Acumulo de água sobre o pavimento,1.0,Colisão com objeto,Com Vítimas Feridas,Pleno dia,Crescente,Chuva,Dupla,Viaduto;Curva,Não,1325935.0,Automóvel,FIAT/PALIO FIRE,2004.0,Passageiro,Lesões Leves,2.0,Feminino,0.0,1.0,0.0,0.0,"-25,03624501","-50,29802196",SPRF-PR,DEL03-PR,UOP01-DEL03-PR
742582.0,1662958.0,30/12/2025,terça-feira,14:15:00,PR,376.0,468,PONTA GROSSA,Não,Chuva,2.0,Capotamento,Com Vítimas Feridas,Pleno dia,Crescente,Chuva,Dupla,Viaduto;Curva,Não,1325935.0,Automóvel,FIAT/PALIO FIRE,2004.0,Passageiro,Lesões Leves,2.0,Feminino,0.0,1.0,0.0,0.0,"-25,03624501","-50,29802196",SPRF-PR,DEL03-PR,UOP01-DEL03-PR
742582.0,1662958.0,30/12/2025,terça-feira,14:15:00,PR,376.0,468,PONTA GROSSA,Não,Chuva,1.0,Colisão com objeto,Com Vítimas Feridas,Pleno dia,Crescente,Chuva,Dupla,Viaduto;Curva,Não,1325935.0,Automóvel,FIAT/PALIO FIRE,2004.0,Passageiro,Lesões Leves,2.0,Feminino,0.0,1.0,0.0,0.0,"-25,03624501","-50,29802196",SPRF-PR,DEL03-PR,UOP01-DEL03-PR
742582.0,1662958.0,30/12/2025,terça-feira,14:15:00,PR,376.0,468,PONTA GROSSA,Sim,Velocidade Incompatível,2.0,Capotamento,Com Vítimas Feridas,Pleno dia,Crescente,Chuva,Dupla,Viaduto;Curva,Não,1325935.0,Automóvel,FIAT/PALIO FIRE,2004.0,Passageiro,Lesões Leves,2.0,Feminino,0.0,1.0,0.0,0.0,"-25,03624501","-50,29802196",SPRF-PR,DEL03-PR,UOP01-DEL03-PR
742582.0,1662958.0,30/12/2025,terça-feira,14:15:00,PR,376.0,468,PONTA GROSSA,Sim,Velocidade Incompatível,1.0,Colisão com objeto,Com Vítimas Feridas,Pleno dia,Crescente,Chuva,Dupla,Viaduto;Curva,Não,1325935.0,Automóvel,FIAT/PALIO FIRE,2004.0,Passageiro,Lesões Leves,2.0,Feminino,0.0,1.0,0.0,0.0,"-25,03624501","-50,29802196",SPRF-PR,DEL03-PR,UOP01-DEL03-PR
742791.0,1663462.0,31/12/2025,quarta-feira,12:40:00,PR,373.0,"446,2",CHOPINZINHO,Não,Pista esburacada,2.0,Capotamento,Com Vítimas Feridas,Pleno dia,Decrescente,Nublado,Simples,Curva;Aclive,Não,1326297.0,Automóvel,I/RENAULT CLIO CAM1016VH,2010.0,Passageiro,Lesões Leves,16.0,Masculino,0.0,1.0,0.0,0.0,"-25,79618192","-52,27226257",SPRF-PR,DEL02-PR,UOP01-DEL02-PR
742791.0,1663461.0,31/12/2025,quarta-feira,12:40:00,PR,373.0,"446,2",CHOPINZINHO,Não,Pista esburacada,2.0,Capotamento,Com Vítimas Feridas,Pleno dia,Decrescente,Nublado,Simples,Curva;Aclive,Não,1326297.0,Automóvel,I/RENAULT CLIO CAM1016VH,2010.0,Passageiro,Lesões Leves,14.0,Masculino,0.0,1.0,0.0,0.0,"-25,79618192","-52,27226257",SPRF-PR,DEL02-PR,UOP01-DEL02-PR
742791.0,1663462.0,31/12/2025,quarta-feira,12:40:00,PR,373.0,"446,2",CHOPINZINHO,Não,Pista esburacada,1.0,Saída de leito carroçável,Com Vítimas Feridas,Pleno dia,Decrescente,Nublado,Simples,Curva;Aclive,Não,1326297.0,Automóvel,I/RENAULT CLIO CAM1016VH,2010.0,Passageiro,Lesões Leves,16.0,Masculino,0.0,1.0,0.0,0.0,"-25,79618192","-52,27226257",SPRF-PR,DEL02-PR,UOP01-DEL02-PR
742791.0,1663461.0,31/12/2025,quarta-feira,12:40:00,PR,373.0,"446,2",CHOPINZINHO,Não,Pista esburacada,1.0,Saída de leito carroçável,Com Vítimas Feridas,Pleno dia,Decrescente,Nublado,Simples,Curva;Aclive,Não,1326297.0,Automóvel,I/RENAULT CLIO CAM1016VH,2010.0,Passageiro,Lesões Leves,14.0,Masculino,0.0,1.0,0.0,0.0,"-25,79618192","-52,27226257",SPRF-PR,DEL02-PR,UOP01-DEL02-PR
742791.0,1663462.0,31/12/2025,quarta-feira,12:40:00,PR,373.0,"446,2",CHOPINZINHO,Sim,Velocidade Incompatível,2.0,Capotamento,Com Vítimas Feridas,Pleno dia,Decrescente,Nublado,Simples,Curva;Aclive,Não,1326297.0,Automóvel,I/RENAULT CLIO CAM1016VH,2010.0,Passageiro,Lesões Leves,16.0,Masculino,0.0,1.0,0.0,0.0,"-25,79618192","-52,27226257",SPRF-PR,DEL02-PR,UOP01-DEL02-PR
742791.0,1663461.0,31/12/2025,quarta-feira,12:40:00,PR,373.0,"446,2",CHOPINZINHO,Sim,Velocidade Incompatível,2.0,Capotamento,Com Vítimas Feridas,Pleno dia,Decrescente,Nublado,Simples,Curva;Aclive,Não,1326297.0,Automóvel,I/RENAULT CLIO CAM1016VH,2010.0,Passageiro,Lesões Leves,14.0,Masculino,0.0,1.0,0.0,0.0,"-25,79618192","-52,27226257",SPRF-PR,DEL02-PR,UOP01-DEL02-PR
742791.0,1663462.0,31/12/2025,quarta-feira,12:40:00,PR,373.0,"446,2",CHOPINZINHO,Sim,Velocidade Incompatível,1.0,Saída de leito carroçável,Com Vítimas Feridas,Pleno dia,Decrescente,Nublado,Simples,Curva;Aclive,Não,1326297.0,Automóvel,I/RENAULT CLIO CAM1016VH,2010.0,Passageiro,Lesões Leves,16.0,Masculino,0.0,1.0,0.0,0.0,"-25,79618192","-52,27226257",SPRF-PR,DEL02-PR,UOP01-DEL02-PR
742791.0,1663461.0,31/12/2025,quarta-feira,12:40:00,PR,373.0,"446,2",CHOPINZINHO,Sim,Velocidade Incompatível,1.0,Saída de leito carroçável,Com Vítimas Feridas,Pleno dia,Decrescente,Nublado,Simples,Curva;Aclive,Não,1326297.0,Automóvel,I/RENAULT CLIO CAM1016VH,2010.0,Passageiro,Lesões Leves,14.0,Masculino,0.0,1.0,0.0,0.0,"-25,79618192","-52,27226257",SPRF-PR,DEL02-PR,UOP01-DEL02-PR
742844.0,1663595.0,31/12/2025,quarta-feira,09:55:00,PR,277.0,"416,5",CANDOI,Sim,Velocidade Incompatível,1.0,Saída de leito carroçável,Com Vítimas Feridas,Pleno dia,Decrescente,Céu Claro,Simples,Curva,Não,1326382.0,Automóvel,GM/VECTRA SEDAN,2003.0,Passageiro,Lesões Leves,6.0,Masculino,0.0,1.0,0.0,0.0,"-25,4171389","-52,0580472",SPRF-PR,DEL04-PR,UOP02-DEL04-PR
746683.0,1673890.0,12/11/2025,quarta-feira,07:45:00,PR,277.0,313,PRUDENTOPOLIS,Não,Reação tardia ou ineficiente do condutor,2.0,Colisão lateral sentido oposto,Com Vítimas Feridas,Pleno dia,Crescente,Céu Claro,Simples,Declive;Curva,Não,1333412.0,Caminhão-trator,VW/28.460 METEOR 6X2,2022.0,Passageiro,Ileso,3.0,Masculino,1.0,0.0,0.0,0.0,"-25,315859","-51,196881",SPRF-PR,DEL08-PR,UOP01-DEL08-PR
746683.0,1673889.0,12/11/2025,quarta-feira,07:45:00,PR,277.0,313,PRUDENTOPOLIS,Não,Reação tardia ou ineficiente do condutor,2.0,Colisão lateral sentido oposto,Com Vítimas Feridas,Pleno dia,Crescente,Céu Claro,Simples,Declive;Curva,Não,1333412.0,Caminhão-trator,VW/28.460 METEOR 6X2,2022.0,Passageiro,Ileso,5.0,Masculino,1.0,0.0,0.0,0.0,"-25,315859","-51,196881",SPRF-PR,DEL08-PR,UOP01-DEL08-PR
746683.0,1673890.0,12/11/2025,quarta-feira,07:45:00,PR,277.0,313,PRUDENTOPOLIS,Não,Reação tardia ou ineficiente do condutor,1.0,Colisão lateral mesmo sentido,Com Vítimas Feridas,Pleno dia,Crescente,Céu Claro,Simples,Declive;Curva,Não,1333412.0,Caminhão-trator,VW/28.460 METEOR 6X2,2022.0,Passageiro,Ileso,3.0,Masculino,1.0,0.0,0.0,0.0,"-25,315859","-51,196881",SPRF-PR,DEL08-PR,UOP01-DEL08-PR
746683.0,1673889.0,12/11/2025,quarta-feira,07:45:00,PR,277.0,313,PRUDENTOPOLIS,Não,Reação tardia ou ineficiente do condutor,1.0,Colisão lateral mesmo sentido,Com Vítimas Feridas,Pleno dia,Crescente,Céu Claro,Simples,Declive;Curva,Não,1333412.0,Caminhão-trator,VW/28.460 METEOR 6X2,2022.0,Passageiro,Ileso,5.0,Masculino,1.0,0.0,0.0,0.0,"-25,315859","-51,196881",SPRF-PR,DEL08-PR,UOP01-DEL08-PR
746683.0,1673890.0,12/11/2025,quarta-feira,07:45:00,PR,277.0,313,PRUDENTOPOLIS,Sim,Manobra de mudança de faixa,2.0,Colisão lateral sentido oposto,Com Vítimas Feridas,Pleno dia,Crescente,Céu Claro,Simples,Declive;Curva,Não,1333412.0,Caminhão-trator,VW/28.460 METEOR 6X2,2022.0,Passageiro,Ileso,3.0,Masculino,1.0,0.0,0.0,0.0,"-25,315859","-51,196881",SPRF-PR,DEL08-PR,UOP01-DEL08-PR
746683.0,1673889.0,12/11/2025,quarta-feira,07:45:00,PR,277.0,313,PRUDENTOPOLIS,Sim,Manobra de mudança de faixa,2.0,Colisão lateral sentido oposto,Com Vítimas Feridas,Pleno dia,Crescente,Céu Claro,Simples,Declive;Curva,Não,1333412.0,Caminhão-trator,VW/28.460 METEOR 6X2,2022.0,Passageiro,Ileso,5.0,Masculino,1.0,0.0,0.0,0.0,"-25,315859","-51,196881",SPRF-PR,DEL08-PR,UOP01-DEL08-PR
746683.0,1673890.0,12/11/2025,quarta-feira,07:45:00,PR,277.0,313,PRUDENTOPOLIS,Sim,Manobra de mudança de faixa,1.0,Colisão lateral mesmo sentido,Com Vítimas Feridas,Pleno dia,Crescente,Céu Claro,Simples,Declive;Curva,Não,1333412.0,Caminhão-trator,VW/28.460 METEOR 6X2,2022.0,Passageiro,Ileso,3.0,Masculino,1.0,0.0,0.0,0.0,"-25,315859","-51,196881",SPRF-PR,DEL08-PR,UOP01-DEL08-PR
746683.0,1673889.0,12/11/2025,quarta-feira,07:45:00,PR,277.0,313,PRUDENTOPOLIS,Sim,Manobra de mudança de faixa,1.0,Colisão lateral mesmo sentido,Com Vítimas Feridas,Pleno dia,Crescente,Céu Claro,Simples,Declive;Curva,Não,1333412.0,Caminhão-trator,VW/28.460 METEOR 6X2,2022.0,Passageiro,Ileso,5.0,Masculino,1.0,0.0,0.0,0.0,"-25,315859","-51,196881",SPRF-PR,DEL08-PR,UOP01-DEL08-PR
746683.0,1673890.0,12/11/2025,quarta-feira,07:45:00,PR,277.0,313,PRUDENTOPOLIS,Não,Condutor deixou de manter distância do veículo da frente,2.0,Colisão lateral sentido oposto,Com Vítimas Feridas,Pleno dia,Crescente,Céu Claro,Simples,Declive;Curva,Não,1333412.0,Caminhão-trator,VW/28.460 METEOR 6X2,2022.0,Passageiro,Ileso,3.0,Masculino,1.0,0.0,0.0,0.0,"-25,315859","-51,196881",SPRF-PR,DEL08-PR,UOP01-DEL08-PR
746683.0,1673889.0,12/11/2025,quarta-feira,07:45:00,PR,277.0,313,PRUDENTOPOLIS,Não,Condutor deixou de manter distância do veículo da frente,2.0,Colisão lateral sentido oposto,Com Vítimas Feridas,Pleno dia,Crescente,Céu Claro,Simples,Declive;Curva,Não,1333412.0,Caminhão-trator,VW/28.460 METEOR 6X2,2022.0,Passageiro,Ileso,5.0,Masculino,1.0,0.0,0.0,0.0,"-25,315859","-51,196881",SPRF-PR,DEL08-PR,UOP01-DEL08-PR
746683.0,1673890.0,12/11/2025,quarta-feira,07:45:00,PR,277.0,313,PRUDENTOPOLIS,Não,Condutor deixou de manter distância do veículo da frente,1.0,Colisão lateral mesmo sentido,Com Vítimas Feridas,Pleno dia,Crescente,Céu Claro,Simples,Declive;Curva,Não,1333412.0,Caminhão-trator,VW/28.460 METEOR 6X2,2022.0,Passageiro,Ileso,3.0,Masculino,1.0,0.0,0.0,0.0,"-25,315859","-51,196881",SPRF-PR,DEL08-PR,UOP01-DEL08-PR
746683.0,1673889.0,12/11/2025,quarta-feira,07:45:00,PR,277.0,313,PRUDENTOPOLIS,Não,Condutor deixou de manter distância do veículo da frente,1.0,Colisão lateral mesmo sentido,Com Vítimas Feridas,Pleno dia,Crescente,Céu Claro,Simples,Declive;Curva,Não,1333412.0,Caminhão-trator,VW/28.460 METEOR 6X2,2022.0,Passageiro,Ileso,5.0,Masculino,1.0,0.0,0.0,0.0,"-25,315859","-51,196881",SPRF-PR,DEL08-PR,UOP01-DEL08-PR
746683.0,1673890.0,12/11/2025,quarta-feira,07:45:00,PR,277.0,313,PRUDENTOPOLIS,Não,Deficiência do Sistema de Iluminação/Sinalização,2.0,Colisão lateral sentido oposto,Com Vítimas Feridas,Pleno dia,Crescente,Céu Claro,Simples,Declive;Curva,Não,1333412.0,Caminhão-trator,VW/28.460 METEOR 6X2,2022.0,Passageiro,Ileso,3.0,Masculino,1.0,0.0,0.0,0.0,"-25,315859","-51,196881",SPRF-PR,DEL08-PR,UOP01-DEL08-PR
746683.0,1673889.0,12/11/2025,quarta-feira,07:45:00,PR,277.0,313,PRUDENTOPOLIS,Não,Deficiência do Sistema de Iluminação/Sinalização,2.0,Colisão lateral sentido oposto,Com Vítimas Feridas,Pleno dia,Crescente,Céu Claro,Simples,Declive;Curva,Não,1333412.0,Caminhão-trator,VW/28.460 METEOR 6X2,2022.0,Passageiro,Ileso,5.0,Masculino,1.0,0.0,0.0,0.0,"-25,315859","-51,196881",SPRF-PR,DEL08-PR,UOP01-DEL08-PR
746683.0,1673890.0,12/11/2025,quarta-feira,07:45:00,PR,277.0,313,PRUDENTOPOLIS,Não,Deficiência do Sistema de Iluminação/Sinalização,1.0,Colisão lateral mesmo sentido,Com Vítimas Feridas,Pleno dia,Crescente,Céu Claro,Simples,Declive;Curva,Não,1333412.0,Caminhão-trator,VW/28.460 METEOR 6X2,2022.0,Passageiro,Ileso,3.0,Masculino,1.0,0.0,0.0,0.0,"-25,315859","-51,196881",SPRF-PR,DEL08-PR,UOP01-DEL08-PR
746683.0,1673889.0,12/11/2025,quarta-feira,07:45:00,PR,277.0,313,PRUDENTOPOLIS,Não,Deficiência do Sistema de Iluminação/Sinalização,1.0,Colisão lateral mesmo sentido,Com Vítimas Feridas,Pleno dia,Crescente,Céu Claro,Simples,Declive;Curva,Não,1333412.0,Caminhão-trator,VW/28.460 METEOR 6X2,2022.0,Passageiro,Ileso,5.0,Masculino,1.0,0.0,0.0,0.0,"-25,315859","-51,196881",SPRF-PR,DEL08-PR,UOP01-DEL08-PR
,,,,,,,,,,,,,,,,,,,,,,,,"0,123287671",,,,,,,,,,,,